Workbook

Sheet Puntajes
A1: Número | B1: Posición | C1: Nombre | D1: Marcadores | E1: Posiciones | F1: Total | I1: =NOW() -> 46200.607 | M1: 46199 | N1: _Nombre | O1: _Numero | P1: _Puntaje | Q1: _Key | R1: _Rank
A2: =[1]Puntajes!A2 -> 30 | B2: =[1]Puntajes!B2 -> 1 | C2: =[1]Puntajes!C2 -> Luis Peña | D2: =[1]Puntajes!D2 -> 63 | E2: =[1]Puntajes!E2 -> 155 | F2: =[1]Puntajes!F2 -> 218 | N2: =Grupo!A3 -> Alberto | O2: =Participantes!A2 -> 1 | P2: =Grupo!HJ3 -> 48 | Q2: =P2*100-ROW() -> 4798 | R2: =SUMPRODUCT(($Q$2:$Q$50>Q2)*1)+1 -> 26
A3: =[1]Puntajes!A3 -> 34 | B3: =[1]Puntajes!B3 -> 2 | C3: =[1]Puntajes!C3 -> Medica | D3: =[1]Puntajes!D3 -> 59 | E3: =[1]Puntajes!E3 -> 155 | F3: =[1]Puntajes!F3 -> 214 | N3: =Grupo!A4 -> Alexander | O3: =Participantes!A3 -> 2 | P3: =Grupo!HJ4 -> 55 | Q3: =P3*100-ROW() -> 5497 | R3: =SUMPRODUCT(($Q$2:$Q$50>Q3)*1)+1 -> 6
A4: =[1]Puntajes!A4 -> 31 | B4: =[1]Puntajes!B4 -> 3 | C4: =[1]Puntajes!C4 -> Marco R. | D4: =[1]Puntajes!D4 -> 53 | E4: =[1]Puntajes!E4 -> 158 | F4: =[1]Puntajes!F4 -> 211 | I4: =IF(M1=TODAY()-1,"Finalizado",IF(NOW()<M1+L5,"Por iniciar",IF(NOW()<=M1+L5+2/24,"Iniciado","Finalizado"))) -> Finalizado | N4: =Grupo!A5 -> Alfredo 1 | O4: =Participantes!A4 -> 3 | P4: =Grupo!HJ5 -> 52 | Q4: =P4*100-ROW() -> 5196 | R4: =SUMPRODUCT(($Q$2:$Q$50>Q4)*1)+1 -> 12
A5: =[1]Puntajes!A5 -> 3 | B5: =[1]Puntajes!B5 -> 4 | C5: =[1]Puntajes!C5 -> Alfredo 1 | D5: =[1]Puntajes!D5 -> 52 | E5: =[1]Puntajes!E5 -> 157 | F5: =[1]Puntajes!F5 -> 209 | I5: =Partidos!F68 -> Panamá | J5: =Partidos!G68 -> Inglaterra | L5: =Partidos!C68 -> 0.66666667 | N5: =Grupo!A6 -> Alfredo 2 | O5: =Participantes!A5 -> 4 | P5: =Grupo!HJ6 -> 50 | Q5: =P5*100-ROW() -> 4995 | R5: =SUMPRODUCT(($Q$2:$Q$50>Q5)*1)+1 -> 18
A6: =[1]Puntajes!A6 -> 44 | B6: =[1]Puntajes!B6 -> 5 | C6: =[1]Puntajes!C6 -> Quinnie | D6: =[1]Puntajes!D6 -> 57 | E6: =[1]Puntajes!E6 -> 151 | F6: =[1]Puntajes!F6 -> 208 | I6: =IF(Partidos!H68="","",Partidos!H68) | J6: =IF(Partidos!I68="","",Partidos!I68) | N6: =Grupo!A7 -> Aneth | O6: =Participantes!A6 -> 5 | P6: =Grupo!HJ7 -> 52 | Q6: =P6*100-ROW() -> 5194 | R6: =SUMPRODUCT(($Q$2:$Q$50>Q6)*1)+1 -> 13
A7: =[1]Puntajes!A7 -> 38 | B7: =[1]Puntajes!B7 -> 6 | C7: =[1]Puntajes!C7 -> Mily Oliver | D7: =[1]Puntajes!D7 -> 47 | E7: =[1]Puntajes!E7 -> 158 | F7: =[1]Puntajes!F7 -> 205 | N7: =Grupo!A8 -> Antonio | O7: =Participantes!A7 -> 6 | P7: =Grupo!HJ8 -> 39 | Q7: =P7*100-ROW() -> 3893 | R7: =SUMPRODUCT(($Q$2:$Q$50>Q7)*1)+1 -> 45
A8: =[1]Puntajes!A8 -> 2 | B8: =[1]Puntajes!B8 -> 7 | C8: =[1]Puntajes!C8 -> Alexander | D8: =[1]Puntajes!D8 -> 55 | E8: =[1]Puntajes!E8 -> 149 | F8: =[1]Puntajes!F8 -> 204 | I8: =IF(M1=TODAY()-1,"Finalizado",IF(NOW()<M1+L9,"Por iniciar",IF(NOW()<=M1+L9+2/24,"Iniciado","Finalizado"))) -> Finalizado | N8: =Grupo!A9 -> Carlos | O8: =Participantes!A8 -> 7 | P8: =Grupo!HJ9 -> 46 | Q8: =P8*100-ROW() -> 4592 | R8: =SUMPRODUCT(($Q$2:$Q$50>Q8)*1)+1 -> 32
A9: =[1]Puntajes!A9 -> 16 | B9: =[1]Puntajes!B9 -> 7 | C9: =[1]Puntajes!C9 -> Isabel 2 | D9: =[1]Puntajes!D9 -> 53 | E9: =[1]Puntajes!E9 -> 151 | F9: =[1]Puntajes!F9 -> 204 | I9: =Partidos!F69 -> Croacia | J9: =Partidos!G69 -> Ghana | L9: =Partidos!C69 -> 0.66666667 | N9: =Grupo!A10 -> Castillo L. | O9: =Participantes!A9 -> 8 | P9: =Grupo!HJ10 -> 50 | Q9: =P9*100-ROW() -> 4991 | R9: =SUMPRODUCT(($Q$2:$Q$50>Q9)*1)+1 -> 19
A10: =[1]Puntajes!A10 -> 27 | B10: =[1]Puntajes!B10 -> 8 | C10: =[1]Puntajes!C10 -> Kattia 2 | D10: =[1]Puntajes!D10 -> 58 | E10: =[1]Puntajes!E10 -> 145 | F10: =[1]Puntajes!F10 -> 203 | I10: =IF(Partidos!H69="","",Partidos!H69) | J10: =IF(Partidos!I69="","",Partidos!I69) | N10: =Grupo!A11 -> Christofer | O10: =Participantes!A10 -> 9 | P10: =Grupo!HJ11 -> 32 | Q10: =P10*100-ROW() -> 3190 | R10: =SUMPRODUCT(($Q$2:$Q$50>Q10)*1)+1 -> 49
A11: =[1]Puntajes!A11 -> 46 | B11: =[1]Puntajes!B11 -> 8 | C11: =[1]Puntajes!C11 -> Saul | D11: =[1]Puntajes!D11 -> 46 | E11: =[1]Puntajes!E11 -> 157 | F11: =[1]Puntajes!F11 -> 203 | N11: =Grupo!A12 -> Cynthia | O11: =Participantes!A11 -> 10 | P11: =Grupo!HJ12 -> 48 | Q11: =P11*100-ROW() -> 4789 | R11: =SUMPRODUCT(($Q$2:$Q$50>Q11)*1)+1 -> 27
A12: =[1]Puntajes!A12 -> 20 | B12: =[1]Puntajes!B12 -> 9 | C12: =[1]Puntajes!C12 -> Jose C Ahiza | D12: =[1]Puntajes!D12 -> 55 | E12: =[1]Puntajes!E12 -> 144 | F12: =[1]Puntajes!F12 -> 199 | I12: =IF(M1=TODAY()-1,"Finalizado",IF(NOW()<M1+L13,"Por iniciar",IF(NOW()<=M1+L13+2/24,"Iniciado","Finalizado"))) -> Finalizado | N12: =Grupo!A13 -> Edward | O12: =Participantes!A12 -> 11 | P12: =Grupo!HJ13 -> 57 | Q12: =P12*100-ROW() -> 5688 | R12: =SUMPRODUCT(($Q$2:$Q$50>Q12)*1)+1 -> 4
A13: =[1]Puntajes!A13 -> 35 | B13: =[1]Puntajes!B13 -> 9 | C13: =[1]Puntajes!C13 -> Milagros | D13: =[1]Puntajes!D13 -> 55 | E13: =[1]Puntajes!E13 -> 144 | F13: =[1]Puntajes!F13 -> 199 | I13: =Partidos!F72 -> Colombia | J13: =Partidos!G72 -> Portugal | L13: =Partidos!C72 -> 0.77083333 | N13: =Grupo!A14 -> Espinosa L. | O13: =Participantes!A13 -> 12 | P13: =Grupo!HJ14 -> 36 | Q13: =P13*100-ROW() -> 3587 | R13: =SUMPRODUCT(($Q$2:$Q$50>Q13)*1)+1 -> 47
A14: =[1]Puntajes!A14 -> 45 | B14: =[1]Puntajes!B14 -> 9 | C14: =[1]Puntajes!C14 -> Radames | D14: =[1]Puntajes!D14 -> 44 | E14: =[1]Puntajes!E14 -> 155 | F14: =[1]Puntajes!F14 -> 199 | I14: =IF(Partidos!H72="","",Partidos!H72) | J14: =IF(Partidos!I72="","",Partidos!I72) | N14: =Grupo!A15 -> Freddy | O14: =Participantes!A14 -> 13 | P14: =Grupo!HJ15 -> 42 | Q14: =P14*100-ROW() -> 4186 | R14: =SUMPRODUCT(($Q$2:$Q$50>Q14)*1)+1 -> 41
A15: =[1]Puntajes!A15 -> 4 | B15: =[1]Puntajes!B15 -> 10 | C15: =[1]Puntajes!C15 -> Alfredo 2 | D15: =[1]Puntajes!D15 -> 50 | E15: =[1]Puntajes!E15 -> 148 | F15: =[1]Puntajes!F15 -> 198 | N15: =Grupo!A16 -> Isabel 1 | O15: =Participantes!A15 -> 15 | P15: =Grupo!HJ16 -> 43 | Q15: =P15*100-ROW() -> 4285 | R15: =SUMPRODUCT(($Q$2:$Q$50>Q15)*1)+1 -> 39
A16: =[1]Puntajes!A16 -> 1 | B16: =[1]Puntajes!B16 -> 11 | C16: =[1]Puntajes!C16 -> Alberto | D16: =[1]Puntajes!D16 -> 48 | E16: =[1]Puntajes!E16 -> 149 | F16: =[1]Puntajes!F16 -> 197 | I16: =IF(M1=TODAY()-1,"Finalizado",IF(NOW()<M1+L17,"Por iniciar",IF(NOW()<=M1+L17+2/24,"Iniciado","Finalizado"))) -> Finalizado | N16: =Grupo!A17 -> Isabel 2 | O16: =Participantes!A16 -> 16 | P16: =Grupo!HJ17 -> 53 | Q16: =P16*100-ROW() -> 5284 | R16: =SUMPRODUCT(($Q$2:$Q$50>Q16)*1)+1 -> 9
A17: =[1]Puntajes!A17 -> 49 | B17: =[1]Puntajes!B17 -> 12 | C17: =[1]Puntajes!C17 -> Waldo | D17: =[1]Puntajes!D17 -> 43 | E17: =[1]Puntajes!E17 -> 153 | F17: =[1]Puntajes!F17 -> 196 | I17: =Partidos!F73 -> RD Congo | J17: =Partidos!G73 -> Uzbekistán | L17: =Partidos!C73 -> 0.77083333 | N17: =Grupo!A18 -> Javier | O17: =Participantes!A17 -> 17 | P17: =Grupo!HJ18 -> 48 | Q17: =P17*100-ROW() -> 4783 | R17: =SUMPRODUCT(($Q$2:$Q$50>Q17)*1)+1 -> 28
A18: =[1]Puntajes!A18 -> 18 | B18: =[1]Puntajes!B18 -> 13 | C18: =[1]Puntajes!C18 -> Jose C 1 | D18: =[1]Puntajes!D18 -> 46 | E18: =[1]Puntajes!E18 -> 149 | F18: =[1]Puntajes!F18 -> 195 | I18: =IF(Partidos!H73="","",Partidos!H73) | J18: =IF(Partidos!I73="","",Partidos!I73) | N18: =Grupo!A19 -> Jose C 1 | O18: =Participantes!A18 -> 18 | P18: =Grupo!HJ19 -> 46 | Q18: =P18*100-ROW() -> 4582 | R18: =SUMPRODUCT(($Q$2:$Q$50>Q18)*1)+1 -> 33
A19: =[1]Puntajes!A19 -> 26 | B19: =[1]Puntajes!B19 -> 14 | C19: =[1]Puntajes!C19 -> Kattia 1 | D19: =[1]Puntajes!D19 -> 49 | E19: =[1]Puntajes!E19 -> 145 | F19: =[1]Puntajes!F19 -> 194 | N19: =Grupo!A20 -> Jose C 2 | O19: =Participantes!A19 -> 19 | P19: =Grupo!HJ20 -> 52 | Q19: =P19*100-ROW() -> 5181 | R19: =SUMPRODUCT(($Q$2:$Q$50>Q19)*1)+1 -> 14
A20: =[1]Puntajes!A20 -> 39 | B20: =[1]Puntajes!B20 -> 15 | C20: =[1]Puntajes!C20 -> Mily Zeynneth | D20: =[1]Puntajes!D20 -> 50 | E20: =[1]Puntajes!E20 -> 143 | F20: =[1]Puntajes!F20 -> 193 | I20: =IF(M1=TODAY()-1,"Finalizado",IF(NOW()<M1+L21,"Por iniciar",IF(NOW()<=M1+L21+2/24,"Iniciado","Finalizado"))) -> Finalizado | N20: =Grupo!A21 -> Jose C Ahiza | O20: =Participantes!A20 -> 20 | P20: =Grupo!HJ21 -> 55 | Q20: =P20*100-ROW() -> 5480 | R20: =SUMPRODUCT(($Q$2:$Q$50>Q20)*1)+1 -> 7
A21: =[1]Puntajes!A21 -> 8 | B21: =[1]Puntajes!B21 -> 16 | C21: =[1]Puntajes!C21 -> Castillo L. | D21: =[1]Puntajes!D21 -> 50 | E21: =[1]Puntajes!E21 -> 140 | F21: =[1]Puntajes!F21 -> 190 | I21: =Partidos!F70 -> Argelia | J21: =Partidos!G70 -> Austria | L21: =Partidos!C70 -> 0.875 | N21: =Grupo!A22 -> Jose C Ana | O21: =Participantes!A21 -> 21 | P21: =Grupo!HJ22 -> 47 | Q21: =P21*100-ROW() -> 4679 | R21: =SUMPRODUCT(($Q$2:$Q$50>Q21)*1)+1 -> 29
A22: =[1]Puntajes!A22 -> 37 | B22: =[1]Puntajes!B22 -> 17 | C22: =[1]Puntajes!C22 -> Mily CF 2 | D22: =[1]Puntajes!D22 -> 41 | E22: =[1]Puntajes!E22 -> 147 | F22: =[1]Puntajes!F22 -> 188 | I22: =IF(Partidos!H70="","",Partidos!H70) | J22: =IF(Partidos!I70="","",Partidos!I70) | N22: =Grupo!A23 -> Jose C Judith | O22: =Participantes!A22 -> 22 | P22: =Grupo!HJ23 -> 53 | Q22: =P22*100-ROW() -> 5278 | R22: =SUMPRODUCT(($Q$2:$Q$50>Q22)*1)+1 -> 10
A23: =[1]Puntajes!A23 -> 47 | B23: =[1]Puntajes!B23 -> 17 | C23: =[1]Puntajes!C23 -> Silvia | D23: =[1]Puntajes!D23 -> 49 | E23: =[1]Puntajes!E23 -> 139 | F23: =[1]Puntajes!F23 -> 188 | N23: =Grupo!A24 -> José de León | O23: =Participantes!A23 -> 23 | P23: =Grupo!HJ24 -> 45 | Q23: =P23*100-ROW() -> 4477 | R23: =SUMPRODUCT(($Q$2:$Q$50>Q23)*1)+1 -> 35
A24: =[1]Puntajes!A24 -> 19 | B24: =[1]Puntajes!B24 -> 18 | C24: =[1]Puntajes!C24 -> Jose C 2 | D24: =[1]Puntajes!D24 -> 52 | E24: =[1]Puntajes!E24 -> 135 | F24: =[1]Puntajes!F24 -> 187 | I24: =IF(M1=TODAY()-1,"Finalizado",IF(NOW()<M1+L25,"Por iniciar",IF(NOW()<=M1+L25+2/24,"Iniciado","Finalizado"))) -> Finalizado | N24: =Grupo!A25 -> Jovanna | O24: =Participantes!A24 -> 24 | P24: =Grupo!HJ25 -> 44 | Q24: =P24*100-ROW() -> 4376 | R24: =SUMPRODUCT(($Q$2:$Q$50>Q24)*1)+1 -> 37
A25: =[1]Puntajes!A25 -> 24 | B25: =[1]Puntajes!B25 -> 18 | C25: =[1]Puntajes!C25 -> Jovanna | D25: =[1]Puntajes!D25 -> 44 | E25: =[1]Puntajes!E25 -> 143 | F25: =[1]Puntajes!F25 -> 187 | I25: =Partidos!F71 -> Jordania | J25: =Partidos!G71 -> Argentina | L25: =Partidos!C71 -> 0.875 | N25: =Grupo!A26 -> Karina | O25: =Participantes!A25 -> 25 | P25: =Grupo!HJ26 -> 47 | Q25: =P25*100-ROW() -> 4675 | R25: =SUMPRODUCT(($Q$2:$Q$50>Q25)*1)+1 -> 30
A26: =[1]Puntajes!A26 -> 7 | B26: =[1]Puntajes!B26 -> 19 | C26: =[1]Puntajes!C26 -> Carlos | D26: =[1]Puntajes!D26 -> 46 | E26: =[1]Puntajes!E26 -> 140 | F26: =[1]Puntajes!F26 -> 186 | I26: =IF(Partidos!H71="","",Partidos!H71) | J26: =IF(Partidos!I71="","",Partidos!I71) | N26: =Grupo!A27 -> Kattia 1 | O26: =Participantes!A26 -> 26 | P26: =Grupo!HJ27 -> 49 | Q26: =P26*100-ROW() -> 4874 | R26: =SUMPRODUCT(($Q$2:$Q$50>Q26)*1)+1 -> 23
A27: =[1]Puntajes!A27 -> 11 | B27: =[1]Puntajes!B27 -> 20 | C27: =[1]Puntajes!C27 -> Edward | D27: =[1]Puntajes!D27 -> 57 | E27: =[1]Puntajes!E27 -> 128 | F27: =[1]Puntajes!F27 -> 185 | N27: =Grupo!A28 -> Kattia 2 | O27: =Participantes!A27 -> 27 | P27: =Grupo!HJ28 -> 58 | Q27: =P27*100-ROW() -> 5773 | R27: =SUMPRODUCT(($Q$2:$Q$50>Q27)*1)+1 -> 3
A28: =[1]Puntajes!A28 -> 43 | B28: =[1]Puntajes!B28 -> 20 | C28: =[1]Puntajes!C28 -> Peter | D28: =[1]Puntajes!D28 -> 52 | E28: =[1]Puntajes!E28 -> 133 | F28: =[1]Puntajes!F28 -> 185 | N28: =Grupo!A29 -> Kevin | O28: =Participantes!A28 -> 28 | P28: =Grupo!HJ29 -> 50 | Q28: =P28*100-ROW() -> 4972 | R28: =SUMPRODUCT(($Q$2:$Q$50>Q28)*1)+1 -> 20
A29: =[1]Puntajes!A29 -> 10 | B29: =[1]Puntajes!B29 -> 21 | C29: =[1]Puntajes!C29 -> Cynthia | D29: =[1]Puntajes!D29 -> 48 | E29: =[1]Puntajes!E29 -> 135 | F29: =[1]Puntajes!F29 -> 183 | N29: =Grupo!A30 -> Lizka | O29: =Participantes!A29 -> 29 | P29: =Grupo!HJ30 -> 35 | Q29: =P29*100-ROW() -> 3471 | R29: =SUMPRODUCT(($Q$2:$Q$50>Q29)*1)+1 -> 48
A30: =[1]Puntajes!A30 -> 22 | B30: =[1]Puntajes!B30 -> 21 | C30: =[1]Puntajes!C30 -> Jose C Judith | D30: =[1]Puntajes!D30 -> 53 | E30: =[1]Puntajes!E30 -> 130 | F30: =[1]Puntajes!F30 -> 183 | N30: =Grupo!A31 -> Luis Peña | O30: =Participantes!A30 -> 30 | P30: =Grupo!HJ31 -> 63 | Q30: =P30*100-ROW() -> 6270 | R30: =SUMPRODUCT(($Q$2:$Q$50>Q30)*1)+1 -> 1
A31: =[1]Puntajes!A31 -> 28 | B31: =[1]Puntajes!B31 -> 22 | C31: =[1]Puntajes!C31 -> Kevin | D31: =[1]Puntajes!D31 -> 50 | E31: =[1]Puntajes!E31 -> 132 | F31: =[1]Puntajes!F31 -> 182 | N31: =Grupo!A32 -> Marco R. | O31: =Participantes!A31 -> 31 | P31: =Grupo!HJ32 -> 53 | Q31: =P31*100-ROW() -> 5269 | R31: =SUMPRODUCT(($Q$2:$Q$50>Q31)*1)+1 -> 11
A32: =[1]Puntajes!A32 -> 41 | B32: =[1]Puntajes!B32 -> 23 | C32: =[1]Puntajes!C32 -> Ninoshka | D32: =[1]Puntajes!D32 -> 42 | E32: =[1]Puntajes!E32 -> 139 | F32: =[1]Puntajes!F32 -> 181 | N32: =Grupo!A33 -> Maricela | O32: =Participantes!A32 -> 32 | P32: =Grupo!HJ33 -> 39 | Q32: =P32*100-ROW() -> 3868 | R32: =SUMPRODUCT(($Q$2:$Q$50>Q32)*1)+1 -> 46
A33: =[1]Puntajes!A33 -> 42 | B33: =[1]Puntajes!B33 -> 23 | C33: =[1]Puntajes!C33 -> Osvaldo | D33: =[1]Puntajes!D33 -> 51 | E33: =[1]Puntajes!E33 -> 130 | F33: =[1]Puntajes!F33 -> 181 | N33: =Grupo!A34 -> Marilyn | O33: =Participantes!A33 -> 33 | P33: =Grupo!HJ34 -> 49 | Q33: =P33*100-ROW() -> 4867 | R33: =SUMPRODUCT(($Q$2:$Q$50>Q33)*1)+1 -> 24
A34: =[1]Puntajes!A34 -> 5 | B34: =[1]Puntajes!B34 -> 24 | C34: =[1]Puntajes!C34 -> Aneth | D34: =[1]Puntajes!D34 -> 52 | E34: =[1]Puntajes!E34 -> 127 | F34: =[1]Puntajes!F34 -> 179 | N34: =Grupo!A35 -> Medica | O34: =Participantes!A34 -> 34 | P34: =Grupo!HJ35 -> 59 | Q34: =P34*100-ROW() -> 5866 | R34: =SUMPRODUCT(($Q$2:$Q$50>Q34)*1)+1 -> 2
A35: =[1]Puntajes!A35 -> 25 | B35: =[1]Puntajes!B35 -> 24 | C35: =[1]Puntajes!C35 -> Karina | D35: =[1]Puntajes!D35 -> 47 | E35: =[1]Puntajes!E35 -> 132 | F35: =[1]Puntajes!F35 -> 179 | N35: =Grupo!A36 -> Milagros | O35: =Participantes!A35 -> 35 | P35: =Grupo!HJ36 -> 55 | Q35: =P35*100-ROW() -> 5465 | R35: =SUMPRODUCT(($Q$2:$Q$50>Q35)*1)+1 -> 8
A36: =[1]Puntajes!A36 -> 14 | B36: =[1]Puntajes!B36 -> 25 | C36: =[1]Puntajes!C36 -> Mily Frida | D36: =[1]Puntajes!D36 -> 52 | E36: =[1]Puntajes!E36 -> 126 | F36: =[1]Puntajes!F36 -> 178 | N36: =Grupo!A37 -> Mily CF 1 | O36: =Participantes!A36 -> 36 | P36: =Grupo!HJ37 -> 50 | Q36: =P36*100-ROW() -> 4964 | R36: =SUMPRODUCT(($Q$2:$Q$50>Q36)*1)+1 -> 21
A37: =[1]Puntajes!A37 -> 23 | B37: =[1]Puntajes!B37 -> 26 | C37: =[1]Puntajes!C37 -> José de León | D37: =[1]Puntajes!D37 -> 45 | E37: =[1]Puntajes!E37 -> 132 | F37: =[1]Puntajes!F37 -> 177 | N37: =Grupo!A38 -> Mily CF 2 | O37: =Participantes!A37 -> 37 | P37: =Grupo!HJ38 -> 41 | Q37: =P37*100-ROW() -> 4063 | R37: =SUMPRODUCT(($Q$2:$Q$50>Q37)*1)+1 -> 43
A38: =[1]Puntajes!A38 -> 48 | B38: =[1]Puntajes!B38 -> 26 | C38: =[1]Puntajes!C38 -> Walder | D38: =[1]Puntajes!D38 -> 45 | E38: =[1]Puntajes!E38 -> 132 | F38: =[1]Puntajes!F38 -> 177 | N38: =Grupo!A39 -> Mily Frida | O38: =Participantes!A38 -> 14 | P38: =Grupo!HJ39 -> 52 | Q38: =P38*100-ROW() -> 5162 | R38: =SUMPRODUCT(($Q$2:$Q$50>Q38)*1)+1 -> 15
... A50: =[1]Puntajes!A50 -> 9 | B50: =[1]Puntajes!B50 -> 34 | C50: =[1]Puntajes!C50 -> Christofer | D50: =[1]Puntajes!D50 -> 32 | E50: =[1]Puntajes!E50 -> 112 | F50: =[1]Puntajes!F50 -> 144 | N50: =Grupo!A51 -> Waldo | O50: =Participantes!A50 -> 49 | P50: =Grupo!HJ51 -> 43 | Q50: =P50*100-ROW() -> 4250 | R50: =SUMPRODUCT(($Q$2:$Q$50>Q50)*1)+1 -> 40

Sheet Puntaje Anterior
A1: Número | B1: Posición | C1: Nombre | D1: Marcadores | E1: Posiciones | F1: Total | I1: 46200.008 | M1: 46199
A2: 30 | B2: 1 | C2: Luis Peña | D2: 63 | E2: 155 | F2: 218
A3: 34 | B3: 2 | C3: Medica | D3: 59 | E3: 155 | F3: 214
A4: 31 | B4: 3 | C4: Marco R. | D4: 53 | E4: 158 | F4: 211 | I4: Finalizado
A5: 3 | B5: 4 | C5: Alfredo 1 | D5: 52 | E5: 157 | F5: 209 | I5: Noruega | J5: Francia | L5: 0.58333333
A6: 44 | B6: 5 | C6: Quinnie | D6: 57 | E6: 151 | F6: 208 | I6: 1 | J6: 4
A7: 38 | B7: 6 | C7: Mily Oliver | D7: 47 | E7: 158 | F7: 205
A8: 2 | B8: 7 | C8: Alexander | D8: 55 | E8: 149 | F8: 204 | I8: Finalizado
A9: 16 | B9: 7 | C9: Isabel 2 | D9: 53 | E9: 151 | F9: 204 | I9: Senegal | J9: Irak | L9: 0.58333333
A10: 27 | B10: 8 | C10: Kattia 2 | D10: 58 | E10: 145 | F10: 203 | I10: 5 | J10: 0
A11: 46 | B11: 8 | C11: Saul | D11: 46 | E11: 157 | F11: 203
A12: 20 | B12: 9 | C12: Jose C Ahiza | D12: 55 | E12: 144 | F12: 199 | I12: Finalizado
A13: 35 | B13: 9 | C13: Milagros | D13: 55 | E13: 144 | F13: 199 | I13: Cabo Verde | J13: Arabia | L13: 0.79166667
A14: 45 | B14: 9 | C14: Radames | D14: 44 | E14: 155 | F14: 199 | I14: 0 | J14: 0
A15: 4 | B15: 10 | C15: Alfredo 2 | D15: 50 | E15: 148 | F15: 198
A16: 1 | B16: 11 | C16: Alberto | D16: 48 | E16: 149 | F16: 197 | I16: Finalizado
A17: 49 | B17: 12 | C17: Waldo | D17: 43 | E17: 153 | F17: 196 | I17: Uruguay | J17: España | L17: 0.79166667
A18: 18 | B18: 13 | C18: Jose C 1 | D18: 46 | E18: 149 | F18: 195 | I18: 0 | J18: 1
A19: 26 | B19: 14 | C19: Kattia 1 | D19: 49 | E19: 145 | F19: 194
A20: 39 | B20: 15 | C20: Mily Zeynneth | D20: 50 | E20: 143 | F20: 193 | I20: Finalizado
A21: 8 | B21: 16 | C21: Castillo L. | D21: 50 | E21: 140 | F21: 190 | I21: Egipto | J21: Irán | L21: 0.91666667
A22: 37 | B22: 17 | C22: Mily CF 2 | D22: 41 | E22: 147 | F22: 188 | I22: 1 | J22: 1
A23: 47 | B23: 17 | C23: Silvia | D23: 49 | E23: 139 | F23: 188
A24: 19 | B24: 18 | C24: Jose C 2 | D24: 52 | E24: 135 | F24: 187 | I24: Finalizado
A25: 24 | B25: 18 | C25: Jovanna | D25: 44 | E25: 143 | F25: 187 | I25: Nueva Zelanda | J25: Bélgica | L25: 0.91666667
A26: 7 | B26: 19 | C26: Carlos | D26: 46 | E26: 140 | F26: 186 | I26: 1 | J26: 5
A27: 11 | B27: 20 | C27: Edward | D27: 57 | E27: 128 | F27: 185
A28: 43 | B28: 20 | C28: Peter | D28: 52 | E28: 133 | F28: 185
A29: 10 | B29: 21 | C29: Cynthia | D29: 48 | E29: 135 | F29: 183
A30: 22 | B30: 21 | C30: Jose C Judith | D30: 53 | E30: 130 | F30: 183
A31: 28 | B31: 22 | C31: Kevin | D31: 50 | E31: 132 | F31: 182
A32: 41 | B32: 23 | C32: Ninoshka | D32: 42 | E32: 139 | F32: 181
A33: 42 | B33: 23 | C33: Osvaldo | D33: 51 | E33: 130 | F33: 181
A34: 5 | B34: 24 | C34: Aneth | D34: 52 | E34: 127 | F34: 179
A35: 25 | B35: 24 | C35: Karina | D35: 47 | E35: 132 | F35: 179
A36: 14 | B36: 25 | C36: Mily Frida | D36: 52 | E36: 126 | F36: 178
A37: 23 | B37: 26 | C37: José de León | D37: 45 | E37: 132 | F37: 177
A38: 48 | B38: 26 | C38: Walder | D38: 45 | E38: 132 | F38: 177
... A50: 9 | B50: 34 | C50: Christofer | D50: 32 | E50: 112 | F50: 144

Sheet ClaGrupo
A1: Grupos | B1: A | I1: B | P1: C | W1: D | AD1: E | AK1: F | AR1: G | AY1: H | BF1: I | BM1: J | BT1: K | CA1: L
A2: Posición | B2: 1° | C2: P | D2: 2° | E2: P | F2: 3° | G2: P | H2: T | I2: 1° | J2: P | K2: 2° | L2: P | M2: 3° | N2: P | O2: T | P2: 1° | Q2: P | R2: 2° | S2: P | T2: 3° | U2: P | V2: T | W2: 1° | X2: P | Y2: 2° | Z2: P | AA2: 3° | AB2: P | AC2: T | AD2: 1° | AE2: P | AF2: 2° | AG2: P | AH2: 3° | AI2: P | AJ2: T | AK2: 1° | AL2: P | AM2: 2° | AN2: P | AO2: 3° | AP2: P | AQ2: T | AR2: 1° | AS2: P | AT2: 2° | AU2: P | AV2: 3° | AW2: P | AX2: T | AY2: 1° | AZ2: P | BA2: 2° | BB2: P | BC2: 3° | BD2: P | BE2: T | BF2: 1° | BG2: P | BH2: 2° | BI2: P | BJ2: 3° | BK2: P | BL2: T | BM2: 1° | BN2: P | BO2: 2° | BP2: P | BQ2: 3° | BR2: P | BS2: T | BT2: 1° | BU2: P | BV2: 2° | BW2: P | BX2: 3° | BY2: P | BZ2: T | CA2: 1° | CB2: P | CC2: 2° | CD2: P | CE2: 3° | CF2: P | CG2: T | CH2: Total
A3: Equipos | B3: =[1]Posiciones!$D2 -> México | D3: =[1]Posiciones!$D3 -> Sudáfrica | F3: =IF(AND([1]Posiciones!$D4=[1]Mejores_Terceros!$C2,[1]Mejores_Terceros!$I2="Sí"),[1]Mejores_Terceros!$C2,"") -> Corea República | I3: =[1]Posiciones!$D6 -> Suiza | K3: =[1]Posiciones!$D7 -> Canadá | M3: =IF(AND([1]Posiciones!$D8=[1]Mejores_Terceros!$C3,[1]Mejores_Terceros!$I3="Sí"),[1]Mejores_Terceros!$C3,"") -> Bosnia y Herzegovina | P3: =[1]Posiciones!$D10 -> Brasil | R3: =[1]Posiciones!$D11 -> Marruecos | T3: =IF(AND([1]Posiciones!$D12=[1]Mejores_Terceros!$C4,[1]Mejores_Terceros!$I4="Sí"),[1]Mejores_Terceros!$C4,"") | W3: =[1]Posiciones!$D14 -> Estados Unidos | Y3: =[1]Posiciones!$D15 -> Australia | AA3: =IF(AND([1]Posiciones!$D16=[1]Mejores_Terceros!$C5,[1]Mejores_Terceros!$I5="Sí"),[1]Mejores_Terceros!$C5,"") -> Paraguay | AD3: =[1]Posiciones!$D18 -> Alemania | AF3: =[1]Posiciones!$D19 -> Costa de Marfil | AH3: =IF(AND([1]Posiciones!$D20=[1]Mejores_Terceros!$C6,[1]Mejores_Terceros!$I6="Sí"),[1]Mejores_Terceros!$C6,"") -> Ecuador | AK3: =[1]Posiciones!$D22 -> Países Bajos | AM3: =[1]Posiciones!$D23 -> Japón | AO3: =IF(AND([1]Posiciones!$D24=[1]Mejores_Terceros!$C7,[1]Mejores_Terceros!$I7="Sí"),[1]Mejores_Terceros!$C7,"") -> Suecia | AR3: =[1]Posiciones!$D26 -> Bélgica | AT3: =[1]Posiciones!$D27 -> Egipto | AV3: =IF(AND([1]Posiciones!$D28=[1]Mejores_Terceros!$C8,[1]Mejores_Terceros!$I8="Sí"),[1]Mejores_Terceros!$C8,"") -> Irán | AY3: =[1]Posiciones!$D30 -> España | BA3: =[1]Posiciones!$D31 -> Cabo Verde | BC3: =IF(AND([1]Posiciones!$D32=[1]Mejores_Terceros!$C9,[1]Mejores_Terceros!$I9="Sí"),[1]Mejores_Terceros!$C9,"") | BF3: =[1]Posiciones!$D34 -> Francia | BH3: =[1]Posiciones!$D35 -> Noruega | BJ3: =IF(AND([1]Posiciones!$D36=[1]Mejores_Terceros!$C10,[1]Mejores_Terceros!$I10="Sí"),[1]Mejores_Terceros!$C10,"") -> Senegal | BM3: =[1]Posiciones!$D38 -> Argentina | BO3: =[1]Posiciones!$D39 -> Austria | BQ3: =IF(AND([1]Posiciones!$D40=[1]Mejores_Terceros!$C11,[1]Mejores_Terceros!$I11="Sí"),[1]Mejores_Terceros!$C11,"") | BT3: =[1]Posiciones!$D42 -> Colombia | BV3: =[1]Posiciones!$D43 -> Portugal | BX3: =IF(AND([1]Posiciones!$D44=[1]Mejores_Terceros!$C12,[1]Mejores_Terceros!$I12="Sí"),[1]Mejores_Terceros!$C12,"") | CA3: =[1]Posiciones!$D46 -> Inglaterra | CC3: =[1]Posiciones!$D47 -> Ghana | CE3: =IF(AND([1]Posiciones!$D48=[1]Mejores_Terceros!$C13,[1]Mejores_Terceros!$I13="Sí"),[1]Mejores_Terceros!$C13,"") -> Croacia
A4: =[1]Participantes!B2 -> Alberto | B4: =IF($A4="","",INDEX([1]Clasif_Pron!$E:$E,((ROW()-4)*12+2))) -> México | C4: =IF($A4="","",INDEX([1]Clasif_Pron!$K:$K,((ROW()-4)*12+2))) -> 7 | D4: =IF($A4="","",INDEX([1]Clasif_Pron!$G:$G,((ROW()-4)*12+2))) -> Corea República | E4: =IF($A4="","",INDEX([1]Clasif_Pron!$L:$L,((ROW()-4)*12+2))) -> 3 | F4: =IF($A4="","",INDEX([1]Clasif_Pron!$I:$I,((ROW()-4)*12+2))) -> Sudáfrica | G4: =IF($A4="","",INDEX([1]Clasif_Pron!$M:$M,((ROW()-4)*12+2))) -> 3 | H4: =IF($A4="","",INDEX([1]Clasif_Pron!$N:$N,((ROW()-4)*12+2))) -> 13 | I4: =IF($A4="","",INDEX([1]Clasif_Pron!$E:$E,((ROW()-4)*12+3))) -> Suiza | J4: =IF($A4="","",INDEX([1]Clasif_Pron!$K:$K,((ROW()-4)*12+3))) -> 7 | K4: =IF($A4="","",INDEX([1]Clasif_Pron!$G:$G,((ROW()-4)*12+3))) -> Canadá | L4: =IF($A4="","",INDEX([1]Clasif_Pron!$L:$L,((ROW()-4)*12+3))) -> 6 | M4: =IF($A4="","",INDEX([1]Clasif_Pron!$I:$I,((ROW()-4)*12+3))) -> Bosnia y Herzegovina | N4: =IF($A4="","",INDEX([1]Clasif_Pron!$M:$M,((ROW()-4)*12+3))) -> 5 | O4: =IF($A4="","",INDEX([1]Clasif_Pron!$N:$N,((ROW()-4)*12+3))) -> 18 | P4: =IF($A4="","",INDEX([1]Clasif_Pron!$E:$E,((ROW()-4)*12+4))) -> Marruecos | Q4: =IF($A4="","",INDEX([1]Clasif_Pron!$K:$K,((ROW()-4)*12+4))) -> 3 | R4: =IF($A4="","",INDEX([1]Clasif_Pron!$G:$G,((ROW()-4)*12+4))) -> Brasil | S4: =IF($A4="","",INDEX([1]Clasif_Pron!$L:$L,((ROW()-4)*12+4))) -> 3 | T4: =IF($A4="","",INDEX([1]Clasif_Pron!$I:$I,((ROW()-4)*12+4))) -> Escocia | U4: =IF($A4="","",INDEX([1]Clasif_Pron!$M:$M,((ROW()-4)*12+4))) -> 0 | V4: =IF($A4="","",INDEX([1]Clasif_Pron!$N:$N,((ROW()-4)*12+4))) -> 6 | W4: =IF($A4="","",INDEX([1]Clasif_Pron!$E:$E,((ROW()-4)*12+5))) -> Paraguay | X4: =IF($A4="","",INDEX([1]Clasif_Pron!$K:$K,((ROW()-4)*12+5))) -> 3 | Y4: =IF($A4="","",INDEX([1]Clasif_Pron!$G:$G,((ROW()-4)*12+5))) -> Türkiye | Z4: =IF($A4="","",INDEX([1]Clasif_Pron!$L:$L,((ROW()-4)*12+5))) -> 0 | AA4: =IF($A4="","",INDEX([1]Clasif_Pron!$I:$I,((ROW()-4)*12+5))) -> Estados Unidos | AB4: =IF($A4="","",INDEX([1]Clasif_Pron!$M:$M,((ROW()-4)*12+5))) -> 3 | AC4: =IF($A4="","",INDEX([1]Clasif_Pron!$N:$N,((ROW()-4)*12+5))) -> 6 | AD4: =IF($A4="","",INDEX([1]Clasif_Pron!$E:$E,((ROW()-4)*12+6))) -> Alemania | AE4: =IF($A4="","",INDEX([1]Clasif_Pron!$K:$K,((ROW()-4)*12+6))) -> 7 | AF4: =IF($A4="","",INDEX([1]Clasif_Pron!$G:$G,((ROW()-4)*12+6))) -> Ecuador | AG4: =IF($A4="","",INDEX([1]Clasif_Pron!$L:$L,((ROW()-4)*12+6))) -> 3 | AH4: =IF($A4="","",INDEX([1]Clasif_Pron!$I:$I,((ROW()-4)*12+6))) -> Costa de Marfil | AI4: =IF($A4="","",INDEX([1]Clasif_Pron!$M:$M,((ROW()-4)*12+6))) -> 3 | AJ4: =IF($A4="","",INDEX([1]Clasif_Pron!$N:$N,((ROW()-4)*12+6))) -> 13 | AK4: =IF($A4="","",INDEX([1]Clasif_Pron!$E:$E,((ROW()-4)*12+7))) -> Países Bajos | AL4: =IF($A4="","",INDEX([1]Clasif_Pron!$K:$K,((ROW()-4)*12+7))) -> 7 | AM4: =IF($A4="","",INDEX([1]Clasif_Pron!$G:$G,((ROW()-4)*12+7))) -> Japón | AN4: =IF($A4="","",INDEX([1]Clasif_Pron!$L:$L,((ROW()-4)*12+7))) -> 6 | AO4: =IF($A4="","",INDEX([1]Clasif_Pron!$I:$I,((ROW()-4)*12+7))) -> Suecia | AP4: =IF($A4="","",INDEX([1]Clasif_Pron!$M:$M,((ROW()-4)*12+7))) -> 5 | AQ4: =IF($A4="","",INDEX([1]Clasif_Pron!$N:$N,((ROW()-4)*12+7))) -> 18 | AR4: =IF($A4="","",INDEX([1]Clasif_Pron!$E:$E,((ROW()-4)*12+8))) -> Bélgica | AS4: =IF($A4="","",INDEX([1]Clasif_Pron!$K:$K,((ROW()-4)*12+8))) -> 7 | AT4: =IF($A4="","",INDEX([1]Clasif_Pron!$G:$G,((ROW()-4)*12+8))) -> Egipto | AU4: =IF($A4="","",INDEX([1]Clasif_Pron!$L:$L,((ROW()-4)*12+8))) -> 6 | AV4: =IF($A4="","",INDEX([1]Clasif_Pron!$I:$I,((ROW()-4)*12+8))) -> Irán | AW4: =IF($A4="","",INDEX([1]Clasif_Pron!$M:$M,((ROW()-4)*12+8))) -> 5 | AX4: =IF($A4="","",INDEX([1]Clasif_Pron!$N:$N,((ROW()-4)*12+8))) -> 18 | AY4: =IF($A4="","",INDEX([1]Clasif_Pron!$E:$E,((ROW()-4)*12+9))) -> España | AZ4: =IF($A4="","",INDEX([1]Clasif_Pron!$K:$K,((ROW()-4)*12+9))) -> 7 | BA4: =IF($A4="","",INDEX([1]Clasif_Pron!$G:$G,((ROW()-4)*12+9))) -> Uruguay | BB4: =IF($A4="","",INDEX([1]Clasif_Pron!$L:$L,((ROW()-4)*12+9))) -> 0 | BC4: =IF($A4="","",INDEX([1]Clasif_Pron!$I:$I,((ROW()-4)*12+9))) -> Arabia Saudita | BD4: =IF($A4="","",INDEX([1]Clasif_Pron!$M:$M,((ROW()-4)*12+9))) -> 0 | BE4: =IF($A4="","",INDEX([1]Clasif_Pron!$N:$N,((ROW()-4)*12+9))) -> 7 | BF4: =IF($A4="","",INDEX([1]Clasif_Pron!$E:$E,((ROW()-4)*12+10))) -> Francia | BG4: =IF($A4="","",INDEX([1]Clasif_Pron!$K:$K,((ROW()-4)*12+10))) -> 7 | BH4: =IF($A4="","",INDEX([1]Clasif_Pron!$G:$G,((ROW()-4)*12+10))) -> Noruega | BI4: =IF($A4="","",INDEX([1]Clasif_Pron!$L:$L,((ROW()-4)*12+10))) -> 6 | BJ4: =IF($A4="","",INDEX([1]Clasif_Pron!$I:$I,((ROW()-4)*12+10))) -> Senegal | BK4: =IF($A4="","",INDEX([1]Clasif_Pron!$M:$M,((ROW()-4)*12+10))) -> 5 | BL4: =IF($A4="","",INDEX([1]Clasif_Pron!$N:$N,((ROW()-4)*12+10))) -> 18 | BM4: =IF($A4="","",INDEX([1]Clasif_Pron!$E:$E,((ROW()-4)*12+11))) -> Argentina | BN4: =IF($A4="","",INDEX([1]Clasif_Pron!$K:$K,((ROW()-4)*12+11))) -> 7 | BO4: =IF($A4="","",INDEX([1]Clasif_Pron!$G:$G,((ROW()-4)*12+11))) -> Austria | BP4: =IF($A4="","",INDEX([1]Clasif_Pron!$L:$L,((ROW()-4)*12+11))) -> 6 | BQ4: =IF($A4="","",INDEX([1]Clasif_Pron!$I:$I,((ROW()-4)*12+11))) -> Argelia | BR4: =IF($A4="","",INDEX([1]Clasif_Pron!$M:$M,((ROW()-4)*12+11))) -> 0 | BS4: =IF($A4="","",INDEX([1]Clasif_Pron!$N:$N,((ROW()-4)*12+11))) -> 13 | BT4: =IF($A4="","",INDEX([1]Clasif_Pron!$E:$E,((ROW()-4)*12+12))) -> Portugal | BU4: =IF($A4="","",INDEX([1]Clasif_Pron!$K:$K,((ROW()-4)*12+12))) -> 3 | BV4: =IF($A4="","",INDEX([1]Clasif_Pron!$G:$G,((ROW()-4)*12+12))) -> Colombia | BW4: =IF($A4="","",INDEX([1]Clasif_Pron!$L:$L,((ROW()-4)*12+12))) -> 3 | BX4: =IF($A4="","",INDEX([1]Clasif_Pron!$I:$I,((ROW()-4)*12+12))) -> RD Congo | BY4: =IF($A4="","",INDEX([1]Clasif_Pron!$M:$M,((ROW()-4)*12+12))) -> 0 | BZ4: =IF($A4="","",INDEX([1]Clasif_Pron!$N:$N,((ROW()-4)*12+12))) -> 6 | CA4: =IF($A4="","",INDEX([1]Clasif_Pron!$E:$E,((ROW()-4)*12+13))) -> Inglaterra | CB4: =IF($A4="","",INDEX([1]Clasif_Pron!$K:$K,((ROW()-4)*12+13))) -> 7 | CC4: =IF($A4="","",INDEX([1]Clasif_Pron!$G:$G,((ROW()-4)*12+13))) -> Croacia | CD4: =IF($A4="","",INDEX([1]Clasif_Pron!$L:$L,((ROW()-4)*12+13))) -> 3 | CE4: =IF($A4="","",INDEX([1]Clasif_Pron!$I:$I,((ROW()-4)*12+13))) -> Ghana | CF4: =IF($A4="","",INDEX([1]Clasif_Pron!$M:$M,((ROW()-4)*12+13))) -> 3 | CG4: =IF($A4="","",INDEX([1]Clasif_Pron!$N:$N,((ROW()-4)*12+13))) -> 13 | CH4: =IF($A4="","",SUM(H4,O4,V4,AC4,AJ4,AQ4,AX4,BE4,BL4,BS4,BZ4,CG4)) -> 149
A5: =[1]Participantes!B3 -> Alexander | B5: =IF($A5="","",INDEX([1]Clasif_Pron!$E:$E,((ROW()-4)*12+2))) -> México | C5: =IF($A5="","",INDEX([1]Clasif_Pron!$K:$K,((ROW()-4)*12+2))) -> 7 | D5: =IF($A5="","",INDEX([1]Clasif_Pron!$G:$G,((ROW()-4)*12+2))) -> Corea República | E5: =IF($A5="","",INDEX([1]Clasif_Pron!$L:$L,((ROW()-4)*12+2))) -> 3 | F5: =IF($A5="","",INDEX([1]Clasif_Pron!$I:$I,((ROW()-4)*12+2))) -> Chequia | G5: =IF($A5="","",INDEX([1]Clasif_Pron!$M:$M,((ROW()-4)*12+2))) -> 0 | H5: =IF($A5="","",INDEX([1]Clasif_Pron!$N:$N,((ROW()-4)*12+2))) -> 10 | I5: =IF($A5="","",INDEX([1]Clasif_Pron!$E:$E,((ROW()-4)*12+3))) -> Canadá | J5: =IF($A5="","",INDEX([1]Clasif_Pron!$K:$K,((ROW()-4)*12+3))) -> 3 | K5: =IF($A5="","",INDEX([1]Clasif_Pron!$G:$G,((ROW()-4)*12+3))) -> Bosnia y Herzegovina | L5: =IF($A5="","",INDEX([1]Clasif_Pron!$L:$L,((ROW()-4)*12+3))) -> 3 | M5: =IF($A5="","",INDEX([1]Clasif_Pron!$I:$I,((ROW()-4)*12+3))) -> Suiza | N5: =IF($A5="","",INDEX([1]Clasif_Pron!$M:$M,((ROW()-4)*12+3))) -> 3 | O5: =IF($A5="","",INDEX([1]Clasif_Pron!$N:$N,((ROW()-4)*12+3))) -> 9 | P5: =IF($A5="","",INDEX([1]Clasif_Pron!$E:$E,((ROW()-4)*12+4))) -> Brasil | Q5: =IF($A5="","",INDEX([1]Clasif_Pron!$K:$K,((ROW()-4)*12+4))) -> 7 | R5: =IF($A5="","",INDEX([1]Clasif_Pron!$G:$G,((ROW()-4)*12+4))) -> Marruecos | S5: =IF($A5="","",INDEX([1]Clasif_Pron!$L:$L,((ROW()-4)*12+4))) -> 6 | T5: =IF($A5="","",INDEX([1]Clasif_Pron!$I:$I,((ROW()-4)*12+4))) -> Escocia | U5: =IF($A5="","",INDEX([1]Clasif_Pron!$M:$M,((ROW()-4)*12+4))) -> 0 | V5: =IF($A5="","",INDEX([1]Clasif_Pron!$N:$N,((ROW()-4)*12+4))) -> 13 | W5: =IF($A5="","",INDEX([1]Clasif_Pron!$E:$E,((ROW()-4)*12+5))) -> Estados Unidos | X5: =IF($A5="","",INDEX([1]Clasif_Pron!$K:$K,((ROW()-4)*12+5))) -> 7 | Y5: =IF($A5="","",INDEX([1]Clasif_Pron!$G:$G,((ROW()-4)*12+5))) -> Paraguay | Z5: =IF($A5="","",INDEX([1]Clasif_Pron!$L:$L,((ROW()-4)*12+5))) -> 3 | AA5: =IF($A5="","",INDEX([1]Clasif_Pron!$I:$I,((ROW()-4)*12+5))) -> Türkiye | AB5: =IF($A5="","",INDEX([1]Clasif_Pron!$M:$M,((ROW()-4)*12+5))) -> 0 | AC5: =IF($A5="","",INDEX([1]Clasif_Pron!$N:$N,((ROW()-4)*12+5))) -> 10 | AD5: =IF($A5="","",INDEX([1]Clasif_Pron!$E:$E,((ROW()-4)*12+6))) -> Alemania | AE5: =IF($A5="","",INDEX([1]Clasif_Pron!$K:$K,((ROW()-4)*12+6))) -> 7 | AF5: =IF($A5="","",INDEX([1]Clasif_Pron!$G:$G,((ROW()-4)*12+6))) -> Costa de Marfil | AG5: =IF($A5="","",INDEX([1]Clasif_Pron!$L:$L,((ROW()-4)*12+6))) -> 6 | AH5: =IF($A5="","",INDEX([1]Clasif_Pron!$I:$I,((ROW()-4)*12+6))) -> Ecuador | AI5: =IF($A5="","",INDEX([1]Clasif_Pron!$M:$M,((ROW()-4)*12+6))) -> 5 | AJ5: =IF($A5="","",INDEX([1]Clasif_Pron!$N:$N,((ROW()-4)*12+6))) -> 18 | AK5: =IF($A5="","",INDEX([1]Clasif_Pron!$E:$E,((ROW()-4)*12+7))) -> Países Bajos | AL5: =IF($A5="","",INDEX([1]Clasif_Pron!$K:$K,((ROW()-4)*12+7))) -> 7 | AM5: =IF($A5="","",INDEX([1]Clasif_Pron!$G:$G,((ROW()-4)*12+7))) -> Japón | AN5: =IF($A5="","",INDEX([1]Clasif_Pron!$L:$L,((ROW()-4)*12+7))) -> 6 | AO5: =IF($A5="","",INDEX([1]Clasif_Pron!$I:$I,((ROW()-4)*12+7))) -> Suecia | AP5: =IF($A5="","",INDEX([1]Clasif_Pron!$M:$M,((ROW()-4)*12+7))) -> 5 | AQ5: =IF($A5="","",INDEX([1]Clasif_Pron!$N:$N,((ROW()-4)*12+7))) -> 18 | AR5: =IF($A5="","",INDEX([1]Clasif_Pron!$E:$E,((ROW()-4)*12+8))) -> Bélgica | AS5: =IF($A5="","",INDEX([1]Clasif_Pron!$K:$K,((ROW()-4)*12+8))) -> 7 | AT5: =IF($A5="","",INDEX([1]Clasif_Pron!$G:$G,((ROW()-4)*12+8))) -> Egipto | AU5: =IF($A5="","",INDEX([1]Clasif_Pron!$L:$L,((ROW()-4)*12+8))) -> 6 | AV5: =IF($A5="","",INDEX([1]Clasif_Pron!$I:$I,((ROW()-4)*12+8))) -> Irán | AW5: =IF($A5="","",INDEX([1]Clasif_Pron!$M:$M,((ROW()-4)*12+8))) -> 5 | AX5: =IF($A5="","",INDEX([1]Clasif_Pron!$N:$N,((ROW()-4)*12+8))) -> 18 | AY5: =IF($A5="","",INDEX([1]Clasif_Pron!$E:$E,((ROW()-4)*12+9))) -> España | AZ5: =IF($A5="","",INDEX([1]Clasif_Pron!$K:$K,((ROW()-4)*12+9))) -> 7 | BA5: =IF($A5="","",INDEX([1]Clasif_Pron!$G:$G,((ROW()-4)*12+9))) -> Uruguay | BB5: =IF($A5="","",INDEX([1]Clasif_Pron!$L:$L,((ROW()-4)*12+9))) -> 0 | BC5: =IF($A5="","",INDEX([1]Clasif_Pron!$I:$I,((ROW()-4)*12+9))) -> Arabia Saudita | BD5: =IF($A5="","",INDEX([1]Clasif_Pron!$M:$M,((ROW()-4)*12+9))) -> 0 | BE5: =IF($A5="","",INDEX([1]Clasif_Pron!$N:$N,((ROW()-4)*12+9))) -> 7 | BF5: =IF($A5="","",INDEX([1]Clasif_Pron!$E:$E,((ROW()-4)*12+10))) -> Francia | BG5: =IF($A5="","",INDEX([1]Clasif_Pron!$K:$K,((ROW()-4)*12+10))) -> 7 | BH5: =IF($A5="","",INDEX([1]Clasif_Pron!$G:$G,((ROW()-4)*12+10))) -> Senegal | BI5: =IF($A5="","",INDEX([1]Clasif_Pron!$L:$L,((ROW()-4)*12+10))) -> 3 | BJ5: =IF($A5="","",INDEX([1]Clasif_Pron!$I:$I,((ROW()-4)*12+10))) -> Noruega | BK5: =IF($A5="","",INDEX([1]Clasif_Pron!$M:$M,((ROW()-4)*12+10))) -> 3 | BL5: =IF($A5="","",INDEX([1]Clasif_Pron!$N:$N,((ROW()-4)*12+10))) -> 13 | BM5: =IF($A5="","",INDEX([1]Clasif_Pron!$E:$E,((ROW()-4)*12+11))) -> Argentina | BN5: =IF($A5="","",INDEX([1]Clasif_Pron!$K:$K,((ROW()-4)*12+11))) -> 7 | BO5: =IF($A5="","",INDEX([1]Clasif_Pron!$G:$G,((ROW()-4)*12+11))) -> Argelia | BP5: =IF($A5="","",INDEX([1]Clasif_Pron!$L:$L,((ROW()-4)*12+11))) -> 0 | BQ5: =IF($A5="","",INDEX([1]Clasif_Pron!$I:$I,((ROW()-4)*12+11))) -> Austria | BR5: =IF($A5="","",INDEX([1]Clasif_Pron!$M:$M,((ROW()-4)*12+11))) -> 3 | BS5: =IF($A5="","",INDEX([1]Clasif_Pron!$N:$N,((ROW()-4)*12+11))) -> 10 | BT5: =IF($A5="","",INDEX([1]Clasif_Pron!$E:$E,((ROW()-4)*12+12))) -> Colombia | BU5: =IF($A5="","",INDEX([1]Clasif_Pron!$K:$K,((ROW()-4)*12+12))) -> 7 | BV5: =IF($A5="","",INDEX([1]Clasif_Pron!$G:$G,((ROW()-4)*12+12))) -> Portugal | BW5: =IF($A5="","",INDEX([1]Clasif_Pron!$L:$L,((ROW()-4)*12+12))) -> 6 | BX5: =IF($A5="","",INDEX([1]Clasif_Pron!$I:$I,((ROW()-4)*12+12))) -> RD Congo | BY5: =IF($A5="","",INDEX([1]Clasif_Pron!$M:$M,((ROW()-4)*12+12))) -> 0 | BZ5: =IF($A5="","",INDEX([1]Clasif_Pron!$N:$N,((ROW()-4)*12+12))) -> 13 | CA5: =IF($A5="","",INDEX([1]Clasif_Pron!$E:$E,((ROW()-4)*12+13))) -> Inglaterra | CB5: =IF($A5="","",INDEX([1]Clasif_Pron!$K:$K,((ROW()-4)*12+13))) -> 7 | CC5: =IF($A5="","",INDEX([1]Clasif_Pron!$G:$G,((ROW()-4)*12+13))) -> Croacia | CD5: =IF($A5="","",INDEX([1]Clasif_Pron!$L:$L,((ROW()-4)*12+13))) -> 3 | CE5: =IF($A5="","",INDEX([1]Clasif_Pron!$I:$I,((ROW()-4)*12+13))) -> Panamá | CF5: =IF($A5="","",INDEX([1]Clasif_Pron!$M:$M,((ROW()-4)*12+13))) -> 0 | CG5: =IF($A5="","",INDEX([1]Clasif_Pron!$N:$N,((ROW()-4)*12+13))) -> 10 | CH5: =IF($A5="","",SUM(H5,O5,V5,AC5,AJ5,AQ5,AX5,BE5,BL5,BS5,BZ5,CG5)) -> 149
A6: =[1]Participantes!B4 -> Alfredo 1 | B6: =IF($A6="","",INDEX([1]Clasif_Pron!$E:$E,((ROW()-4)*12+2))) -> México | C6: =IF($A6="","",INDEX([1]Clasif_Pron!$K:$K,((ROW()-4)*12+2))) -> 7 | D6: =IF($A6="","",INDEX([1]Clasif_Pron!$G:$G,((ROW()-4)*12+2))) -> Chequia | E6: =IF($A6="","",INDEX([1]Clasif_Pron!$L:$L,((ROW()-4)*12+2))) -> 0 | F6: =IF($A6="","",INDEX([1]Clasif_Pron!$I:$I,((ROW()-4)*12+2))) -> Corea República | G6: =IF($A6="","",INDEX([1]Clasif_Pron!$M:$M,((ROW()-4)*12+2))) -> 5 | H6: =IF($A6="","",INDEX([1]Clasif_Pron!$N:$N,((ROW()-4)*12+2))) -> 12 | I6: =IF($A6="","",INDEX([1]Clasif_Pron!$E:$E,((ROW()-4)*12+3))) -> Suiza | J6: =IF($A6="","",INDEX([1]Clasif_Pron!$K:$K,((ROW()-4)*12+3))) -> 7 | K6: =IF($A6="","",INDEX([1]Clasif_Pron!$G:$G,((ROW()-4)*12+3))) -> Canadá | L6: =IF($A6="","",INDEX([1]Clasif_Pron!$L:$L,((ROW()-4)*12+3))) -> 6 | M6: =IF($A6="","",INDEX([1]Clasif_Pron!$I:$I,((ROW()-4)*12+3))) -> Bosnia y Herzegovina | N6: =IF($A6="","",INDEX([1]Clasif_Pron!$M:$M,((ROW()-4)*12+3))) -> 5 | O6: =IF($A6="","",INDEX([1]Clasif_Pron!$N:$N,((ROW()-4)*12+3))) -> 18 | P6: =IF($A6="","",INDEX([1]Clasif_Pron!$E:$E,((ROW()-4)*12+4))) -> Brasil | Q6: =IF($A6="","",INDEX([1]Clasif_Pron!$K:$K,((ROW()-4)*12+4))) -> 7 | R6: =IF($A6="","",INDEX([1]Clasif_Pron!$G:$G,((ROW()-4)*12+4))) -> Marruecos | S6: =IF($A6="","",INDEX([1]Clasif_Pron!$L:$L,((ROW()-4)*12+4))) -> 6 | T6: =IF($A6="","",INDEX([1]Clasif_Pron!$I:$I,((ROW()-4)*12+4))) -> Escocia | U6: =IF($A6="","",INDEX([1]Clasif_Pron!$M:$M,((ROW()-4)*12+4))) -> 0 | V6: =IF($A6="","",INDEX([1]Clasif_Pron!$N:$N,((ROW()-4)*12+4))) -> 13 | W6: =IF($A6="","",INDEX([1]Clasif_Pron!$E:$E,((ROW()-4)*12+5))) -> Türkiye | X6: =IF($A6="","",INDEX([1]Clasif_Pron!$K:$K,((ROW()-4)*12+5))) -> 0 | Y6: =IF($A6="","",INDEX([1]Clasif_Pron!$G:$G,((ROW()-4)*12+5))) -> Estados Unidos | Z6: =IF($A6="","",INDEX([1]Clasif_Pron!$L:$L,((ROW()-4)*12+5))) -> 3 | AA6: =IF($A6="","",INDEX([1]Clasif_Pron!$I:$I,((ROW()-4)*12+5))) -> Paraguay | AB6: =IF($A6="","",INDEX([1]Clasif_Pron!$M:$M,((ROW()-4)*12+5))) -> 5 | AC6: =IF($A6="","",INDEX([1]Clasif_Pron!$N:$N,((ROW()-4)*12+5))) -> 8 | AD6: =IF($A6="","",INDEX([1]Clasif_Pron!$E:$E,((ROW()-4)*12+6))) -> Alemania | AE6: =IF($A6="","",INDEX([1]Clasif_Pron!$K:$K,((ROW()-4)*12+6))) -> 7 | AF6: =IF($A6="","",INDEX([1]Clasif_Pron!$G:$G,((ROW()-4)*12+6))) -> Ecuador | AG6: =IF($A6="","",INDEX([1]Clasif_Pron!$L:$L,((ROW()-4)*12+6))) -> 3 | AH6: =IF($A6="","",INDEX([1]Clasif_Pron!$I:$I,((ROW()-4)*12+6))) -> Costa de Marfil | AI6: =IF($A6="","",INDEX([1]Clasif_Pron!$M:$M,((ROW()-4)*12+6))) -> 3 | AJ6: =IF($A6="","",INDEX([1]Clasif_Pron!$N:$N,((ROW()-4)*12+6))) -> 13 | AK6: =IF($A6="","",INDEX([1]Clasif_Pron!$E:$E,((ROW()-4)*12+7))) -> Países Bajos | AL6: =IF($A6="","",INDEX([1]Clasif_Pron!$K:$K,((ROW()-4)*12+7))) -> 7 | AM6: =IF($A6="","",INDEX([1]Clasif_Pron!$G:$G,((ROW()-4)*12+7))) -> Japón | AN6: =IF($A6="","",INDEX([1]Clasif_Pron!$L:$L,((ROW()-4)*12+7))) -> 6 | AO6: =IF($A6="","",INDEX([1]Clasif_Pron!$I:$I,((ROW()-4)*12+7))) -> Suecia | AP6: =IF($A6="","",INDEX([1]Clasif_Pron!$M:$M,((ROW()-4)*12+7))) -> 5 | AQ6: =IF($A6="","",INDEX([1]Clasif_Pron!$N:$N,((ROW()-4)*12+7))) -> 18 | AR6: =IF($A6="","",INDEX([1]Clasif_Pron!$E:$E,((ROW()-4)*12+8))) -> Bélgica | AS6: =IF($A6="","",INDEX([1]Clasif_Pron!$K:$K,((ROW()-4)*12+8))) -> 7 | AT6: =IF($A6="","",INDEX([1]Clasif_Pron!$G:$G,((ROW()-4)*12+8))) -> Egipto | AU6: =IF($A6="","",INDEX([1]Clasif_Pron!$L:$L,((ROW()-4)*12+8))) -> 6 | AV6: =IF($A6="","",INDEX([1]Clasif_Pron!$I:$I,((ROW()-4)*12+8))) -> Irán | AW6: =IF($A6="","",INDEX([1]Clasif_Pron!$M:$M,((ROW()-4)*12+8))) -> 5 | AX6: =IF($A6="","",INDEX([1]Clasif_Pron!$N:$N,((ROW()-4)*12+8))) -> 18 | AY6: =IF($A6="","",INDEX([1]Clasif_Pron!$E:$E,((ROW()-4)*12+9))) -> España | AZ6: =IF($A6="","",INDEX([1]Clasif_Pron!$K:$K,((ROW()-4)*12+9))) -> 7 | BA6: =IF($A6="","",INDEX([1]Clasif_Pron!$G:$G,((ROW()-4)*12+9))) -> Uruguay | BB6: =IF($A6="","",INDEX([1]Clasif_Pron!$L:$L,((ROW()-4)*12+9))) -> 0 | BC6: =IF($A6="","",INDEX([1]Clasif_Pron!$I:$I,((ROW()-4)*12+9))) -> Arabia Saudita | BD6: =IF($A6="","",INDEX([1]Clasif_Pron!$M:$M,((ROW()-4)*12+9))) -> 0 | BE6: =IF($A6="","",INDEX([1]Clasif_Pron!$N:$N,((ROW()-4)*12+9))) -> 7 | BF6: =IF($A6="","",INDEX([1]Clasif_Pron!$E:$E,((ROW()-4)*12+10))) -> Francia | BG6: =IF($A6="","",INDEX([1]Clasif_Pron!$K:$K,((ROW()-4)*12+10))) -> 7 | BH6: =IF($A6="","",INDEX([1]Clasif_Pron!$G:$G,((ROW()-4)*12+10))) -> Noruega | BI6: =IF($A6="","",INDEX([1]Clasif_Pron!$L:$L,((ROW()-4)*12+10))) -> 6 | BJ6: =IF($A6="","",INDEX([1]Clasif_Pron!$I:$I,((ROW()-4)*12+10))) -> Senegal | BK6: =IF($A6="","",INDEX([1]Clasif_Pron!$M:$M,((ROW()-4)*12+10))) -> 5 | BL6: =IF($A6="","",INDEX([1]Clasif_Pron!$N:$N,((ROW()-4)*12+10))) -> 18 | BM6: =IF($A6="","",INDEX([1]Clasif_Pron!$E:$E,((ROW()-4)*12+11))) -> Argentina | BN6: =IF($A6="","",INDEX([1]Clasif_Pron!$K:$K,((ROW()-4)*12+11))) -> 7 | BO6: =IF($A6="","",INDEX([1]Clasif_Pron!$G:$G,((ROW()-4)*12+11))) -> Austria | BP6: =IF($A6="","",INDEX([1]Clasif_Pron!$L:$L,((ROW()-4)*12+11))) -> 6 | BQ6: =IF($A6="","",INDEX([1]Clasif_Pron!$I:$I,((ROW()-4)*12+11))) -> Argelia | BR6: =IF($A6="","",INDEX([1]Clasif_Pron!$M:$M,((ROW()-4)*12+11))) -> 0 | BS6: =IF($A6="","",INDEX([1]Clasif_Pron!$N:$N,((ROW()-4)*12+11))) -> 13 | BT6: =IF($A6="","",INDEX([1]Clasif_Pron!$E:$E,((ROW()-4)*12+12))) -> Portugal | BU6: =IF($A6="","",INDEX([1]Clasif_Pron!$K:$K,((ROW()-4)*12+12))) -> 3 | BV6: =IF($A6="","",INDEX([1]Clasif_Pron!$G:$G,((ROW()-4)*12+12))) -> Colombia | BW6: =IF($A6="","",INDEX([1]Clasif_Pron!$L:$L,((ROW()-4)*12+12))) -> 3 | BX6: =IF($A6="","",INDEX([1]Clasif_Pron!$I:$I,((ROW()-4)*12+12))) -> RD Congo | BY6: =IF($A6="","",INDEX([1]Clasif_Pron!$M:$M,((ROW()-4)*12+12))) -> 0 | BZ6: =IF($A6="","",INDEX([1]Clasif_Pron!$N:$N,((ROW()-4)*12+12))) -> 6 | CA6: =IF($A6="","",INDEX([1]Clasif_Pron!$E:$E,((ROW()-4)*12+13))) -> Inglaterra | CB6: =IF($A6="","",INDEX([1]Clasif_Pron!$K:$K,((ROW()-4)*12+13))) -> 7 | CC6: =IF($A6="","",INDEX([1]Clasif_Pron!$G:$G,((ROW()-4)*12+13))) -> Croacia | CD6: =IF($A6="","",INDEX([1]Clasif_Pron!$L:$L,((ROW()-4)*12+13))) -> 3 | CE6: =IF($A6="","",INDEX([1]Clasif_Pron!$I:$I,((ROW()-4)*12+13))) -> Ghana | CF6: =IF($A6="","",INDEX([1]Clasif_Pron!$M:$M,((ROW()-4)*12+13))) -> 3 | CG6: =IF($A6="","",INDEX([1]Clasif_Pron!$N:$N,((ROW()-4)*12+13))) -> 13 | CH6: =IF($A6="","",SUM(H6,O6,V6,AC6,AJ6,AQ6,AX6,BE6,BL6,BS6,BZ6,CG6)) -> 157
A7: =[1]Participantes!B5 -> Alfredo 2 | B7: =IF($A7="","",INDEX([1]Clasif_Pron!$E:$E,((ROW()-4)*12+2))) -> México | C7: =IF($A7="","",INDEX([1]Clasif_Pron!$K:$K,((ROW()-4)*12+2))) -> 7 | D7: =IF($A7="","",INDEX([1]Clasif_Pron!$G:$G,((ROW()-4)*12+2))) -> Chequia | E7: =IF($A7="","",INDEX([1]Clasif_Pron!$L:$L,((ROW()-4)*12+2))) -> 0 | F7: =IF($A7="","",INDEX([1]Clasif_Pron!$I:$I,((ROW()-4)*12+2))) -> Corea República | G7: =IF($A7="","",INDEX([1]Clasif_Pron!$M:$M,((ROW()-4)*12+2))) -> 5 | H7: =IF($A7="","",INDEX([1]Clasif_Pron!$N:$N,((ROW()-4)*12+2))) -> 12 | I7: =IF($A7="","",INDEX([1]Clasif_Pron!$E:$E,((ROW()-4)*12+3))) -> Canadá | J7: =IF($A7="","",INDEX([1]Clasif_Pron!$K:$K,((ROW()-4)*12+3))) -> 3 | K7: =IF($A7="","",INDEX([1]Clasif_Pron!$G:$G,((ROW()-4)*12+3))) -> Suiza | L7: =IF($A7="","",INDEX([1]Clasif_Pron!$L:$L,((ROW()-4)*12+3))) -> 3 | M7: =IF($A7="","",INDEX([1]Clasif_Pron!$I:$I,((ROW()-4)*12+3))) -> Bosnia y Herzegovina | N7: =IF($A7="","",INDEX([1]Clasif_Pron!$M:$M,((ROW()-4)*12+3))) -> 5 | O7: =IF($A7="","",INDEX([1]Clasif_Pron!$N:$N,((ROW()-4)*12+3))) -> 11 | P7: =IF($A7="","",INDEX([1]Clasif_Pron!$E:$E,((ROW()-4)*12+4))) -> Brasil | Q7: =IF($A7="","",INDEX([1]Clasif_Pron!$K:$K,((ROW()-4)*12+4))) -> 7 | R7: =IF($A7="","",INDEX([1]Clasif_Pron!$G:$G,((ROW()-4)*12+4))) -> Marruecos | S7: =IF($A7="","",INDEX([1]Clasif_Pron!$L:$L,((ROW()-4)*12+4))) -> 6 | T7: =IF($A7="","",INDEX([1]Clasif_Pron!$I:$I,((ROW()-4)*12+4))) -> Escocia | U7: =IF($A7="","",INDEX([1]Clasif_Pron!$M:$M,((ROW()-4)*12+4))) -> 0 | V7: =IF($A7="","",INDEX([1]Clasif_Pron!$N:$N,((ROW()-4)*12+4))) -> 13 | W7: =IF($A7="","",INDEX([1]Clasif_Pron!$E:$E,((ROW()-4)*12+5))) -> Estados Unidos | X7: =IF($A7="","",INDEX([1]Clasif_Pron!$K:$K,((ROW()-4)*12+5))) -> 7 | Y7: =IF($A7="","",INDEX([1]Clasif_Pron!$G:$G,((ROW()-4)*12+5))) -> Türkiye | Z7: =IF($A7="","",INDEX([1]Clasif_Pron!$L:$L,((ROW()-4)*12+5))) -> 0 | AA7: =IF($A7="","",INDEX([1]Clasif_Pron!$I:$I,((ROW()-4)*12+5))) -> Paraguay | AB7: =IF($A7="","",INDEX([1]Clasif_Pron!$M:$M,((ROW()-4)*12+5))) -> 5 | AC7: =IF($A7="","",INDEX([1]Clasif_Pron!$N:$N,((ROW()-4)*12+5))) -> 12 | AD7: =IF($A7="","",INDEX([1]Clasif_Pron!$E:$E,((ROW()-4)*12+6))) -> Alemania | AE7: =IF($A7="","",INDEX([1]Clasif_Pron!$K:$K,((ROW()-4)*12+6))) -> 7 | AF7: =IF($A7="","",INDEX([1]Clasif_Pron!$G:$G,((ROW()-4)*12+6))) -> Ecuador | AG7: =IF($A7="","",INDEX([1]Clasif_Pron!$L:$L,((ROW()-4)*12+6))) -> 3 | AH7: =IF($A7="","",INDEX([1]Clasif_Pron!$I:$I,((ROW()-4)*12+6))) -> Costa de Marfil | AI7: =IF($A7="","",INDEX([1]Clasif_Pron!$M:$M,((ROW()-4)*12+6))) -> 3 | AJ7: =IF($A7="","",INDEX([1]Clasif_Pron!$N:$N,((ROW()-4)*12+6))) -> 13 | AK7: =IF($A7="","",INDEX([1]Clasif_Pron!$E:$E,((ROW()-4)*12+7))) -> Japón | AL7: =IF($A7="","",INDEX([1]Clasif_Pron!$K:$K,((ROW()-4)*12+7))) -> 3 | AM7: =IF($A7="","",INDEX([1]Clasif_Pron!$G:$G,((ROW()-4)*12+7))) -> Países Bajos | AN7: =IF($A7="","",INDEX([1]Clasif_Pron!$L:$L,((ROW()-4)*12+7))) -> 3 | AO7: =IF($A7="","",INDEX([1]Clasif_Pron!$I:$I,((ROW()-4)*12+7))) -> Suecia | AP7: =IF($A7="","",INDEX([1]Clasif_Pron!$M:$M,((ROW()-4)*12+7))) -> 5 | AQ7: =IF($A7="","",INDEX([1]Clasif_Pron!$N:$N,((ROW()-4)*12+7))) -> 11 | AR7: =IF($A7="","",INDEX([1]Clasif_Pron!$E:$E,((ROW()-4)*12+8))) -> Bélgica | AS7: =IF($A7="","",INDEX([1]Clasif_Pron!$K:$K,((ROW()-4)*12+8))) -> 7 | AT7: =IF($A7="","",INDEX([1]Clasif_Pron!$G:$G,((ROW()-4)*12+8))) -> Egipto | AU7: =IF($A7="","",INDEX([1]Clasif_Pron!$L:$L,((ROW()-4)*12+8))) -> 6 | AV7: =IF($A7="","",INDEX([1]Clasif_Pron!$I:$I,((ROW()-4)*12+8))) -> Irán | AW7: =IF($A7="","",INDEX([1]Clasif_Pron!$M:$M,((ROW()-4)*12+8))) -> 5 | AX7: =IF($A7="","",INDEX([1]Clasif_Pron!$N:$N,((ROW()-4)*12+8))) -> 18 | AY7: =IF($A7="","",INDEX([1]Clasif_Pron!$E:$E,((ROW()-4)*12+9))) -> España | AZ7: =IF($A7="","",INDEX([1]Clasif_Pron!$K:$K,((ROW()-4)*12+9))) -> 7 | BA7: =IF($A7="","",INDEX([1]Clasif_Pron!$G:$G,((ROW()-4)*12+9))) -> Arabia Saudita | BB7: =IF($A7="","",INDEX([1]Clasif_Pron!$L:$L,((ROW()-4)*12+9))) -> 0 | BC7: =IF($A7="","",INDEX([1]Clasif_Pron!$I:$I,((ROW()-4)*12+9))) -> Uruguay | BD7: =IF($A7="","",INDEX([1]Clasif_Pron!$M:$M,((ROW()-4)*12+9))) -> 0 | BE7: =IF($A7="","",INDEX([1]Clasif_Pron!$N:$N,((ROW()-4)*12+9))) -> 7 | BF7: =IF($A7="","",INDEX([1]Clasif_Pron!$E:$E,((ROW()-4)*12+10))) -> Francia | BG7: =IF($A7="","",INDEX([1]Clasif_Pron!$K:$K,((ROW()-4)*12+10))) -> 7 | BH7: =IF($A7="","",INDEX([1]Clasif_Pron!$G:$G,((ROW()-4)*12+10))) -> Noruega | BI7: =IF($A7="","",INDEX([1]Clasif_Pron!$L:$L,((ROW()-4)*12+10))) -> 6 | BJ7: =IF($A7="","",INDEX([1]Clasif_Pron!$I:$I,((ROW()-4)*12+10))) -> Senegal | BK7: =IF($A7="","",INDEX([1]Clasif_Pron!$M:$M,((ROW()-4)*12+10))) -> 5 | BL7: =IF($A7="","",INDEX([1]Clasif_Pron!$N:$N,((ROW()-4)*12+10))) -> 18 | BM7: =IF($A7="","",INDEX([1]Clasif_Pron!$E:$E,((ROW()-4)*12+11))) -> Argentina | BN7: =IF($A7="","",INDEX([1]Clasif_Pron!$K:$K,((ROW()-4)*12+11))) -> 7 | BO7: =IF($A7="","",INDEX([1]Clasif_Pron!$G:$G,((ROW()-4)*12+11))) -> Argelia | BP7: =IF($A7="","",INDEX([1]Clasif_Pron!$L:$L,((ROW()-4)*12+11))) -> 0 | BQ7: =IF($A7="","",INDEX([1]Clasif_Pron!$I:$I,((ROW()-4)*12+11))) -> Austria | BR7: =IF($A7="","",INDEX([1]Clasif_Pron!$M:$M,((ROW()-4)*12+11))) -> 3 | BS7: =IF($A7="","",INDEX([1]Clasif_Pron!$N:$N,((ROW()-4)*12+11))) -> 10 | BT7: =IF($A7="","",INDEX([1]Clasif_Pron!$E:$E,((ROW()-4)*12+12))) -> Colombia | BU7: =IF($A7="","",INDEX([1]Clasif_Pron!$K:$K,((ROW()-4)*12+12))) -> 7 | BV7: =IF($A7="","",INDEX([1]Clasif_Pron!$G:$G,((ROW()-4)*12+12))) -> Portugal | BW7: =IF($A7="","",INDEX([1]Clasif_Pron!$L:$L,((ROW()-4)*12+12))) -> 6 | BX7: =IF($A7="","",INDEX([1]Clasif_Pron!$I:$I,((ROW()-4)*12+12))) -> RD Congo | BY7: =IF($A7="","",INDEX([1]Clasif_Pron!$M:$M,((ROW()-4)*12+12))) -> 0 | BZ7: =IF($A7="","",INDEX([1]Clasif_Pron!$N:$N,((ROW()-4)*12+12))) -> 13 | CA7: =IF($A7="","",INDEX([1]Clasif_Pron!$E:$E,((ROW()-4)*12+13))) -> Inglaterra | CB7: =IF($A7="","",INDEX([1]Clasif_Pron!$K:$K,((ROW()-4)*12+13))) -> 7 | CC7: =IF($A7="","",INDEX([1]Clasif_Pron!$G:$G,((ROW()-4)*12+13))) -> Croacia | CD7: =IF($A7="","",INDEX([1]Clasif_Pron!$L:$L,((ROW()-4)*12+13))) -> 3 | CE7: =IF($A7="","",INDEX([1]Clasif_Pron!$I:$I,((ROW()-4)*12+13))) -> Panamá | CF7: =IF($A7="","",INDEX([1]Clasif_Pron!$M:$M,((ROW()-4)*12+13))) -> 0 | CG7: =IF($A7="","",INDEX([1]Clasif_Pron!$N:$N,((ROW()-4)*12+13))) -> 10 | CH7: =IF($A7="","",SUM(H7,O7,V7,AC7,AJ7,AQ7,AX7,BE7,BL7,BS7,BZ7,CG7)) -> 148
A8: =[1]Participantes!B6 -> Aneth | B8: =IF($A8="","",INDEX([1]Clasif_Pron!$E:$E,((ROW()-4)*12+2))) -> México | C8: =IF($A8="","",INDEX([1]Clasif_Pron!$K:$K,((ROW()-4)*12+2))) -> 7 | D8: =IF($A8="","",INDEX([1]Clasif_Pron!$G:$G,((ROW()-4)*12+2))) -> Chequia | E8: =IF($A8="","",INDEX([1]Clasif_Pron!$L:$L,((ROW()-4)*12+2))) -> 0 | F8: =IF($A8="","",INDEX([1]Clasif_Pron!$I:$I,((ROW()-4)*12+2))) -> Sudáfrica | G8: =IF($A8="","",INDEX([1]Clasif_Pron!$M:$M,((ROW()-4)*12+2))) -> 3 | H8: =IF($A8="","",INDEX([1]Clasif_Pron!$N:$N,((ROW()-4)*12+2))) -> 10 | I8: =IF($A8="","",INDEX([1]Clasif_Pron!$E:$E,((ROW()-4)*12+3))) -> Canadá | J8: =IF($A8="","",INDEX([1]Clasif_Pron!$K:$K,((ROW()-4)*12+3))) -> 3 | K8: =IF($A8="","",INDEX([1]Clasif_Pron!$G:$G,((ROW()-4)*12+3))) -> Qatar | L8: =IF($A8="","",INDEX([1]Clasif_Pron!$L:$L,((ROW()-4)*12+3))) -> 0 | M8: =IF($A8="","",INDEX([1]Clasif_Pron!$I:$I,((ROW()-4)*12+3))) -> Suiza | N8: =IF($A8="","",INDEX([1]Clasif_Pron!$M:$M,((ROW()-4)*12+3))) -> 3 | O8: =IF($A8="","",INDEX([1]Clasif_Pron!$N:$N,((ROW()-4)*12+3))) -> 6 | P8: =IF($A8="","",INDEX([1]Clasif_Pron!$E:$E,((ROW()-4)*12+4))) -> Brasil | Q8: =IF($A8="","",INDEX([1]Clasif_Pron!$K:$K,((ROW()-4)*12+4))) -> 7 | R8: =IF($A8="","",INDEX([1]Clasif_Pron!$G:$G,((ROW()-4)*12+4))) -> Marruecos | S8: =IF($A8="","",INDEX([1]Clasif_Pron!$L:$L,((ROW()-4)*12+4))) -> 6 | T8: =IF($A8="","",INDEX([1]Clasif_Pron!$I:$I,((ROW()-4)*12+4))) -> Escocia | U8: =IF($A8="","",INDEX([1]Clasif_Pron!$M:$M,((ROW()-4)*12+4))) -> 0 | V8: =IF($A8="","",INDEX([1]Clasif_Pron!$N:$N,((ROW()-4)*12+4))) -> 13 | W8: =IF($A8="","",INDEX([1]Clasif_Pron!$E:$E,((ROW()-4)*12+5))) -> Estados Unidos | X8: =IF($A8="","",INDEX([1]Clasif_Pron!$K:$K,((ROW()-4)*12+5))) -> 7 | Y8: =IF($A8="","",INDEX([1]Clasif_Pron!$G:$G,((ROW()-4)*12+5))) -> Türkiye | Z8: =IF($A8="","",INDEX([1]Clasif_Pron!$L:$L,((ROW()-4)*12+5))) -> 0 | AA8: =IF($A8="","",INDEX([1]Clasif_Pron!$I:$I,((ROW()-4)*12+5))) -> Paraguay | AB8: =IF($A8="","",INDEX([1]Clasif_Pron!$M:$M,((ROW()-4)*12+5))) -> 5 | AC8: =IF($A8="","",INDEX([1]Clasif_Pron!$N:$N,((ROW()-4)*12+5))) -> 12 | AD8: =IF($A8="","",INDEX([1]Clasif_Pron!$E:$E,((ROW()-4)*12+6))) -> Ecuador | AE8: =IF($A8="","",INDEX([1]Clasif_Pron!$K:$K,((ROW()-4)*12+6))) -> 3 | AF8: =IF($A8="","",INDEX([1]Clasif_Pron!$G:$G,((ROW()-4)*12+6))) -> Alemania | AG8: =IF($A8="","",INDEX([1]Clasif_Pron!$L:$L,((ROW()-4)*12+6))) -> 3 | AH8: =IF($A8="","",INDEX([1]Clasif_Pron!$I:$I,((ROW()-4)*12+6))) -> Curazao | AI8: =IF($A8="","",INDEX([1]Clasif_Pron!$M:$M,((ROW()-4)*12+6))) -> 0 | AJ8: =IF($A8="","",INDEX([1]Clasif_Pron!$N:$N,((ROW()-4)*12+6))) -> 6 | AK8: =IF($A8="","",INDEX([1]Clasif_Pron!$E:$E,((ROW()-4)*12+7))) -> Países Bajos | AL8: =IF($A8="","",INDEX([1]Clasif_Pron!$K:$K,((ROW()-4)*12+7))) -> 7 | AM8: =IF($A8="","",INDEX([1]Clasif_Pron!$G:$G,((ROW()-4)*12+7))) -> Japón | AN8: =IF($A8="","",INDEX([1]Clasif_Pron!$L:$L,((ROW()-4)*12+7))) -> 6 | AO8: =IF($A8="","",INDEX([1]Clasif_Pron!$I:$I,((ROW()-4)*12+7))) -> Suecia | AP8: =IF($A8="","",INDEX([1]Clasif_Pron!$M:$M,((ROW()-4)*12+7))) -> 5 | AQ8: =IF($A8="","",INDEX([1]Clasif_Pron!$N:$N,((ROW()-4)*12+7))) -> 18 | AR8: =IF($A8="","",INDEX([1]Clasif_Pron!$E:$E,((ROW()-4)*12+8))) -> Bélgica | AS8: =IF($A8="","",INDEX([1]Clasif_Pron!$K:$K,((ROW()-4)*12+8))) -> 7 | AT8: =IF($A8="","",INDEX([1]Clasif_Pron!$G:$G,((ROW()-4)*12+8))) -> Irán | AU8: =IF($A8="","",INDEX([1]Clasif_Pron!$L:$L,((ROW()-4)*12+8))) -> 3 | AV8: =IF($A8="","",INDEX([1]Clasif_Pron!$I:$I,((ROW()-4)*12+8))) -> Egipto | AW8: =IF($A8="","",INDEX([1]Clasif_Pron!$M:$M,((ROW()-4)*12+8))) -> 3 | AX8: =IF($A8="","",INDEX([1]Clasif_Pron!$N:$N,((ROW()-4)*12+8))) -> 13 | AY8: =IF($A8="","",INDEX([1]Clasif_Pron!$E:$E,((ROW()-4)*12+9))) -> España | AZ8: =IF($A8="","",INDEX([1]Clasif_Pron!$K:$K,((ROW()-4)*12+9))) -> 7 | BA8: =IF($A8="","",INDEX([1]Clasif_Pron!$G:$G,((ROW()-4)*12+9))) -> Uruguay | BB8: =IF($A8="","",INDEX([1]Clasif_Pron!$L:$L,((ROW()-4)*12+9))) -> 0 | BC8: =IF($A8="","",INDEX([1]Clasif_Pron!$I:$I,((ROW()-4)*12+9))) -> Arabia Saudita | BD8: =IF($A8="","",INDEX([1]Clasif_Pron!$M:$M,((ROW()-4)*12+9))) -> 0 | BE8: =IF($A8="","",INDEX([1]Clasif_Pron!$N:$N,((ROW()-4)*12+9))) -> 7 | BF8: =IF($A8="","",INDEX([1]Clasif_Pron!$E:$E,((ROW()-4)*12+10))) -> Francia | BG8: =IF($A8="","",INDEX([1]Clasif_Pron!$K:$K,((ROW()-4)*12+10))) -> 7 | BH8: =IF($A8="","",INDEX([1]Clasif_Pron!$G:$G,((ROW()-4)*12+10))) -> Senegal | BI8: =IF($A8="","",INDEX([1]Clasif_Pron!$L:$L,((ROW()-4)*12+10))) -> 3 | BJ8: =IF($A8="","",INDEX([1]Clasif_Pron!$I:$I,((ROW()-4)*12+10))) -> Noruega | BK8: =IF($A8="","",INDEX([1]Clasif_Pron!$M:$M,((ROW()-4)*12+10))) -> 3 | BL8: =IF($A8="","",INDEX([1]Clasif_Pron!$N:$N,((ROW()-4)*12+10))) -> 13 | BM8: =IF($A8="","",INDEX([1]Clasif_Pron!$E:$E,((ROW()-4)*12+11))) -> Argentina | BN8: =IF($A8="","",INDEX([1]Clasif_Pron!$K:$K,((ROW()-4)*12+11))) -> 7 | BO8: =IF($A8="","",INDEX([1]Clasif_Pron!$G:$G,((ROW()-4)*12+11))) -> Austria | BP8: =IF($A8="","",INDEX([1]Clasif_Pron!$L:$L,((ROW()-4)*12+11))) -> 6 | BQ8: =IF($A8="","",INDEX([1]Clasif_Pron!$I:$I,((ROW()-4)*12+11))) -> Argelia | BR8: =IF($A8="","",INDEX([1]Clasif_Pron!$M:$M,((ROW()-4)*12+11))) -> 0 | BS8: =IF($A8="","",INDEX([1]Clasif_Pron!$N:$N,((ROW()-4)*12+11))) -> 13 | BT8: =IF($A8="","",INDEX([1]Clasif_Pron!$E:$E,((ROW()-4)*12+12))) -> Portugal | BU8: =IF($A8="","",INDEX([1]Clasif_Pron!$K:$K,((ROW()-4)*12+12))) -> 3 | BV8: =IF($A8="","",INDEX([1]Clasif_Pron!$G:$G,((ROW()-4)*12+12))) -> Colombia | BW8: =IF($A8="","",INDEX([1]Clasif_Pron!$L:$L,((ROW()-4)*12+12))) -> 3 | BX8: =IF($A8="","",INDEX([1]Clasif_Pron!$I:$I,((ROW()-4)*12+12))) -> Uzbekistán | BY8: =IF($A8="","",INDEX([1]Clasif_Pron!$M:$M,((ROW()-4)*12+12))) -> 0 | BZ8: =IF($A8="","",INDEX([1]Clasif_Pron!$N:$N,((ROW()-4)*12+12))) -> 6 | CA8: =IF($A8="","",INDEX([1]Clasif_Pron!$E:$E,((ROW()-4)*12+13))) -> Inglaterra | CB8: =IF($A8="","",INDEX([1]Clasif_Pron!$K:$K,((ROW()-4)*12+13))) -> 7 | CC8: =IF($A8="","",INDEX([1]Clasif_Pron!$G:$G,((ROW()-4)*12+13))) -> Croacia | CD8: =IF($A8="","",INDEX([1]Clasif_Pron!$L:$L,((ROW()-4)*12+13))) -> 3 | CE8: =IF($A8="","",INDEX([1]Clasif_Pron!$I:$I,((ROW()-4)*12+13))) -> Panamá | CF8: =IF($A8="","",INDEX([1]Clasif_Pron!$M:$M,((ROW()-4)*12+13))) -> 0 | CG8: =IF($A8="","",INDEX([1]Clasif_Pron!$N:$N,((ROW()-4)*12+13))) -> 10 | CH8: =IF($A8="","",SUM(H8,O8,V8,AC8,AJ8,AQ8,AX8,BE8,BL8,BS8,BZ8,CG8)) -> 127
A9: =[1]Participantes!B7 -> Antonio | B9: =IF($A9="","",INDEX([1]Clasif_Pron!$E:$E,((ROW()-4)*12+2))) -> México | C9: =IF($A9="","",INDEX([1]Clasif_Pron!$K:$K,((ROW()-4)*12+2))) -> 7 | D9: =IF($A9="","",INDEX([1]Clasif_Pron!$G:$G,((ROW()-4)*12+2))) -> Corea República | E9: =IF($A9="","",INDEX([1]Clasif_Pron!$L:$L,((ROW()-4)*12+2))) -> 3 | F9: =IF($A9="","",INDEX([1]Clasif_Pron!$I:$I,((ROW()-4)*12+2))) -> Sudáfrica | G9: =IF($A9="","",INDEX([1]Clasif_Pron!$M:$M,((ROW()-4)*12+2))) -> 3 | H9: =IF($A9="","",INDEX([1]Clasif_Pron!$N:$N,((ROW()-4)*12+2))) -> 13 | I9: =IF($A9="","",INDEX([1]Clasif_Pron!$E:$E,((ROW()-4)*12+3))) -> Canadá | J9: =IF($A9="","",INDEX([1]Clasif_Pron!$K:$K,((ROW()-4)*12+3))) -> 3 | K9: =IF($A9="","",INDEX([1]Clasif_Pron!$G:$G,((ROW()-4)*12+3))) -> Suiza | L9: =IF($A9="","",INDEX([1]Clasif_Pron!$L:$L,((ROW()-4)*12+3))) -> 3 | M9: =IF($A9="","",INDEX([1]Clasif_Pron!$I:$I,((ROW()-4)*12+3))) -> Bosnia y Herzegovina | N9: =IF($A9="","",INDEX([1]Clasif_Pron!$M:$M,((ROW()-4)*12+3))) -> 5 | O9: =IF($A9="","",INDEX([1]Clasif_Pron!$N:$N,((ROW()-4)*12+3))) -> 11 | P9: =IF($A9="","",INDEX([1]Clasif_Pron!$E:$E,((ROW()-4)*12+4))) -> Marruecos | Q9: =IF($A9="","",INDEX([1]Clasif_Pron!$K:$K,((ROW()-4)*12+4))) -> 3 | R9: =IF($A9="","",INDEX([1]Clasif_Pron!$G:$G,((ROW()-4)*12+4))) -> Brasil | S9: =IF($A9="","",INDEX([1]Clasif_Pron!$L:$L,((ROW()-4)*12+4))) -> 3 | T9: =IF($A9="","",INDEX([1]Clasif_Pron!$I:$I,((ROW()-4)*12+4))) -> Escocia | U9: =IF($A9="","",INDEX([1]Clasif_Pron!$M:$M,((ROW()-4)*12+4))) -> 0 | V9: =IF($A9="","",INDEX([1]Clasif_Pron!$N:$N,((ROW()-4)*12+4))) -> 6 | W9: =IF($A9="","",INDEX([1]Clasif_Pron!$E:$E,((ROW()-4)*12+5))) -> Estados Unidos | X9: =IF($A9="","",INDEX([1]Clasif_Pron!$K:$K,((ROW()-4)*12+5))) -> 7 | Y9: =IF($A9="","",INDEX([1]Clasif_Pron!$G:$G,((ROW()-4)*12+5))) -> Türkiye | Z9: =IF($A9="","",INDEX([1]Clasif_Pron!$L:$L,((ROW()-4)*12+5))) -> 0 | AA9: =IF($A9="","",INDEX([1]Clasif_Pron!$I:$I,((ROW()-4)*12+5))) -> Australia | AB9: =IF($A9="","",INDEX([1]Clasif_Pron!$M:$M,((ROW()-4)*12+5))) -> 3 | AC9: =IF($A9="","",INDEX([1]Clasif_Pron!$N:$N,((ROW()-4)*12+5))) -> 10 | AD9: =IF($A9="","",INDEX([1]Clasif_Pron!$E:$E,((ROW()-4)*12+6))) -> Alemania | AE9: =IF($A9="","",INDEX([1]Clasif_Pron!$K:$K,((ROW()-4)*12+6))) -> 7 | AF9: =IF($A9="","",INDEX([1]Clasif_Pron!$G:$G,((ROW()-4)*12+6))) -> Ecuador | AG9: =IF($A9="","",INDEX([1]Clasif_Pron!$L:$L,((ROW()-4)*12+6))) -> 3 | AH9: =IF($A9="","",INDEX([1]Clasif_Pron!$I:$I,((ROW()-4)*12+6))) -> Costa de Marfil | AI9: =IF($A9="","",INDEX([1]Clasif_Pron!$M:$M,((ROW()-4)*12+6))) -> 3 | AJ9: =IF($A9="","",INDEX([1]Clasif_Pron!$N:$N,((ROW()-4)*12+6))) -> 13 | AK9: =IF($A9="","",INDEX([1]Clasif_Pron!$E:$E,((ROW()-4)*12+7))) -> Países Bajos | AL9: =IF($A9="","",INDEX([1]Clasif_Pron!$K:$K,((ROW()-4)*12+7))) -> 7 | AM9: =IF($A9="","",INDEX([1]Clasif_Pron!$G:$G,((ROW()-4)*12+7))) -> Japón | AN9: =IF($A9="","",INDEX([1]Clasif_Pron!$L:$L,((ROW()-4)*12+7))) -> 6 | AO9: =IF($A9="","",INDEX([1]Clasif_Pron!$I:$I,((ROW()-4)*12+7))) -> Suecia | AP9: =IF($A9="","",INDEX([1]Clasif_Pron!$M:$M,((ROW()-4)*12+7))) -> 5 | AQ9: =IF($A9="","",INDEX([1]Clasif_Pron!$N:$N,((ROW()-4)*12+7))) -> 18 | AR9: =IF($A9="","",INDEX([1]Clasif_Pron!$E:$E,((ROW()-4)*12+8))) -> Bélgica | AS9: =IF($A9="","",INDEX([1]Clasif_Pron!$K:$K,((ROW()-4)*12+8))) -> 7 | AT9: =IF($A9="","",INDEX([1]Clasif_Pron!$G:$G,((ROW()-4)*12+8))) -> Nueva Zelanda | AU9: =IF($A9="","",INDEX([1]Clasif_Pron!$L:$L,((ROW()-4)*12+8))) -> 0 | AV9: =IF($A9="","",INDEX([1]Clasif_Pron!$I:$I,((ROW()-4)*12+8))) -> Egipto | AW9: =IF($A9="","",INDEX([1]Clasif_Pron!$M:$M,((ROW()-4)*12+8))) -> 3 | AX9: =IF($A9="","",INDEX([1]Clasif_Pron!$N:$N,((ROW()-4)*12+8))) -> 10 | AY9: =IF($A9="","",INDEX([1]Clasif_Pron!$E:$E,((ROW()-4)*12+9))) -> España | AZ9: =IF($A9="","",INDEX([1]Clasif_Pron!$K:$K,((ROW()-4)*12+9))) -> 7 | BA9: =IF($A9="","",INDEX([1]Clasif_Pron!$G:$G,((ROW()-4)*12+9))) -> Uruguay | BB9: =IF($A9="","",INDEX([1]Clasif_Pron!$L:$L,((ROW()-4)*12+9))) -> 0 | BC9: =IF($A9="","",INDEX([1]Clasif_Pron!$I:$I,((ROW()-4)*12+9))) -> Arabia Saudita | BD9: =IF($A9="","",INDEX([1]Clasif_Pron!$M:$M,((ROW()-4)*12+9))) -> 0 | BE9: =IF($A9="","",INDEX([1]Clasif_Pron!$N:$N,((ROW()-4)*12+9))) -> 7 | BF9: =IF($A9="","",INDEX([1]Clasif_Pron!$E:$E,((ROW()-4)*12+10))) -> Francia | BG9: =IF($A9="","",INDEX([1]Clasif_Pron!$K:$K,((ROW()-4)*12+10))) -> 7 | BH9: =IF($A9="","",INDEX([1]Clasif_Pron!$G:$G,((ROW()-4)*12+10))) -> Noruega | BI9: =IF($A9="","",INDEX([1]Clasif_Pron!$L:$L,((ROW()-4)*12+10))) -> 6 | BJ9: =IF($A9="","",INDEX([1]Clasif_Pron!$I:$I,((ROW()-4)*12+10))) -> Senegal | BK9: =IF($A9="","",INDEX([1]Clasif_Pron!$M:$M,((ROW()-4)*12+10))) -> 5 | BL9: =IF($A9="","",INDEX([1]Clasif_Pron!$N:$N,((ROW()-4)*12+10))) -> 18 | BM9: =IF($A9="","",INDEX([1]Clasif_Pron!$E:$E,((ROW()-4)*12+11))) -> Argentina | BN9: =IF($A9="","",INDEX([1]Clasif_Pron!$K:$K,((ROW()-4)*12+11))) -> 7 | BO9: =IF($A9="","",INDEX([1]Clasif_Pron!$G:$G,((ROW()-4)*12+11))) -> Austria | BP9: =IF($A9="","",INDEX([1]Clasif_Pron!$L:$L,((ROW()-4)*12+11))) -> 6 | BQ9: =IF($A9="","",INDEX([1]Clasif_Pron!$I:$I,((ROW()-4)*12+11))) -> Argelia | BR9: =IF($A9="","",INDEX([1]Clasif_Pron!$M:$M,((ROW()-4)*12+11))) -> 0 | BS9: =IF($A9="","",INDEX([1]Clasif_Pron!$N:$N,((ROW()-4)*12+11))) -> 13 | BT9: =IF($A9="","",INDEX([1]Clasif_Pron!$E:$E,((ROW()-4)*12+12))) -> Portugal | BU9: =IF($A9="","",INDEX([1]Clasif_Pron!$K:$K,((ROW()-4)*12+12))) -> 3 | BV9: =IF($A9="","",INDEX([1]Clasif_Pron!$G:$G,((ROW()-4)*12+12))) -> Colombia | BW9: =IF($A9="","",INDEX([1]Clasif_Pron!$L:$L,((ROW()-4)*12+12))) -> 3 | BX9: =IF($A9="","",INDEX([1]Clasif_Pron!$I:$I,((ROW()-4)*12+12))) -> RD Congo | BY9: =IF($A9="","",INDEX([1]Clasif_Pron!$M:$M,((ROW()-4)*12+12))) -> 0 | BZ9: =IF($A9="","",INDEX([1]Clasif_Pron!$N:$N,((ROW()-4)*12+12))) -> 6 | CA9: =IF($A9="","",INDEX([1]Clasif_Pron!$E:$E,((ROW()-4)*12+13))) -> Inglaterra | CB9: =IF($A9="","",INDEX([1]Clasif_Pron!$K:$K,((ROW()-4)*12+13))) -> 7 | CC9: =IF($A9="","",INDEX([1]Clasif_Pron!$G:$G,((ROW()-4)*12+13))) -> Croacia | CD9: =IF($A9="","",INDEX([1]Clasif_Pron!$L:$L,((ROW()-4)*12+13))) -> 3 | CE9: =IF($A9="","",INDEX([1]Clasif_Pron!$I:$I,((ROW()-4)*12+13))) -> Panamá | CF9: =IF($A9="","",INDEX([1]Clasif_Pron!$M:$M,((ROW()-4)*12+13))) -> 0 | CG9: =IF($A9="","",INDEX([1]Clasif_Pron!$N:$N,((ROW()-4)*12+13))) -> 10 | CH9: =IF($A9="","",SUM(H9,O9,V9,AC9,AJ9,AQ9,AX9,BE9,BL9,BS9,BZ9,CG9)) -> 135
A10: =[1]Participantes!B8 -> Carlos | B10: =IF($A10="","",INDEX([1]Clasif_Pron!$E:$E,((ROW()-4)*12+2))) -> México | C10: =IF($A10="","",INDEX([1]Clasif_Pron!$K:$K,((ROW()-4)*12+2))) -> 7 | D10: =IF($A10="","",INDEX([1]Clasif_Pron!$G:$G,((ROW()-4)*12+2))) -> Corea República | E10: =IF($A10="","",INDEX([1]Clasif_Pron!$L:$L,((ROW()-4)*12+2))) -> 3 | F10: =IF($A10="","",INDEX([1]Clasif_Pron!$I:$I,((ROW()-4)*12+2))) -> Chequia | G10: =IF($A10="","",INDEX([1]Clasif_Pron!$M:$M,((ROW()-4)*12+2))) -> 0 | H10: =IF($A10="","",INDEX([1]Clasif_Pron!$N:$N,((ROW()-4)*12+2))) -> 10 | I10: =IF($A10="","",INDEX([1]Clasif_Pron!$E:$E,((ROW()-4)*12+3))) -> Canadá | J10: =IF($A10="","",INDEX([1]Clasif_Pron!$K:$K,((ROW()-4)*12+3))) -> 3 | K10: =IF($A10="","",INDEX([1]Clasif_Pron!$G:$G,((ROW()-4)*12+3))) -> Bosnia y Herzegovina | L10: =IF($A10="","",INDEX([1]Clasif_Pron!$L:$L,((ROW()-4)*12+3))) -> 3 | M10: =IF($A10="","",INDEX([1]Clasif_Pron!$I:$I,((ROW()-4)*12+3))) -> Suiza | N10: =IF($A10="","",INDEX([1]Clasif_Pron!$M:$M,((ROW()-4)*12+3))) -> 3 | O10: =IF($A10="","",INDEX([1]Clasif_Pron!$N:$N,((ROW()-4)*12+3))) -> 9 | P10: =IF($A10="","",INDEX([1]Clasif_Pron!$E:$E,((ROW()-4)*12+4))) -> Brasil | Q10: =IF($A10="","",INDEX([1]Clasif_Pron!$K:$K,((ROW()-4)*12+4))) -> 7 | R10: =IF($A10="","",INDEX([1]Clasif_Pron!$G:$G,((ROW()-4)*12+4))) -> Marruecos | S10: =IF($A10="","",INDEX([1]Clasif_Pron!$L:$L,((ROW()-4)*12+4))) -> 6 | T10: =IF($A10="","",INDEX([1]Clasif_Pron!$I:$I,((ROW()-4)*12+4))) -> Escocia | U10: =IF($A10="","",INDEX([1]Clasif_Pron!$M:$M,((ROW()-4)*12+4))) -> 0 | V10: =IF($A10="","",INDEX([1]Clasif_Pron!$N:$N,((ROW()-4)*12+4))) -> 13 | W10: =IF($A10="","",INDEX([1]Clasif_Pron!$E:$E,((ROW()-4)*12+5))) -> Estados Unidos | X10: =IF($A10="","",INDEX([1]Clasif_Pron!$K:$K,((ROW()-4)*12+5))) -> 7 | Y10: =IF($A10="","",INDEX([1]Clasif_Pron!$G:$G,((ROW()-4)*12+5))) -> Türkiye | Z10: =IF($A10="","",INDEX([1]Clasif_Pron!$L:$L,((ROW()-4)*12+5))) -> 0 | AA10: =IF($A10="","",INDEX([1]Clasif_Pron!$I:$I,((ROW()-4)*12+5))) -> Australia | AB10: =IF($A10="","",INDEX([1]Clasif_Pron!$M:$M,((ROW()-4)*12+5))) -> 3 | AC10: =IF($A10="","",INDEX([1]Clasif_Pron!$N:$N,((ROW()-4)*12+5))) -> 10 | AD10: =IF($A10="","",INDEX([1]Clasif_Pron!$E:$E,((ROW()-4)*12+6))) -> Alemania | AE10: =IF($A10="","",INDEX([1]Clasif_Pron!$K:$K,((ROW()-4)*12+6))) -> 7 | AF10: =IF($A10="","",INDEX([1]Clasif_Pron!$G:$G,((ROW()-4)*12+6))) -> Costa de Marfil | AG10: =IF($A10="","",INDEX([1]Clasif_Pron!$L:$L,((ROW()-4)*12+6))) -> 6 | AH10: =IF($A10="","",INDEX([1]Clasif_Pron!$I:$I,((ROW()-4)*12+6))) -> Ecuador | AI10: =IF($A10="","",INDEX([1]Clasif_Pron!$M:$M,((ROW()-4)*12+6))) -> 5 | AJ10: =IF($A10="","",INDEX([1]Clasif_Pron!$N:$N,((ROW()-4)*12+6))) -> 18 | AK10: =IF($A10="","",INDEX([1]Clasif_Pron!$E:$E,((ROW()-4)*12+7))) -> Países Bajos | AL10: =IF($A10="","",INDEX([1]Clasif_Pron!$K:$K,((ROW()-4)*12+7))) -> 7 | AM10: =IF($A10="","",INDEX([1]Clasif_Pron!$G:$G,((ROW()-4)*12+7))) -> Japón | AN10: =IF($A10="","",INDEX([1]Clasif_Pron!$L:$L,((ROW()-4)*12+7))) -> 6 | AO10: =IF($A10="","",INDEX([1]Clasif_Pron!$I:$I,((ROW()-4)*12+7))) -> Suecia | AP10: =IF($A10="","",INDEX([1]Clasif_Pron!$M:$M,((ROW()-4)*12+7))) -> 5 | AQ10: =IF($A10="","",INDEX([1]Clasif_Pron!$N:$N,((ROW()-4)*12+7))) -> 18 | AR10: =IF($A10="","",INDEX([1]Clasif_Pron!$E:$E,((ROW()-4)*12+8))) -> Bélgica | AS10: =IF($A10="","",INDEX([1]Clasif_Pron!$K:$K,((ROW()-4)*12+8))) -> 7 | AT10: =IF($A10="","",INDEX([1]Clasif_Pron!$G:$G,((ROW()-4)*12+8))) -> Irán | AU10: =IF($A10="","",INDEX([1]Clasif_Pron!$L:$L,((ROW()-4)*12+8))) -> 3 | AV10: =IF($A10="","",INDEX([1]Clasif_Pron!$I:$I,((ROW()-4)*12+8))) -> Egipto | AW10: =IF($A10="","",INDEX([1]Clasif_Pron!$M:$M,((ROW()-4)*12+8))) -> 3 | AX10: =IF($A10="","",INDEX([1]Clasif_Pron!$N:$N,((ROW()-4)*12+8))) -> 13 | AY10: =IF($A10="","",INDEX([1]Clasif_Pron!$E:$E,((ROW()-4)*12+9))) -> España | AZ10: =IF($A10="","",INDEX([1]Clasif_Pron!$K:$K,((ROW()-4)*12+9))) -> 7 | BA10: =IF($A10="","",INDEX([1]Clasif_Pron!$G:$G,((ROW()-4)*12+9))) -> Uruguay | BB10: =IF($A10="","",INDEX([1]Clasif_Pron!$L:$L,((ROW()-4)*12+9))) -> 0 | BC10: =IF($A10="","",INDEX([1]Clasif_Pron!$I:$I,((ROW()-4)*12+9))) -> Arabia Saudita | BD10: =IF($A10="","",INDEX([1]Clasif_Pron!$M:$M,((ROW()-4)*12+9))) -> 0 | BE10: =IF($A10="","",INDEX([1]Clasif_Pron!$N:$N,((ROW()-4)*12+9))) -> 7 | BF10: =IF($A10="","",INDEX([1]Clasif_Pron!$E:$E,((ROW()-4)*12+10))) -> Francia | BG10: =IF($A10="","",INDEX([1]Clasif_Pron!$K:$K,((ROW()-4)*12+10))) -> 7 | BH10: =IF($A10="","",INDEX([1]Clasif_Pron!$G:$G,((ROW()-4)*12+10))) -> Senegal | BI10: =IF($A10="","",INDEX([1]Clasif_Pron!$L:$L,((ROW()-4)*12+10))) -> 3 | BJ10: =IF($A10="","",INDEX([1]Clasif_Pron!$I:$I,((ROW()-4)*12+10))) -> Noruega | BK10: =IF($A10="","",INDEX([1]Clasif_Pron!$M:$M,((ROW()-4)*12+10))) -> 3 | BL10: =IF($A10="","",INDEX([1]Clasif_Pron!$N:$N,((ROW()-4)*12+10))) -> 13 | BM10: =IF($A10="","",INDEX([1]Clasif_Pron!$E:$E,((ROW()-4)*12+11))) -> Argentina | BN10: =IF($A10="","",INDEX([1]Clasif_Pron!$K:$K,((ROW()-4)*12+11))) -> 7 | BO10: =IF($A10="","",INDEX([1]Clasif_Pron!$G:$G,((ROW()-4)*12+11))) -> Austria | BP10: =IF($A10="","",INDEX([1]Clasif_Pron!$L:$L,((ROW()-4)*12+11))) -> 6 | BQ10: =IF($A10="","",INDEX([1]Clasif_Pron!$I:$I,((ROW()-4)*12+11))) -> Argelia | BR10: =IF($A10="","",INDEX([1]Clasif_Pron!$M:$M,((ROW()-4)*12+11))) -> 0 | BS10: =IF($A10="","",INDEX([1]Clasif_Pron!$N:$N,((ROW()-4)*12+11))) -> 13 | BT10: =IF($A10="","",INDEX([1]Clasif_Pron!$E:$E,((ROW()-4)*12+12))) -> Portugal | BU10: =IF($A10="","",INDEX([1]Clasif_Pron!$K:$K,((ROW()-4)*12+12))) -> 3 | BV10: =IF($A10="","",INDEX([1]Clasif_Pron!$G:$G,((ROW()-4)*12+12))) -> Colombia | BW10: =IF($A10="","",INDEX([1]Clasif_Pron!$L:$L,((ROW()-4)*12+12))) -> 3 | BX10: =IF($A10="","",INDEX([1]Clasif_Pron!$I:$I,((ROW()-4)*12+12))) -> RD Congo | BY10: =IF($A10="","",INDEX([1]Clasif_Pron!$M:$M,((ROW()-4)*12+12))) -> 0 | BZ10: =IF($A10="","",INDEX([1]Clasif_Pron!$N:$N,((ROW()-4)*12+12))) -> 6 | CA10: =IF($A10="","",INDEX([1]Clasif_Pron!$E:$E,((ROW()-4)*12+13))) -> Inglaterra | CB10: =IF($A10="","",INDEX([1]Clasif_Pron!$K:$K,((ROW()-4)*12+13))) -> 7 | CC10: =IF($A10="","",INDEX([1]Clasif_Pron!$G:$G,((ROW()-4)*12+13))) -> Croacia | CD10: =IF($A10="","",INDEX([1]Clasif_Pron!$L:$L,((ROW()-4)*12+13))) -> 3 | CE10: =IF($A10="","",INDEX([1]Clasif_Pron!$I:$I,((ROW()-4)*12+13))) -> Panamá | CF10: =IF($A10="","",INDEX([1]Clasif_Pron!$M:$M,((ROW()-4)*12+13))) -> 0 | CG10: =IF($A10="","",INDEX([1]Clasif_Pron!$N:$N,((ROW()-4)*12+13))) -> 10 | CH10: =IF($A10="","",SUM(H10,O10,V10,AC10,AJ10,AQ10,AX10,BE10,BL10,BS10,BZ10,CG10)) -> 140
A11: =[1]Participantes!B9 -> Castillo L. | B11: =IF($A11="","",INDEX([1]Clasif_Pron!$E:$E,((ROW()-4)*12+2))) -> Corea República | C11: =IF($A11="","",INDEX([1]Clasif_Pron!$K:$K,((ROW()-4)*12+2))) -> 3 | D11: =IF($A11="","",INDEX([1]Clasif_Pron!$G:$G,((ROW()-4)*12+2))) -> Chequia | E11: =IF($A11="","",INDEX([1]Clasif_Pron!$L:$L,((ROW()-4)*12+2))) -> 0 | F11: =IF($A11="","",INDEX([1]Clasif_Pron!$I:$I,((ROW()-4)*12+2))) -> México | G11: =IF($A11="","",INDEX([1]Clasif_Pron!$M:$M,((ROW()-4)*12+2))) -> 3 | H11: =IF($A11="","",INDEX([1]Clasif_Pron!$N:$N,((ROW()-4)*12+2))) -> 6 | I11: =IF($A11="","",INDEX([1]Clasif_Pron!$E:$E,((ROW()-4)*12+3))) -> Suiza | J11: =IF($A11="","",INDEX([1]Clasif_Pron!$K:$K,((ROW()-4)*12+3))) -> 7 | K11: =IF($A11="","",INDEX([1]Clasif_Pron!$G:$G,((ROW()-4)*12+3))) -> Canadá | L11: =IF($A11="","",INDEX([1]Clasif_Pron!$L:$L,((ROW()-4)*12+3))) -> 6 | M11: =IF($A11="","",INDEX([1]Clasif_Pron!$I:$I,((ROW()-4)*12+3))) -> Qatar | N11: =IF($A11="","",INDEX([1]Clasif_Pron!$M:$M,((ROW()-4)*12+3))) -> 0 | O11: =IF($A11="","",INDEX([1]Clasif_Pron!$N:$N,((ROW()-4)*12+3))) -> 13 | P11: =IF($A11="","",INDEX([1]Clasif_Pron!$E:$E,((ROW()-4)*12+4))) -> Brasil | Q11: =IF($A11="","",INDEX([1]Clasif_Pron!$K:$K,((ROW()-4)*12+4))) -> 7 | R11: =IF($A11="","",INDEX([1]Clasif_Pron!$G:$G,((ROW()-4)*12+4))) -> Marruecos | S11: =IF($A11="","",INDEX([1]Clasif_Pron!$L:$L,((ROW()-4)*12+4))) -> 6 | T11: =IF($A11="","",INDEX([1]Clasif_Pron!$I:$I,((ROW()-4)*12+4))) -> Escocia | U11: =IF($A11="","",INDEX([1]Clasif_Pron!$M:$M,((ROW()-4)*12+4))) -> 0 | V11: =IF($A11="","",INDEX([1]Clasif_Pron!$N:$N,((ROW()-4)*12+4))) -> 13 | W11: =IF($A11="","",INDEX([1]Clasif_Pron!$E:$E,((ROW()-4)*12+5))) -> Estados Unidos | X11: =IF($A11="","",INDEX([1]Clasif_Pron!$K:$K,((ROW()-4)*12+5))) -> 7 | Y11: =IF($A11="","",INDEX([1]Clasif_Pron!$G:$G,((ROW()-4)*12+5))) -> Türkiye | Z11: =IF($A11="","",INDEX([1]Clasif_Pron!$L:$L,((ROW()-4)*12+5))) -> 0 | AA11: =IF($A11="","",INDEX([1]Clasif_Pron!$I:$I,((ROW()-4)*12+5))) -> Paraguay | AB11: =IF($A11="","",INDEX([1]Clasif_Pron!$M:$M,((ROW()-4)*12+5))) -> 5 | AC11: =IF($A11="","",INDEX([1]Clasif_Pron!$N:$N,((ROW()-4)*12+5))) -> 12 | AD11: =IF($A11="","",INDEX([1]Clasif_Pron!$E:$E,((ROW()-4)*12+6))) -> Alemania | AE11: =IF($A11="","",INDEX([1]Clasif_Pron!$K:$K,((ROW()-4)*12+6))) -> 7 | AF11: =IF($A11="","",INDEX([1]Clasif_Pron!$G:$G,((ROW()-4)*12+6))) -> Ecuador | AG11: =IF($A11="","",INDEX([1]Clasif_Pron!$L:$L,((ROW()-4)*12+6))) -> 3 | AH11: =IF($A11="","",INDEX([1]Clasif_Pron!$I:$I,((ROW()-4)*12+6))) -> Costa de Marfil | AI11: =IF($A11="","",INDEX([1]Clasif_Pron!$M:$M,((ROW()-4)*12+6))) -> 3 | AJ11: =IF($A11="","",INDEX([1]Clasif_Pron!$N:$N,((ROW()-4)*12+6))) -> 13 | AK11: =IF($A11="","",INDEX([1]Clasif_Pron!$E:$E,((ROW()-4)*12+7))) -> Países Bajos | AL11: =IF($A11="","",INDEX([1]Clasif_Pron!$K:$K,((ROW()-4)*12+7))) -> 7 | AM11: =IF($A11="","",INDEX([1]Clasif_Pron!$G:$G,((ROW()-4)*12+7))) -> Japón | AN11: =IF($A11="","",INDEX([1]Clasif_Pron!$L:$L,((ROW()-4)*12+7))) -> 6 | AO11: =IF($A11="","",INDEX([1]Clasif_Pron!$I:$I,((ROW()-4)*12+7))) -> Túnez | AP11: =IF($A11="","",INDEX([1]Clasif_Pron!$M:$M,((ROW()-4)*12+7))) -> 0 | AQ11: =IF($A11="","",INDEX([1]Clasif_Pron!$N:$N,((ROW()-4)*12+7))) -> 13 | AR11: =IF($A11="","",INDEX([1]Clasif_Pron!$E:$E,((ROW()-4)*12+8))) -> Bélgica | AS11: =IF($A11="","",INDEX([1]Clasif_Pron!$K:$K,((ROW()-4)*12+8))) -> 7 | AT11: =IF($A11="","",INDEX([1]Clasif_Pron!$G:$G,((ROW()-4)*12+8))) -> Egipto | AU11: =IF($A11="","",INDEX([1]Clasif_Pron!$L:$L,((ROW()-4)*12+8))) -> 6 | AV11: =IF($A11="","",INDEX([1]Clasif_Pron!$I:$I,((ROW()-4)*12+8))) -> Irán | AW11: =IF($A11="","",INDEX([1]Clasif_Pron!$M:$M,((ROW()-4)*12+8))) -> 5 | AX11: =IF($A11="","",INDEX([1]Clasif_Pron!$N:$N,((ROW()-4)*12+8))) -> 18 | AY11: =IF($A11="","",INDEX([1]Clasif_Pron!$E:$E,((ROW()-4)*12+9))) -> España | AZ11: =IF($A11="","",INDEX([1]Clasif_Pron!$K:$K,((ROW()-4)*12+9))) -> 7 | BA11: =IF($A11="","",INDEX([1]Clasif_Pron!$G:$G,((ROW()-4)*12+9))) -> Uruguay | BB11: =IF($A11="","",INDEX([1]Clasif_Pron!$L:$L,((ROW()-4)*12+9))) -> 0 | BC11: =IF($A11="","",INDEX([1]Clasif_Pron!$I:$I,((ROW()-4)*12+9))) -> Arabia Saudita | BD11: =IF($A11="","",INDEX([1]Clasif_Pron!$M:$M,((ROW()-4)*12+9))) -> 0 | BE11: =IF($A11="","",INDEX([1]Clasif_Pron!$N:$N,((ROW()-4)*12+9))) -> 7 | BF11: =IF($A11="","",INDEX([1]Clasif_Pron!$E:$E,((ROW()-4)*12+10))) -> Francia | BG11: =IF($A11="","",INDEX([1]Clasif_Pron!$K:$K,((ROW()-4)*12+10))) -> 7 | BH11: =IF($A11="","",INDEX([1]Clasif_Pron!$G:$G,((ROW()-4)*12+10))) -> Senegal | BI11: =IF($A11="","",INDEX([1]Clasif_Pron!$L:$L,((ROW()-4)*12+10))) -> 3 | BJ11: =IF($A11="","",INDEX([1]Clasif_Pron!$I:$I,((ROW()-4)*12+10))) -> Noruega | BK11: =IF($A11="","",INDEX([1]Clasif_Pron!$M:$M,((ROW()-4)*12+10))) -> 3 | BL11: =IF($A11="","",INDEX([1]Clasif_Pron!$N:$N,((ROW()-4)*12+10))) -> 13 | BM11: =IF($A11="","",INDEX([1]Clasif_Pron!$E:$E,((ROW()-4)*12+11))) -> Argentina | BN11: =IF($A11="","",INDEX([1]Clasif_Pron!$K:$K,((ROW()-4)*12+11))) -> 7 | BO11: =IF($A11="","",INDEX([1]Clasif_Pron!$G:$G,((ROW()-4)*12+11))) -> Austria | BP11: =IF($A11="","",INDEX([1]Clasif_Pron!$L:$L,((ROW()-4)*12+11))) -> 6 | BQ11: =IF($A11="","",INDEX([1]Clasif_Pron!$I:$I,((ROW()-4)*12+11))) -> Argelia | BR11: =IF($A11="","",INDEX([1]Clasif_Pron!$M:$M,((ROW()-4)*12+11))) -> 0 | BS11: =IF($A11="","",INDEX([1]Clasif_Pron!$N:$N,((ROW()-4)*12+11))) -> 13 | BT11: =IF($A11="","",INDEX([1]Clasif_Pron!$E:$E,((ROW()-4)*12+12))) -> Portugal | BU11: =IF($A11="","",INDEX([1]Clasif_Pron!$K:$K,((ROW()-4)*12+12))) -> 3 | BV11: =IF($A11="","",INDEX([1]Clasif_Pron!$G:$G,((ROW()-4)*12+12))) -> Colombia | BW11: =IF($A11="","",INDEX([1]Clasif_Pron!$L:$L,((ROW()-4)*12+12))) -> 3 | BX11: =IF($A11="","",INDEX([1]Clasif_Pron!$I:$I,((ROW()-4)*12+12))) -> Uzbekistán | BY11: =IF($A11="","",INDEX([1]Clasif_Pron!$M:$M,((ROW()-4)*12+12))) -> 0 | BZ11: =IF($A11="","",INDEX([1]Clasif_Pron!$N:$N,((ROW()-4)*12+12))) -> 6 | CA11: =IF($A11="","",INDEX([1]Clasif_Pron!$E:$E,((ROW()-4)*12+13))) -> Inglaterra | CB11: =IF($A11="","",INDEX([1]Clasif_Pron!$K:$K,((ROW()-4)*12+13))) -> 7 | CC11: =IF($A11="","",INDEX([1]Clasif_Pron!$G:$G,((ROW()-4)*12+13))) -> Croacia | CD11: =IF($A11="","",INDEX([1]Clasif_Pron!$L:$L,((ROW()-4)*12+13))) -> 3 | CE11: =IF($A11="","",INDEX([1]Clasif_Pron!$I:$I,((ROW()-4)*12+13))) -> Ghana | CF11: =IF($A11="","",INDEX([1]Clasif_Pron!$M:$M,((ROW()-4)*12+13))) -> 3 | CG11: =IF($A11="","",INDEX([1]Clasif_Pron!$N:$N,((ROW()-4)*12+13))) -> 13 | CH11: =IF($A11="","",SUM(H11,O11,V11,AC11,AJ11,AQ11,AX11,BE11,BL11,BS11,BZ11,CG11)) -> 140
A12: =[1]Participantes!B10 -> Christofer | B12: =IF($A12="","",INDEX([1]Clasif_Pron!$E:$E,((ROW()-4)*12+2))) -> Chequia | C12: =IF($A12="","",INDEX([1]Clasif_Pron!$K:$K,((ROW()-4)*12+2))) -> 0 | D12: =IF($A12="","",INDEX([1]Clasif_Pron!$G:$G,((ROW()-4)*12+2))) -> Sudáfrica | E12: =IF($A12="","",INDEX([1]Clasif_Pron!$L:$L,((ROW()-4)*12+2))) -> 6 | F12: =IF($A12="","",INDEX([1]Clasif_Pron!$I:$I,((ROW()-4)*12+2))) -> Corea República | G12: =IF($A12="","",INDEX([1]Clasif_Pron!$M:$M,((ROW()-4)*12+2))) -> 5 | H12: =IF($A12="","",INDEX([1]Clasif_Pron!$N:$N,((ROW()-4)*12+2))) -> 11 | I12: =IF($A12="","",INDEX([1]Clasif_Pron!$E:$E,((ROW()-4)*12+3))) -> Bosnia y Herzegovina | J12: =IF($A12="","",INDEX([1]Clasif_Pron!$K:$K,((ROW()-4)*12+3))) -> 3 | K12: =IF($A12="","",INDEX([1]Clasif_Pron!$G:$G,((ROW()-4)*12+3))) -> Qatar | L12: =IF($A12="","",INDEX([1]Clasif_Pron!$L:$L,((ROW()-4)*12+3))) -> 0 | M12: =IF($A12="","",INDEX([1]Clasif_Pron!$I:$I,((ROW()-4)*12+3))) -> Suiza | N12: =IF($A12="","",INDEX([1]Clasif_Pron!$M:$M,((ROW()-4)*12+3))) -> 3 | O12: =IF($A12="","",INDEX([1]Clasif_Pron!$N:$N,((ROW()-4)*12+3))) -> 6 | P12: =IF($A12="","",INDEX([1]Clasif_Pron!$E:$E,((ROW()-4)*12+4))) -> Brasil | Q12: =IF($A12="","",INDEX([1]Clasif_Pron!$K:$K,((ROW()-4)*12+4))) -> 7 | R12: =IF($A12="","",INDEX([1]Clasif_Pron!$G:$G,((ROW()-4)*12+4))) -> Marruecos | S12: =IF($A12="","",INDEX([1]Clasif_Pron!$L:$L,((ROW()-4)*12+4))) -> 6 | T12: =IF($A12="","",INDEX([1]Clasif_Pron!$I:$I,((ROW()-4)*12+4))) -> Escocia | U12: =IF($A12="","",INDEX([1]Clasif_Pron!$M:$M,((ROW()-4)*12+4))) -> 0 | V12: =IF($A12="","",INDEX([1]Clasif_Pron!$N:$N,((ROW()-4)*12+4))) -> 13 | W12: =IF($A12="","",INDEX([1]Clasif_Pron!$E:$E,((ROW()-4)*12+5))) -> Paraguay | X12: =IF($A12="","",INDEX([1]Clasif_Pron!$K:$K,((ROW()-4)*12+5))) -> 3 | Y12: =IF($A12="","",INDEX([1]Clasif_Pron!$G:$G,((ROW()-4)*12+5))) -> Australia | Z12: =IF($A12="","",INDEX([1]Clasif_Pron!$L:$L,((ROW()-4)*12+5))) -> 6 | AA12: =IF($A12="","",INDEX([1]Clasif_Pron!$I:$I,((ROW()-4)*12+5))) -> Türkiye | AB12: =IF($A12="","",INDEX([1]Clasif_Pron!$M:$M,((ROW()-4)*12+5))) -> 0 | AC12: =IF($A12="","",INDEX([1]Clasif_Pron!$N:$N,((ROW()-4)*12+5))) -> 9 | AD12: =IF($A12="","",INDEX([1]Clasif_Pron!$E:$E,((ROW()-4)*12+6))) -> Ecuador | AE12: =IF($A12="","",INDEX([1]Clasif_Pron!$K:$K,((ROW()-4)*12+6))) -> 3 | AF12: =IF($A12="","",INDEX([1]Clasif_Pron!$G:$G,((ROW()-4)*12+6))) -> Curazao | AG12: =IF($A12="","",INDEX([1]Clasif_Pron!$L:$L,((ROW()-4)*12+6))) -> 0 | AH12: =IF($A12="","",INDEX([1]Clasif_Pron!$I:$I,((ROW()-4)*12+6))) -> Alemania | AI12: =IF($A12="","",INDEX([1]Clasif_Pron!$M:$M,((ROW()-4)*12+6))) -> 3 | AJ12: =IF($A12="","",INDEX([1]Clasif_Pron!$N:$N,((ROW()-4)*12+6))) -> 6 | AK12: =IF($A12="","",INDEX([1]Clasif_Pron!$E:$E,((ROW()-4)*12+7))) -> Suecia | AL12: =IF($A12="","",INDEX([1]Clasif_Pron!$K:$K,((ROW()-4)*12+7))) -> 3 | AM12: =IF($A12="","",INDEX([1]Clasif_Pron!$G:$G,((ROW()-4)*12+7))) -> Japón | AN12: =IF($A12="","",INDEX([1]Clasif_Pron!$L:$L,((ROW()-4)*12+7))) -> 6 | AO12: =IF($A12="","",INDEX([1]Clasif_Pron!$I:$I,((ROW()-4)*12+7))) -> Países Bajos | AP12: =IF($A12="","",INDEX([1]Clasif_Pron!$M:$M,((ROW()-4)*12+7))) -> 3 | AQ12: =IF($A12="","",INDEX([1]Clasif_Pron!$N:$N,((ROW()-4)*12+7))) -> 12 | AR12: =IF($A12="","",INDEX([1]Clasif_Pron!$E:$E,((ROW()-4)*12+8))) -> Nueva Zelanda | AS12: =IF($A12="","",INDEX([1]Clasif_Pron!$K:$K,((ROW()-4)*12+8))) -> 0 | AT12: =IF($A12="","",INDEX([1]Clasif_Pron!$G:$G,((ROW()-4)*12+8))) -> Bélgica | AU12: =IF($A12="","",INDEX([1]Clasif_Pron!$L:$L,((ROW()-4)*12+8))) -> 3 | AV12: =IF($A12="","",INDEX([1]Clasif_Pron!$I:$I,((ROW()-4)*12+8))) -> Irán | AW12: =IF($A12="","",INDEX([1]Clasif_Pron!$M:$M,((ROW()-4)*12+8))) -> 5 | AX12: =IF($A12="","",INDEX([1]Clasif_Pron!$N:$N,((ROW()-4)*12+8))) -> 8 | AY12: =IF($A12="","",INDEX([1]Clasif_Pron!$E:$E,((ROW()-4)*12+9))) -> España | AZ12: =IF($A12="","",INDEX([1]Clasif_Pron!$K:$K,((ROW()-4)*12+9))) -> 7 | BA12: =IF($A12="","",INDEX([1]Clasif_Pron!$G:$G,((ROW()-4)*12+9))) -> Uruguay | BB12: =IF($A12="","",INDEX([1]Clasif_Pron!$L:$L,((ROW()-4)*12+9))) -> 0 | BC12: =IF($A12="","",INDEX([1]Clasif_Pron!$I:$I,((ROW()-4)*12+9))) -> Cabo Verde | BD12: =IF($A12="","",INDEX([1]Clasif_Pron!$M:$M,((ROW()-4)*12+9))) -> 3 | BE12: =IF($A12="","",INDEX([1]Clasif_Pron!$N:$N,((ROW()-4)*12+9))) -> 10 | BF12: =IF($A12="","",INDEX([1]Clasif_Pron!$E:$E,((ROW()-4)*12+10))) -> Senegal | BG12: =IF($A12="","",INDEX([1]Clasif_Pron!$K:$K,((ROW()-4)*12+10))) -> 3 | BH12: =IF($A12="","",INDEX([1]Clasif_Pron!$G:$G,((ROW()-4)*12+10))) -> Noruega | BI12: =IF($A12="","",INDEX([1]Clasif_Pron!$L:$L,((ROW()-4)*12+10))) -> 6 | BJ12: =IF($A12="","",INDEX([1]Clasif_Pron!$I:$I,((ROW()-4)*12+10))) -> Irak | BK12: =IF($A12="","",INDEX([1]Clasif_Pron!$M:$M,((ROW()-4)*12+10))) -> 0 | BL12: =IF($A12="","",INDEX([1]Clasif_Pron!$N:$N,((ROW()-4)*12+10))) -> 9 | BM12: =IF($A12="","",INDEX([1]Clasif_Pron!$E:$E,((ROW()-4)*12+11))) -> Argentina | BN12: =IF($A12="","",INDEX([1]Clasif_Pron!$K:$K,((ROW()-4)*12+11))) -> 7 | BO12: =IF($A12="","",INDEX([1]Clasif_Pron!$G:$G,((ROW()-4)*12+11))) -> Jordania | BP12: =IF($A12="","",INDEX([1]Clasif_Pron!$L:$L,((ROW()-4)*12+11))) -> 0 | BQ12: =IF($A12="","",INDEX([1]Clasif_Pron!$I:$I,((ROW()-4)*12+11))) -> Austria | BR12: =IF($A12="","",INDEX([1]Clasif_Pron!$M:$M,((ROW()-4)*12+11))) -> 3 | BS12: =IF($A12="","",INDEX([1]Clasif_Pron!$N:$N,((ROW()-4)*12+11))) -> 10 | BT12: =IF($A12="","",INDEX([1]Clasif_Pron!$E:$E,((ROW()-4)*12+12))) -> Portugal | BU12: =IF($A12="","",INDEX([1]Clasif_Pron!$K:$K,((ROW()-4)*12+12))) -> 3 | BV12: =IF($A12="","",INDEX([1]Clasif_Pron!$G:$G,((ROW()-4)*12+12))) -> Colombia | BW12: =IF($A12="","",INDEX([1]Clasif_Pron!$L:$L,((ROW()-4)*12+12))) -> 3 | BX12: =IF($A12="","",INDEX([1]Clasif_Pron!$I:$I,((ROW()-4)*12+12))) -> Uzbekistán | BY12: =IF($A12="","",INDEX([1]Clasif_Pron!$M:$M,((ROW()-4)*12+12))) -> 0 | BZ12: =IF($A12="","",INDEX([1]Clasif_Pron!$N:$N,((ROW()-4)*12+12))) -> 6 | CA12: =IF($A12="","",INDEX([1]Clasif_Pron!$E:$E,((ROW()-4)*12+13))) -> Inglaterra | CB12: =IF($A12="","",INDEX([1]Clasif_Pron!$K:$K,((ROW()-4)*12+13))) -> 7 | CC12: =IF($A12="","",INDEX([1]Clasif_Pron!$G:$G,((ROW()-4)*12+13))) -> Panamá | CD12: =IF($A12="","",INDEX([1]Clasif_Pron!$L:$L,((ROW()-4)*12+13))) -> 0 | CE12: =IF($A12="","",INDEX([1]Clasif_Pron!$I:$I,((ROW()-4)*12+13))) -> Croacia | CF12: =IF($A12="","",INDEX([1]Clasif_Pron!$M:$M,((ROW()-4)*12+13))) -> 5 | CG12: =IF($A12="","",INDEX([1]Clasif_Pron!$N:$N,((ROW()-4)*12+13))) -> 12 | CH12: =IF($A12="","",SUM(H12,O12,V12,AC12,AJ12,AQ12,AX12,BE12,BL12,BS12,BZ12,CG12)) -> 112
A13: =[1]Participantes!B11 -> Cynthia | B13: =IF($A13="","",INDEX([1]Clasif_Pron!$E:$E,((ROW()-4)*12+2))) -> Sudáfrica | C13: =IF($A13="","",INDEX([1]Clasif_Pron!$K:$K,((ROW()-4)*12+2))) -> 3 | D13: =IF($A13="","",INDEX([1]Clasif_Pron!$G:$G,((ROW()-4)*12+2))) -> México | E13: =IF($A13="","",INDEX([1]Clasif_Pron!$L:$L,((ROW()-4)*12+2))) -> 3 | F13: =IF($A13="","",INDEX([1]Clasif_Pron!$I:$I,((ROW()-4)*12+2))) -> Corea República | G13: =IF($A13="","",INDEX([1]Clasif_Pron!$M:$M,((ROW()-4)*12+2))) -> 5 | H13: =IF($A13="","",INDEX([1]Clasif_Pron!$N:$N,((ROW()-4)*12+2))) -> 11 | I13: =IF($A13="","",INDEX([1]Clasif_Pron!$E:$E,((ROW()-4)*12+3))) -> Canadá | J13: =IF($A13="","",INDEX([1]Clasif_Pron!$K:$K,((ROW()-4)*12+3))) -> 3 | K13: =IF($A13="","",INDEX([1]Clasif_Pron!$G:$G,((ROW()-4)*12+3))) -> Suiza | L13: =IF($A13="","",INDEX([1]Clasif_Pron!$L:$L,((ROW()-4)*12+3))) -> 3 | M13: =IF($A13="","",INDEX([1]Clasif_Pron!$I:$I,((ROW()-4)*12+3))) -> Qatar | N13: =IF($A13="","",INDEX([1]Clasif_Pron!$M:$M,((ROW()-4)*12+3))) -> 0 | O13: =IF($A13="","",INDEX([1]Clasif_Pron!$N:$N,((ROW()-4)*12+3))) -> 6 | P13: =IF($A13="","",INDEX([1]Clasif_Pron!$E:$E,((ROW()-4)*12+4))) -> Brasil | Q13: =IF($A13="","",INDEX([1]Clasif_Pron!$K:$K,((ROW()-4)*12+4))) -> 7 | R13: =IF($A13="","",INDEX([1]Clasif_Pron!$G:$G,((ROW()-4)*12+4))) -> Marruecos | S13: =IF($A13="","",INDEX([1]Clasif_Pron!$L:$L,((ROW()-4)*12+4))) -> 6 | T13: =IF($A13="","",INDEX([1]Clasif_Pron!$I:$I,((ROW()-4)*12+4))) -> Escocia | U13: =IF($A13="","",INDEX([1]Clasif_Pron!$M:$M,((ROW()-4)*12+4))) -> 0 | V13: =IF($A13="","",INDEX([1]Clasif_Pron!$N:$N,((ROW()-4)*12+4))) -> 13 | W13: =IF($A13="","",INDEX([1]Clasif_Pron!$E:$E,((ROW()-4)*12+5))) -> Estados Unidos | X13: =IF($A13="","",INDEX([1]Clasif_Pron!$K:$K,((ROW()-4)*12+5))) -> 7 | Y13: =IF($A13="","",INDEX([1]Clasif_Pron!$G:$G,((ROW()-4)*12+5))) -> Australia | Z13: =IF($A13="","",INDEX([1]Clasif_Pron!$L:$L,((ROW()-4)*12+5))) -> 6 | AA13: =IF($A13="","",INDEX([1]Clasif_Pron!$I:$I,((ROW()-4)*12+5))) -> Türkiye | AB13: =IF($A13="","",INDEX([1]Clasif_Pron!$M:$M,((ROW()-4)*12+5))) -> 0 | AC13: =IF($A13="","",INDEX([1]Clasif_Pron!$N:$N,((ROW()-4)*12+5))) -> 13 | AD13: =IF($A13="","",INDEX([1]Clasif_Pron!$E:$E,((ROW()-4)*12+6))) -> Alemania | AE13: =IF($A13="","",INDEX([1]Clasif_Pron!$K:$K,((ROW()-4)*12+6))) -> 7 | AF13: =IF($A13="","",INDEX([1]Clasif_Pron!$G:$G,((ROW()-4)*12+6))) -> Ecuador | AG13: =IF($A13="","",INDEX([1]Clasif_Pron!$L:$L,((ROW()-4)*12+6))) -> 3 | AH13: =IF($A13="","",INDEX([1]Clasif_Pron!$I:$I,((ROW()-4)*12+6))) -> Costa de Marfil | AI13: =IF($A13="","",INDEX([1]Clasif_Pron!$M:$M,((ROW()-4)*12+6))) -> 3 | AJ13: =IF($A13="","",INDEX([1]Clasif_Pron!$N:$N,((ROW()-4)*12+6))) -> 13 | AK13: =IF($A13="","",INDEX([1]Clasif_Pron!$E:$E,((ROW()-4)*12+7))) -> Países Bajos | AL13: =IF($A13="","",INDEX([1]Clasif_Pron!$K:$K,((ROW()-4)*12+7))) -> 7 | AM13: =IF($A13="","",INDEX([1]Clasif_Pron!$G:$G,((ROW()-4)*12+7))) -> Suecia | AN13: =IF($A13="","",INDEX([1]Clasif_Pron!$L:$L,((ROW()-4)*12+7))) -> 3 | AO13: =IF($A13="","",INDEX([1]Clasif_Pron!$I:$I,((ROW()-4)*12+7))) -> Japón | AP13: =IF($A13="","",INDEX([1]Clasif_Pron!$M:$M,((ROW()-4)*12+7))) -> 3 | AQ13: =IF($A13="","",INDEX([1]Clasif_Pron!$N:$N,((ROW()-4)*12+7))) -> 13 | AR13: =IF($A13="","",INDEX([1]Clasif_Pron!$E:$E,((ROW()-4)*12+8))) -> Bélgica | AS13: =IF($A13="","",INDEX([1]Clasif_Pron!$K:$K,((ROW()-4)*12+8))) -> 7 | AT13: =IF($A13="","",INDEX([1]Clasif_Pron!$G:$G,((ROW()-4)*12+8))) -> Egipto | AU13: =IF($A13="","",INDEX([1]Clasif_Pron!$L:$L,((ROW()-4)*12+8))) -> 6 | AV13: =IF($A13="","",INDEX([1]Clasif_Pron!$I:$I,((ROW()-4)*12+8))) -> Irán | AW13: =IF($A13="","",INDEX([1]Clasif_Pron!$M:$M,((ROW()-4)*12+8))) -> 5 | AX13: =IF($A13="","",INDEX([1]Clasif_Pron!$N:$N,((ROW()-4)*12+8))) -> 18 | AY13: =IF($A13="","",INDEX([1]Clasif_Pron!$E:$E,((ROW()-4)*12+9))) -> Arabia Saudita | AZ13: =IF($A13="","",INDEX([1]Clasif_Pron!$K:$K,((ROW()-4)*12+9))) -> 0 | BA13: =IF($A13="","",INDEX([1]Clasif_Pron!$G:$G,((ROW()-4)*12+9))) -> España | BB13: =IF($A13="","",INDEX([1]Clasif_Pron!$L:$L,((ROW()-4)*12+9))) -> 3 | BC13: =IF($A13="","",INDEX([1]Clasif_Pron!$I:$I,((ROW()-4)*12+9))) -> Uruguay | BD13: =IF($A13="","",INDEX([1]Clasif_Pron!$M:$M,((ROW()-4)*12+9))) -> 0 | BE13: =IF($A13="","",INDEX([1]Clasif_Pron!$N:$N,((ROW()-4)*12+9))) -> 3 | BF13: =IF($A13="","",INDEX([1]Clasif_Pron!$E:$E,((ROW()-4)*12+10))) -> Francia | BG13: =IF($A13="","",INDEX([1]Clasif_Pron!$K:$K,((ROW()-4)*12+10))) -> 7 | BH13: =IF($A13="","",INDEX([1]Clasif_Pron!$G:$G,((ROW()-4)*12+10))) -> Senegal | BI13: =IF($A13="","",INDEX([1]Clasif_Pron!$L:$L,((ROW()-4)*12+10))) -> 3 | BJ13: =IF($A13="","",INDEX([1]Clasif_Pron!$I:$I,((ROW()-4)*12+10))) -> Irak | BK13: =IF($A13="","",INDEX([1]Clasif_Pron!$M:$M,((ROW()-4)*12+10))) -> 0 | BL13: =IF($A13="","",INDEX([1]Clasif_Pron!$N:$N,((ROW()-4)*12+10))) -> 10 | BM13: =IF($A13="","",INDEX([1]Clasif_Pron!$E:$E,((ROW()-4)*12+11))) -> Argentina | BN13: =IF($A13="","",INDEX([1]Clasif_Pron!$K:$K,((ROW()-4)*12+11))) -> 7 | BO13: =IF($A13="","",INDEX([1]Clasif_Pron!$G:$G,((ROW()-4)*12+11))) -> Argelia | BP13: =IF($A13="","",INDEX([1]Clasif_Pron!$L:$L,((ROW()-4)*12+11))) -> 0 | BQ13: =IF($A13="","",INDEX([1]Clasif_Pron!$I:$I,((ROW()-4)*12+11))) -> Austria | BR13: =IF($A13="","",INDEX([1]Clasif_Pron!$M:$M,((ROW()-4)*12+11))) -> 3 | BS13: =IF($A13="","",INDEX([1]Clasif_Pron!$N:$N,((ROW()-4)*12+11))) -> 10 | BT13: =IF($A13="","",INDEX([1]Clasif_Pron!$E:$E,((ROW()-4)*12+12))) -> Colombia | BU13: =IF($A13="","",INDEX([1]Clasif_Pron!$K:$K,((ROW()-4)*12+12))) -> 7 | BV13: =IF($A13="","",INDEX([1]Clasif_Pron!$G:$G,((ROW()-4)*12+12))) -> Portugal | BW13: =IF($A13="","",INDEX([1]Clasif_Pron!$L:$L,((ROW()-4)*12+12))) -> 6 | BX13: =IF($A13="","",INDEX([1]Clasif_Pron!$I:$I,((ROW()-4)*12+12))) -> RD Congo | BY13: =IF($A13="","",INDEX([1]Clasif_Pron!$M:$M,((ROW()-4)*12+12))) -> 0 | BZ13: =IF($A13="","",INDEX([1]Clasif_Pron!$N:$N,((ROW()-4)*12+12))) -> 13 | CA13: =IF($A13="","",INDEX([1]Clasif_Pron!$E:$E,((ROW()-4)*12+13))) -> Inglaterra | CB13: =IF($A13="","",INDEX([1]Clasif_Pron!$K:$K,((ROW()-4)*12+13))) -> 7 | CC13: =IF($A13="","",INDEX([1]Clasif_Pron!$G:$G,((ROW()-4)*12+13))) -> Panamá | CD13: =IF($A13="","",INDEX([1]Clasif_Pron!$L:$L,((ROW()-4)*12+13))) -> 0 | CE13: =IF($A13="","",INDEX([1]Clasif_Pron!$I:$I,((ROW()-4)*12+13))) -> Croacia | CF13: =IF($A13="","",INDEX([1]Clasif_Pron!$M:$M,((ROW()-4)*12+13))) -> 5 | CG13: =IF($A13="","",INDEX([1]Clasif_Pron!$N:$N,((ROW()-4)*12+13))) -> 12 | CH13: =IF($A13="","",SUM(H13,O13,V13,AC13,AJ13,AQ13,AX13,BE13,BL13,BS13,BZ13,CG13)) -> 135
A14: =[1]Participantes!B12 -> Edward | B14: =IF($A14="","",INDEX([1]Clasif_Pron!$E:$E,((ROW()-4)*12+2))) -> México | C14: =IF($A14="","",INDEX([1]Clasif_Pron!$K:$K,((ROW()-4)*12+2))) -> 7 | D14: =IF($A14="","",INDEX([1]Clasif_Pron!$G:$G,((ROW()-4)*12+2))) -> Corea República | E14: =IF($A14="","",INDEX([1]Clasif_Pron!$L:$L,((ROW()-4)*12+2))) -> 3 | F14: =IF($A14="","",INDEX([1]Clasif_Pron!$I:$I,((ROW()-4)*12+2))) -> Chequia | G14: =IF($A14="","",INDEX([1]Clasif_Pron!$M:$M,((ROW()-4)*12+2))) -> 0 | H14: =IF($A14="","",INDEX([1]Clasif_Pron!$N:$N,((ROW()-4)*12+2))) -> 10 | I14: =IF($A14="","",INDEX([1]Clasif_Pron!$E:$E,((ROW()-4)*12+3))) -> Canadá | J14: =IF($A14="","",INDEX([1]Clasif_Pron!$K:$K,((ROW()-4)*12+3))) -> 3 | K14: =IF($A14="","",INDEX([1]Clasif_Pron!$G:$G,((ROW()-4)*12+3))) -> Suiza | L14: =IF($A14="","",INDEX([1]Clasif_Pron!$L:$L,((ROW()-4)*12+3))) -> 3 | M14: =IF($A14="","",INDEX([1]Clasif_Pron!$I:$I,((ROW()-4)*12+3))) -> Bosnia y Herzegovina | N14: =IF($A14="","",INDEX([1]Clasif_Pron!$M:$M,((ROW()-4)*12+3))) -> 5 | O14: =IF($A14="","",INDEX([1]Clasif_Pron!$N:$N,((ROW()-4)*12+3))) -> 11 | P14: =IF($A14="","",INDEX([1]Clasif_Pron!$E:$E,((ROW()-4)*12+4))) -> Brasil | Q14: =IF($A14="","",INDEX([1]Clasif_Pron!$K:$K,((ROW()-4)*12+4))) -> 7 | R14: =IF($A14="","",INDEX([1]Clasif_Pron!$G:$G,((ROW()-4)*12+4))) -> Marruecos | S14: =IF($A14="","",INDEX([1]Clasif_Pron!$L:$L,((ROW()-4)*12+4))) -> 6 | T14: =IF($A14="","",INDEX([1]Clasif_Pron!$I:$I,((ROW()-4)*12+4))) -> Escocia | U14: =IF($A14="","",INDEX([1]Clasif_Pron!$M:$M,((ROW()-4)*12+4))) -> 0 | V14: =IF($A14="","",INDEX([1]Clasif_Pron!$N:$N,((ROW()-4)*12+4))) -> 13 | W14: =IF($A14="","",INDEX([1]Clasif_Pron!$E:$E,((ROW()-4)*12+5))) -> Türkiye | X14: =IF($A14="","",INDEX([1]Clasif_Pron!$K:$K,((ROW()-4)*12+5))) -> 0 | Y14: =IF($A14="","",INDEX([1]Clasif_Pron!$G:$G,((ROW()-4)*12+5))) -> Estados Unidos | Z14: =IF($A14="","",INDEX([1]Clasif_Pron!$L:$L,((ROW()-4)*12+5))) -> 3 | AA14: =IF($A14="","",INDEX([1]Clasif_Pron!$I:$I,((ROW()-4)*12+5))) -> Paraguay | AB14: =IF($A14="","",INDEX([1]Clasif_Pron!$M:$M,((ROW()-4)*12+5))) -> 5 | AC14: =IF($A14="","",INDEX([1]Clasif_Pron!$N:$N,((ROW()-4)*12+5))) -> 8 | AD14: =IF($A14="","",INDEX([1]Clasif_Pron!$E:$E,((ROW()-4)*12+6))) -> Alemania | AE14: =IF($A14="","",INDEX([1]Clasif_Pron!$K:$K,((ROW()-4)*12+6))) -> 7 | AF14: =IF($A14="","",INDEX([1]Clasif_Pron!$G:$G,((ROW()-4)*12+6))) -> Ecuador | AG14: =IF($A14="","",INDEX([1]Clasif_Pron!$L:$L,((ROW()-4)*12+6))) -> 3 | AH14: =IF($A14="","",INDEX([1]Clasif_Pron!$I:$I,((ROW()-4)*12+6))) -> Costa de Marfil | AI14: =IF($A14="","",INDEX([1]Clasif_Pron!$M:$M,((ROW()-4)*12+6))) -> 3 | AJ14: =IF($A14="","",INDEX([1]Clasif_Pron!$N:$N,((ROW()-4)*12+6))) -> 13 | AK14: =IF($A14="","",INDEX([1]Clasif_Pron!$E:$E,((ROW()-4)*12+7))) -> Países Bajos | AL14: =IF($A14="","",INDEX([1]Clasif_Pron!$K:$K,((ROW()-4)*12+7))) -> 7 | AM14: =IF($A14="","",INDEX([1]Clasif_Pron!$G:$G,((ROW()-4)*12+7))) -> Suecia | AN14: =IF($A14="","",INDEX([1]Clasif_Pron!$L:$L,((ROW()-4)*12+7))) -> 3 | AO14: =IF($A14="","",INDEX([1]Clasif_Pron!$I:$I,((ROW()-4)*12+7))) -> Japón | AP14: =IF($A14="","",INDEX([1]Clasif_Pron!$M:$M,((ROW()-4)*12+7))) -> 3 | AQ14: =IF($A14="","",INDEX([1]Clasif_Pron!$N:$N,((ROW()-4)*12+7))) -> 13 | AR14: =IF($A14="","",INDEX([1]Clasif_Pron!$E:$E,((ROW()-4)*12+8))) -> Bélgica | AS14: =IF($A14="","",INDEX([1]Clasif_Pron!$K:$K,((ROW()-4)*12+8))) -> 7 | AT14: =IF($A14="","",INDEX([1]Clasif_Pron!$G:$G,((ROW()-4)*12+8))) -> Irán | AU14: =IF($A14="","",INDEX([1]Clasif_Pron!$L:$L,((ROW()-4)*12+8))) -> 3 | AV14: =IF($A14="","",INDEX([1]Clasif_Pron!$I:$I,((ROW()-4)*12+8))) -> Egipto | AW14: =IF($A14="","",INDEX([1]Clasif_Pron!$M:$M,((ROW()-4)*12+8))) -> 3 | AX14: =IF($A14="","",INDEX([1]Clasif_Pron!$N:$N,((ROW()-4)*12+8))) -> 13 | AY14: =IF($A14="","",INDEX([1]Clasif_Pron!$E:$E,((ROW()-4)*12+9))) -> España | AZ14: =IF($A14="","",INDEX([1]Clasif_Pron!$K:$K,((ROW()-4)*12+9))) -> 7 | BA14: =IF($A14="","",INDEX([1]Clasif_Pron!$G:$G,((ROW()-4)*12+9))) -> Uruguay | BB14: =IF($A14="","",INDEX([1]Clasif_Pron!$L:$L,((ROW()-4)*12+9))) -> 0 | BC14: =IF($A14="","",INDEX([1]Clasif_Pron!$I:$I,((ROW()-4)*12+9))) -> Arabia Saudita | BD14: =IF($A14="","",INDEX([1]Clasif_Pron!$M:$M,((ROW()-4)*12+9))) -> 0 | BE14: =IF($A14="","",INDEX([1]Clasif_Pron!$N:$N,((ROW()-4)*12+9))) -> 7 | BF14: =IF($A14="","",INDEX([1]Clasif_Pron!$E:$E,((ROW()-4)*12+10))) -> Noruega | BG14: =IF($A14="","",INDEX([1]Clasif_Pron!$K:$K,((ROW()-4)*12+10))) -> 3 | BH14: =IF($A14="","",INDEX([1]Clasif_Pron!$G:$G,((ROW()-4)*12+10))) -> Francia | BI14: =IF($A14="","",INDEX([1]Clasif_Pron!$L:$L,((ROW()-4)*12+10))) -> 3 | BJ14: =IF($A14="","",INDEX([1]Clasif_Pron!$I:$I,((ROW()-4)*12+10))) -> Senegal | BK14: =IF($A14="","",INDEX([1]Clasif_Pron!$M:$M,((ROW()-4)*12+10))) -> 5 | BL14: =IF($A14="","",INDEX([1]Clasif_Pron!$N:$N,((ROW()-4)*12+10))) -> 11 | BM14: =IF($A14="","",INDEX([1]Clasif_Pron!$E:$E,((ROW()-4)*12+11))) -> Argentina | BN14: =IF($A14="","",INDEX([1]Clasif_Pron!$K:$K,((ROW()-4)*12+11))) -> 7 | BO14: =IF($A14="","",INDEX([1]Clasif_Pron!$G:$G,((ROW()-4)*12+11))) -> Austria | BP14: =IF($A14="","",INDEX([1]Clasif_Pron!$L:$L,((ROW()-4)*12+11))) -> 6 | BQ14: =IF($A14="","",INDEX([1]Clasif_Pron!$I:$I,((ROW()-4)*12+11))) -> Argelia | BR14: =IF($A14="","",INDEX([1]Clasif_Pron!$M:$M,((ROW()-4)*12+11))) -> 0 | BS14: =IF($A14="","",INDEX([1]Clasif_Pron!$N:$N,((ROW()-4)*12+11))) -> 13 | BT14: =IF($A14="","",INDEX([1]Clasif_Pron!$E:$E,((ROW()-4)*12+12))) -> Portugal | BU14: =IF($A14="","",INDEX([1]Clasif_Pron!$K:$K,((ROW()-4)*12+12))) -> 3 | BV14: =IF($A14="","",INDEX([1]Clasif_Pron!$G:$G,((ROW()-4)*12+12))) -> Colombia | BW14: =IF($A14="","",INDEX([1]Clasif_Pron!$L:$L,((ROW()-4)*12+12))) -> 3 | BX14: =IF($A14="","",INDEX([1]Clasif_Pron!$I:$I,((ROW()-4)*12+12))) -> RD Congo | BY14: =IF($A14="","",INDEX([1]Clasif_Pron!$M:$M,((ROW()-4)*12+12))) -> 0 | BZ14: =IF($A14="","",INDEX([1]Clasif_Pron!$N:$N,((ROW()-4)*12+12))) -> 6 | CA14: =IF($A14="","",INDEX([1]Clasif_Pron!$E:$E,((ROW()-4)*12+13))) -> Inglaterra | CB14: =IF($A14="","",INDEX([1]Clasif_Pron!$K:$K,((ROW()-4)*12+13))) -> 7 | CC14: =IF($A14="","",INDEX([1]Clasif_Pron!$G:$G,((ROW()-4)*12+13))) -> Croacia | CD14: =IF($A14="","",INDEX([1]Clasif_Pron!$L:$L,((ROW()-4)*12+13))) -> 3 | CE14: =IF($A14="","",INDEX([1]Clasif_Pron!$I:$I,((ROW()-4)*12+13))) -> Panamá | CF14: =IF($A14="","",INDEX([1]Clasif_Pron!$M:$M,((ROW()-4)*12+13))) -> 0 | CG14: =IF($A14="","",INDEX([1]Clasif_Pron!$N:$N,((ROW()-4)*12+13))) -> 10 | CH14: =IF($A14="","",SUM(H14,O14,V14,AC14,AJ14,AQ14,AX14,BE14,BL14,BS14,BZ14,CG14)) -> 128
A15: =[1]Participantes!B13 -> Espinosa L. | B15: =IF($A15="","",INDEX([1]Clasif_Pron!$E:$E,((ROW()-4)*12+2))) -> México | C15: =IF($A15="","",INDEX([1]Clasif_Pron!$K:$K,((ROW()-4)*12+2))) -> 7 | D15: =IF($A15="","",INDEX([1]Clasif_Pron!$G:$G,((ROW()-4)*12+2))) -> Chequia | E15: =IF($A15="","",INDEX([1]Clasif_Pron!$L:$L,((ROW()-4)*12+2))) -> 0 | F15: =IF($A15="","",INDEX([1]Clasif_Pron!$I:$I,((ROW()-4)*12+2))) -> Corea República | G15: =IF($A15="","",INDEX([1]Clasif_Pron!$M:$M,((ROW()-4)*12+2))) -> 5 | H15: =IF($A15="","",INDEX([1]Clasif_Pron!$N:$N,((ROW()-4)*12+2))) -> 12 | I15: =IF($A15="","",INDEX([1]Clasif_Pron!$E:$E,((ROW()-4)*12+3))) -> Canadá | J15: =IF($A15="","",INDEX([1]Clasif_Pron!$K:$K,((ROW()-4)*12+3))) -> 3 | K15: =IF($A15="","",INDEX([1]Clasif_Pron!$G:$G,((ROW()-4)*12+3))) -> Bosnia y Herzegovina | L15: =IF($A15="","",INDEX([1]Clasif_Pron!$L:$L,((ROW()-4)*12+3))) -> 3 | M15: =IF($A15="","",INDEX([1]Clasif_Pron!$I:$I,((ROW()-4)*12+3))) -> Suiza | N15: =IF($A15="","",INDEX([1]Clasif_Pron!$M:$M,((ROW()-4)*12+3))) -> 3 | O15: =IF($A15="","",INDEX([1]Clasif_Pron!$N:$N,((ROW()-4)*12+3))) -> 9 | P15: =IF($A15="","",INDEX([1]Clasif_Pron!$E:$E,((ROW()-4)*12+4))) -> Brasil | Q15: =IF($A15="","",INDEX([1]Clasif_Pron!$K:$K,((ROW()-4)*12+4))) -> 7 | R15: =IF($A15="","",INDEX([1]Clasif_Pron!$G:$G,((ROW()-4)*12+4))) -> Marruecos | S15: =IF($A15="","",INDEX([1]Clasif_Pron!$L:$L,((ROW()-4)*12+4))) -> 6 | T15: =IF($A15="","",INDEX([1]Clasif_Pron!$I:$I,((ROW()-4)*12+4))) -> Haití | U15: =IF($A15="","",INDEX([1]Clasif_Pron!$M:$M,((ROW()-4)*12+4))) -> 0 | V15: =IF($A15="","",INDEX([1]Clasif_Pron!$N:$N,((ROW()-4)*12+4))) -> 13 | W15: =IF($A15="","",INDEX([1]Clasif_Pron!$E:$E,((ROW()-4)*12+5))) -> Estados Unidos | X15: =IF($A15="","",INDEX([1]Clasif_Pron!$K:$K,((ROW()-4)*12+5))) -> 7 | Y15: =IF($A15="","",INDEX([1]Clasif_Pron!$G:$G,((ROW()-4)*12+5))) -> Australia | Z15: =IF($A15="","",INDEX([1]Clasif_Pron!$L:$L,((ROW()-4)*12+5))) -> 6 | AA15: =IF($A15="","",INDEX([1]Clasif_Pron!$I:$I,((ROW()-4)*12+5))) -> Paraguay | AB15: =IF($A15="","",INDEX([1]Clasif_Pron!$M:$M,((ROW()-4)*12+5))) -> 5 | AC15: =IF($A15="","",INDEX([1]Clasif_Pron!$N:$N,((ROW()-4)*12+5))) -> 18 | AD15: =IF($A15="","",INDEX([1]Clasif_Pron!$E:$E,((ROW()-4)*12+6))) -> Alemania | AE15: =IF($A15="","",INDEX([1]Clasif_Pron!$K:$K,((ROW()-4)*12+6))) -> 7 | AF15: =IF($A15="","",INDEX([1]Clasif_Pron!$G:$G,((ROW()-4)*12+6))) -> Ecuador | AG15: =IF($A15="","",INDEX([1]Clasif_Pron!$L:$L,((ROW()-4)*12+6))) -> 3 | AH15: =IF($A15="","",INDEX([1]Clasif_Pron!$I:$I,((ROW()-4)*12+6))) -> Costa de Marfil | AI15: =IF($A15="","",INDEX([1]Clasif_Pron!$M:$M,((ROW()-4)*12+6))) -> 3 | AJ15: =IF($A15="","",INDEX([1]Clasif_Pron!$N:$N,((ROW()-4)*12+6))) -> 13 | AK15: =IF($A15="","",INDEX([1]Clasif_Pron!$E:$E,((ROW()-4)*12+7))) -> Japón | AL15: =IF($A15="","",INDEX([1]Clasif_Pron!$K:$K,((ROW()-4)*12+7))) -> 3 | AM15: =IF($A15="","",INDEX([1]Clasif_Pron!$G:$G,((ROW()-4)*12+7))) -> Países Bajos | AN15: =IF($A15="","",INDEX([1]Clasif_Pron!$L:$L,((ROW()-4)*12+7))) -> 3 | AO15: =IF($A15="","",INDEX([1]Clasif_Pron!$I:$I,((ROW()-4)*12+7))) -> Suecia | AP15: =IF($A15="","",INDEX([1]Clasif_Pron!$M:$M,((ROW()-4)*12+7))) -> 5 | AQ15: =IF($A15="","",INDEX([1]Clasif_Pron!$N:$N,((ROW()-4)*12+7))) -> 11 | AR15: =IF($A15="","",INDEX([1]Clasif_Pron!$E:$E,((ROW()-4)*12+8))) -> Bélgica | AS15: =IF($A15="","",INDEX([1]Clasif_Pron!$K:$K,((ROW()-4)*12+8))) -> 7 | AT15: =IF($A15="","",INDEX([1]Clasif_Pron!$G:$G,((ROW()-4)*12+8))) -> Irán | AU15: =IF($A15="","",INDEX([1]Clasif_Pron!$L:$L,((ROW()-4)*12+8))) -> 3 | AV15: =IF($A15="","",INDEX([1]Clasif_Pron!$I:$I,((ROW()-4)*12+8))) -> Egipto | AW15: =IF($A15="","",INDEX([1]Clasif_Pron!$M:$M,((ROW()-4)*12+8))) -> 3 | AX15: =IF($A15="","",INDEX([1]Clasif_Pron!$N:$N,((ROW()-4)*12+8))) -> 13 | AY15: =IF($A15="","",INDEX([1]Clasif_Pron!$E:$E,((ROW()-4)*12+9))) -> España | AZ15: =IF($A15="","",INDEX([1]Clasif_Pron!$K:$K,((ROW()-4)*12+9))) -> 7 | BA15: =IF($A15="","",INDEX([1]Clasif_Pron!$G:$G,((ROW()-4)*12+9))) -> Uruguay | BB15: =IF($A15="","",INDEX([1]Clasif_Pron!$L:$L,((ROW()-4)*12+9))) -> 0 | BC15: =IF($A15="","",INDEX([1]Clasif_Pron!$I:$I,((ROW()-4)*12+9))) -> Arabia Saudita | BD15: =IF($A15="","",INDEX([1]Clasif_Pron!$M:$M,((ROW()-4)*12+9))) -> 0 | BE15: =IF($A15="","",INDEX([1]Clasif_Pron!$N:$N,((ROW()-4)*12+9))) -> 7 | BF15: =IF($A15="","",INDEX([1]Clasif_Pron!$E:$E,((ROW()-4)*12+10))) -> Francia | BG15: =IF($A15="","",INDEX([1]Clasif_Pron!$K:$K,((ROW()-4)*12+10))) -> 7 | BH15: =IF($A15="","",INDEX([1]Clasif_Pron!$G:$G,((ROW()-4)*12+10))) -> Noruega | BI15: =IF($A15="","",INDEX([1]Clasif_Pron!$L:$L,((ROW()-4)*12+10))) -> 6 | BJ15: =IF($A15="","",INDEX([1]Clasif_Pron!$I:$I,((ROW()-4)*12+10))) -> Irak | BK15: =IF($A15="","",INDEX([1]Clasif_Pron!$M:$M,((ROW()-4)*12+10))) -> 0 | BL15: =IF($A15="","",INDEX([1]Clasif_Pron!$N:$N,((ROW()-4)*12+10))) -> 13 | BM15: =IF($A15="","",INDEX([1]Clasif_Pron!$E:$E,((ROW()-4)*12+11))) -> Argentina | BN15: =IF($A15="","",INDEX([1]Clasif_Pron!$K:$K,((ROW()-4)*12+11))) -> 7 | BO15: =IF($A15="","",INDEX([1]Clasif_Pron!$G:$G,((ROW()-4)*12+11))) -> Austria | BP15: =IF($A15="","",INDEX([1]Clasif_Pron!$L:$L,((ROW()-4)*12+11))) -> 6 | BQ15: =IF($A15="","",INDEX([1]Clasif_Pron!$I:$I,((ROW()-4)*12+11))) -> Jordania | BR15: =IF($A15="","",INDEX([1]Clasif_Pron!$M:$M,((ROW()-4)*12+11))) -> 0 | BS15: =IF($A15="","",INDEX([1]Clasif_Pron!$N:$N,((ROW()-4)*12+11))) -> 13 | BT15: =IF($A15="","",INDEX([1]Clasif_Pron!$E:$E,((ROW()-4)*12+12))) -> Portugal | BU15: =IF($A15="","",INDEX([1]Clasif_Pron!$K:$K,((ROW()-4)*12+12))) -> 3 | BV15: =IF($A15="","",INDEX([1]Clasif_Pron!$G:$G,((ROW()-4)*12+12))) -> Colombia | BW15: =IF($A15="","",INDEX([1]Clasif_Pron!$L:$L,((ROW()-4)*12+12))) -> 3 | BX15: =IF($A15="","",INDEX([1]Clasif_Pron!$I:$I,((ROW()-4)*12+12))) -> Uzbekistán | BY15: =IF($A15="","",INDEX([1]Clasif_Pron!$M:$M,((ROW()-4)*12+12))) -> 0 | BZ15: =IF($A15="","",INDEX([1]Clasif_Pron!$N:$N,((ROW()-4)*12+12))) -> 6 | CA15: =IF($A15="","",INDEX([1]Clasif_Pron!$E:$E,((ROW()-4)*12+13))) -> Inglaterra | CB15: =IF($A15="","",INDEX([1]Clasif_Pron!$K:$K,((ROW()-4)*12+13))) -> 7 | CC15: =IF($A15="","",INDEX([1]Clasif_Pron!$G:$G,((ROW()-4)*12+13))) -> Panamá | CD15: =IF($A15="","",INDEX([1]Clasif_Pron!$L:$L,((ROW()-4)*12+13))) -> 0 | CE15: =IF($A15="","",INDEX([1]Clasif_Pron!$I:$I,((ROW()-4)*12+13))) -> Croacia | CF15: =IF($A15="","",INDEX([1]Clasif_Pron!$M:$M,((ROW()-4)*12+13))) -> 5 | CG15: =IF($A15="","",INDEX([1]Clasif_Pron!$N:$N,((ROW()-4)*12+13))) -> 12 | CH15: =IF($A15="","",SUM(H15,O15,V15,AC15,AJ15,AQ15,AX15,BE15,BL15,BS15,BZ15,CG15)) -> 140
... A52: =[1]Participantes!B50 -> Waldo | B52: =IF($A52="","",INDEX([1]Clasif_Pron!$E:$E,((ROW()-4)*12+2))) -> Corea República | C52: =IF($A52="","",INDEX([1]Clasif_Pron!$K:$K,((ROW()-4)*12+2))) -> 3 | D52: =IF($A52="","",INDEX([1]Clasif_Pron!$G:$G,((ROW()-4)*12+2))) -> México | E52: =IF($A52="","",INDEX([1]Clasif_Pron!$L:$L,((ROW()-4)*12+2))) -> 3 | F52: =IF($A52="","",INDEX([1]Clasif_Pron!$I:$I,((ROW()-4)*12+2))) -> Chequia | G52: =IF($A52="","",INDEX([1]Clasif_Pron!$M:$M,((ROW()-4)*12+2))) -> 0 | H52: =IF($A52="","",INDEX([1]Clasif_Pron!$N:$N,((ROW()-4)*12+2))) -> 6 | I52: =IF($A52="","",INDEX([1]Clasif_Pron!$E:$E,((ROW()-4)*12+3))) -> Suiza | J52: =IF($A52="","",INDEX([1]Clasif_Pron!$K:$K,((ROW()-4)*12+3))) -> 7 | K52: =IF($A52="","",INDEX([1]Clasif_Pron!$G:$G,((ROW()-4)*12+3))) -> Canadá | L52: =IF($A52="","",INDEX([1]Clasif_Pron!$L:$L,((ROW()-4)*12+3))) -> 6 | M52: =IF($A52="","",INDEX([1]Clasif_Pron!$I:$I,((ROW()-4)*12+3))) -> Bosnia y Herzegovina | N52: =IF($A52="","",INDEX([1]Clasif_Pron!$M:$M,((ROW()-4)*12+3))) -> 5 | O52: =IF($A52="","",INDEX([1]Clasif_Pron!$N:$N,((ROW()-4)*12+3))) -> 18 | P52: =IF($A52="","",INDEX([1]Clasif_Pron!$E:$E,((ROW()-4)*12+4))) -> Marruecos | Q52: =IF($A52="","",INDEX([1]Clasif_Pron!$K:$K,((ROW()-4)*12+4))) -> 3 | R52: =IF($A52="","",INDEX([1]Clasif_Pron!$G:$G,((ROW()-4)*12+4))) -> Brasil | S52: =IF($A52="","",INDEX([1]Clasif_Pron!$L:$L,((ROW()-4)*12+4))) -> 3 | T52: =IF($A52="","",INDEX([1]Clasif_Pron!$I:$I,((ROW()-4)*12+4))) -> Escocia | U52: =IF($A52="","",INDEX([1]Clasif_Pron!$M:$M,((ROW()-4)*12+4))) -> 0 | V52: =IF($A52="","",INDEX([1]Clasif_Pron!$N:$N,((ROW()-4)*12+4))) -> 6 | W52: =IF($A52="","",INDEX([1]Clasif_Pron!$E:$E,((ROW()-4)*12+5))) -> Estados Unidos | X52: =IF($A52="","",INDEX([1]Clasif_Pron!$K:$K,((ROW()-4)*12+5))) -> 7 | Y52: =IF($A52="","",INDEX([1]Clasif_Pron!$G:$G,((ROW()-4)*12+5))) -> Türkiye | Z52: =IF($A52="","",INDEX([1]Clasif_Pron!$L:$L,((ROW()-4)*12+5))) -> 0 | AA52: =IF($A52="","",INDEX([1]Clasif_Pron!$I:$I,((ROW()-4)*12+5))) -> Paraguay | AB52: =IF($A52="","",INDEX([1]Clasif_Pron!$M:$M,((ROW()-4)*12+5))) -> 5 | AC52: =IF($A52="","",INDEX([1]Clasif_Pron!$N:$N,((ROW()-4)*12+5))) -> 12 | AD52: =IF($A52="","",INDEX([1]Clasif_Pron!$E:$E,((ROW()-4)*12+6))) -> Alemania | AE52: =IF($A52="","",INDEX([1]Clasif_Pron!$K:$K,((ROW()-4)*12+6))) -> 7 | AF52: =IF($A52="","",INDEX([1]Clasif_Pron!$G:$G,((ROW()-4)*12+6))) -> Costa de Marfil | AG52: =IF($A52="","",INDEX([1]Clasif_Pron!$L:$L,((ROW()-4)*12+6))) -> 6 | AH52: =IF($A52="","",INDEX([1]Clasif_Pron!$I:$I,((ROW()-4)*12+6))) -> Ecuador | AI52: =IF($A52="","",INDEX([1]Clasif_Pron!$M:$M,((ROW()-4)*12+6))) -> 5 | AJ52: =IF($A52="","",INDEX([1]Clasif_Pron!$N:$N,((ROW()-4)*12+6))) -> 18 | AK52: =IF($A52="","",INDEX([1]Clasif_Pron!$E:$E,((ROW()-4)*12+7))) -> Países Bajos | AL52: =IF($A52="","",INDEX([1]Clasif_Pron!$K:$K,((ROW()-4)*12+7))) -> 7 | AM52: =IF($A52="","",INDEX([1]Clasif_Pron!$G:$G,((ROW()-4)*12+7))) -> Japón | AN52: =IF($A52="","",INDEX([1]Clasif_Pron!$L:$L,((ROW()-4)*12+7))) -> 6 | AO52: =IF($A52="","",INDEX([1]Clasif_Pron!$I:$I,((ROW()-4)*12+7))) -> Suecia | AP52: =IF($A52="","",INDEX([1]Clasif_Pron!$M:$M,((ROW()-4)*12+7))) -> 5 | AQ52: =IF($A52="","",INDEX([1]Clasif_Pron!$N:$N,((ROW()-4)*12+7))) -> 18 | AR52: =IF($A52="","",INDEX([1]Clasif_Pron!$E:$E,((ROW()-4)*12+8))) -> Bélgica | AS52: =IF($A52="","",INDEX([1]Clasif_Pron!$K:$K,((ROW()-4)*12+8))) -> 7 | AT52: =IF($A52="","",INDEX([1]Clasif_Pron!$G:$G,((ROW()-4)*12+8))) -> Egipto | AU52: =IF($A52="","",INDEX([1]Clasif_Pron!$L:$L,((ROW()-4)*12+8))) -> 6 | AV52: =IF($A52="","",INDEX([1]Clasif_Pron!$I:$I,((ROW()-4)*12+8))) -> Irán | AW52: =IF($A52="","",INDEX([1]Clasif_Pron!$M:$M,((ROW()-4)*12+8))) -> 5 | AX52: =IF($A52="","",INDEX([1]Clasif_Pron!$N:$N,((ROW()-4)*12+8))) -> 18 | AY52: =IF($A52="","",INDEX([1]Clasif_Pron!$E:$E,((ROW()-4)*12+9))) -> España | AZ52: =IF($A52="","",INDEX([1]Clasif_Pron!$K:$K,((ROW()-4)*12+9))) -> 7 | BA52: =IF($A52="","",INDEX([1]Clasif_Pron!$G:$G,((ROW()-4)*12+9))) -> Uruguay | BB52: =IF($A52="","",INDEX([1]Clasif_Pron!$L:$L,((ROW()-4)*12+9))) -> 0 | BC52: =IF($A52="","",INDEX([1]Clasif_Pron!$I:$I,((ROW()-4)*12+9))) -> Cabo Verde | BD52: =IF($A52="","",INDEX([1]Clasif_Pron!$M:$M,((ROW()-4)*12+9))) -> 3 | BE52: =IF($A52="","",INDEX([1]Clasif_Pron!$N:$N,((ROW()-4)*12+9))) -> 10 | BF52: =IF($A52="","",INDEX([1]Clasif_Pron!$E:$E,((ROW()-4)*12+10))) -> Francia | BG52: =IF($A52="","",INDEX([1]Clasif_Pron!$K:$K,((ROW()-4)*12+10))) -> 7 | BH52: =IF($A52="","",INDEX([1]Clasif_Pron!$G:$G,((ROW()-4)*12+10))) -> Noruega | BI52: =IF($A52="","",INDEX([1]Clasif_Pron!$L:$L,((ROW()-4)*12+10))) -> 6 | BJ52: =IF($A52="","",INDEX([1]Clasif_Pron!$I:$I,((ROW()-4)*12+10))) -> Senegal | BK52: =IF($A52="","",INDEX([1]Clasif_Pron!$M:$M,((ROW()-4)*12+10))) -> 5 | BL52: =IF($A52="","",INDEX([1]Clasif_Pron!$N:$N,((ROW()-4)*12+10))) -> 18 | BM52: =IF($A52="","",INDEX([1]Clasif_Pron!$E:$E,((ROW()-4)*12+11))) -> Argentina | BN52: =IF($A52="","",INDEX([1]Clasif_Pron!$K:$K,((ROW()-4)*12+11))) -> 7 | BO52: =IF($A52="","",INDEX([1]Clasif_Pron!$G:$G,((ROW()-4)*12+11))) -> Austria | BP52: =IF($A52="","",INDEX([1]Clasif_Pron!$L:$L,((ROW()-4)*12+11))) -> 6 | BQ52: =IF($A52="","",INDEX([1]Clasif_Pron!$I:$I,((ROW()-4)*12+11))) -> Argelia | BR52: =IF($A52="","",INDEX([1]Clasif_Pron!$M:$M,((ROW()-4)*12+11))) -> 0 | BS52: =IF($A52="","",INDEX([1]Clasif_Pron!$N:$N,((ROW()-4)*12+11))) -> 13 | BT52: =IF($A52="","",INDEX([1]Clasif_Pron!$E:$E,((ROW()-4)*12+12))) -> Portugal | BU52: =IF($A52="","",INDEX([1]Clasif_Pron!$K:$K,((ROW()-4)*12+12))) -> 3 | BV52: =IF($A52="","",INDEX([1]Clasif_Pron!$G:$G,((ROW()-4)*12+12))) -> Colombia | BW52: =IF($A52="","",INDEX([1]Clasif_Pron!$L:$L,((ROW()-4)*12+12))) -> 3 | BX52: =IF($A52="","",INDEX([1]Clasif_Pron!$I:$I,((ROW()-4)*12+12))) -> RD Congo | BY52: =IF($A52="","",INDEX([1]Clasif_Pron!$M:$M,((ROW()-4)*12+12))) -> 0 | BZ52: =IF($A52="","",INDEX([1]Clasif_Pron!$N:$N,((ROW()-4)*12+12))) -> 6 | CA52: =IF($A52="","",INDEX([1]Clasif_Pron!$E:$E,((ROW()-4)*12+13))) -> Inglaterra | CB52: =IF($A52="","",INDEX([1]Clasif_Pron!$K:$K,((ROW()-4)*12+13))) -> 7 | CC52: =IF($A52="","",INDEX([1]Clasif_Pron!$G:$G,((ROW()-4)*12+13))) -> Croacia | CD52: =IF($A52="","",INDEX([1]Clasif_Pron!$L:$L,((ROW()-4)*12+13))) -> 3 | CE52: =IF($A52="","",INDEX([1]Clasif_Pron!$I:$I,((ROW()-4)*12+13))) -> Panamá | CF52: =IF($A52="","",INDEX([1]Clasif_Pron!$M:$M,((ROW()-4)*12+13))) -> 0 | CG52: =IF($A52="","",INDEX([1]Clasif_Pron!$N:$N,((ROW()-4)*12+13))) -> 10 | CH52: =IF($A52="","",SUM(H52,O52,V52,AC52,AJ52,AQ52,AX52,BE52,BL52,BS52,BZ52,CG52)) -> 153

Sheet Clasif_Pron
A1: # | B1: Participante | C1: Grupo | D1: Pred 1º | E1: Equipo 1º | F1: Pred 2º | G1: Equipo 2º | H1: Pred 3º | I1: Equipo 3º | J1: Activo | K1: Pts 1º | L1: Pts 2º | M1: Pts 3º | N1: Total grupo
A2: 1 | B2: Alberto | C2: A | D2: MEX | E2: México | F2: KOR | G2: Corea República | H2: RSA | I2: Sudáfrica | J2: 1 | K2: 7 | L2: 6 | M2: 0 | N2: 13
A3: 1 | B3: Alberto | C3: B | D3: SUI | E3: Suiza | F3: CAN | G3: Canadá | H3: BIH | I3: Bosnia y Herzegovina | J3: 1 | K3: 3 | L3: 3 | M3: 0 | N3: 6
A4: 1 | B4: Alberto | C4: C | D4: MAR | E4: Marruecos | F4: BRA | G4: Brasil | H4: SCO | I4: Escocia | J4: 1 | K4: 3 | L4: 3 | M4: 5 | N4: 11
A5: 1 | B5: Alberto | C5: D | D5: PAR | E5: Paraguay | F5: TUR | G5: Türkiye | H5: USA | I5: Estados Unidos | J5: 1 | K5: 3 | L5: 0 | M5: 3 | N5: 6
A6: 1 | B6: Alberto | C6: E | D6: GER | E6: Alemania | F6: ECU | G6: Ecuador | H6: CIV | I6: Costa de Marfil | J6: 1 | K6: 7 | L6: 3 | M6: 3 | N6: 13
A7: 1 | B7: Alberto | C7: F | D7: NED | E7: Países Bajos | F7: JPN | G7: Japón | H7: SWE | I7: Suecia | J7: 1 | K7: 7 | L7: 6 | M7: 5 | N7: 18
A8: 1 | B8: Alberto | C8: G | D8: BEL | E8: Bélgica | F8: EGY | G8: Egipto | H8: IRN | I8: Irán | J8: 1 | K8: 3 | L8: 3 | M8: 3 | N8: 9
A9: 1 | B9: Alberto | C9: H | D9: ESP | E9: España | F9: URU | G9: Uruguay | H9: KSA | I9: Arabia Saudita | J9: 1 | K9: 7 | L9: 6 | M9: 0 | N9: 13
A10: 1 | B10: Alberto | C10: I | D10: FRA | E10: Francia | F10: NOR | G10: Noruega | H10: SEN | I10: Senegal | J10: 1 | K10: 7 | L10: 6 | M10: 0 | N10: 13
A11: 1 | B11: Alberto | C11: J | D11: ARG | E11: Argentina | F11: AUT | G11: Austria | H11: ALG | I11: Argelia | J11: 1 | K11: 7 | L11: 6 | M11: 0 | N11: 13
A12: 1 | B12: Alberto | C12: K | D12: POR | E12: Portugal | F12: COL | G12: Colombia | H12: COD | I12: RD Congo | J12: 1 | K12: 3 | L12: 3 | M12: 5 | N12: 11
A13: 1 | B13: Alberto | C13: L | D13: ENG | E13: Inglaterra | F13: CRO | G13: Croacia | H13: GHA | I13: Ghana | J13: 1 | K13: 7 | L13: 0 | M13: 3 | N13: 10
... A589: 49 | B589: Waldo | C589: L | D589: ENG | E589: Inglaterra | F589: CRO | G589: Croacia | H589: PAN | I589: Panamá | J589: 1 | K589: 7 | L589: 0 | M589: 0 | N589: 7

Sheet Participantes
B1: Nombre | C1: México | D1: Sudáfrica | E1: Corea | F1: Chequia | G1: Canadá | H1: Bosnia | I1: Estados Unidos | J1: Paraguay | K1: Haití | L1: Escocia | M1: Australia | N1: Türkiye | O1: Brasil | P1: Marruecos | Q1: Qatar | R1: Suiza | S1: Costa de Marfil | T1: Ecuador | U1: Alemania | V1: Curazao | W1: Países Bajos | X1: Japón | Y1: Suecia | Z1: Túnez | AA1: Arabia Saudita | AB1: Uruguay | AC1: España | AD1: Cabo Verde | AE1: Irán | AF1: Nueva Zelanda | AG1: Bélgica | AH1: Egipto | AI1: Francia | AJ1: Senegal | AK1: Irak | AL1: Noruega | AM1: Argentina | AN1: Argelia | AO1: Austria | AP1: Jordania | AQ1: Ghana | AR1: Panamá | AS1: Inglaterra | AT1: Croacia | AU1: Portugal | AV1: RD Congo | AW1: Uzbekistán | AX1: Colombia | AY1: Chequia | AZ1: Sudáfrica | BA1: Suiza | BB1: Bosnia | BC1: Canadá | BD1: Qatar | BE1: México | BF1: Corea República | BG1: Brasil | BH1: Haití | BI1: Escocia | BJ1: Marruecos | BK1: Türkiye | BL1: Paraguay | BM1: Estados Unidos | BN1: Australia | BO1: Alemania | BP1: Costa de Marfil | BQ1: Ecuador | BR1: Curazao | BS1: Países Bajos | BT1: Suecia | BU1: Túnez | BV1: Japón | BW1: Uruguay | BX1: Cabo Verde | BY1: España | BZ1: Arabia Saudita | CA1: Bélgica | CB1: Irán | CC1: Nueva Zelanda | CD1: Egipto | CE1: Noruega | CF1: Senegal | CG1: Francia | CH1: Irak | CI1: Argentina | CJ1: Austria | CK1: Jordania | CL1: Argelia | CM1: Inglaterra | CN1: Ghana | CO1: Panamá | CP1: Croacia | CQ1: Portugal | CR1: Uzbekistán | CS1: Colombia | CT1: RD Congo | CU1: Escocia | CV1: Brasil | CW1: Marruecos | CX1: Haití | CY1: Suiza | CZ1: Canadá | DA1: Bosnia | DB1: Qatar | DC1: Chequia | DD1: México | DE1: Sudáfrica | DF1: Corea República | DG1: Curazao | DH1: Costa de Marfil | DI1: Ecuador | DJ1: Alemania | DK1: Japón | DL1: Suecia | DM1: Túnez | DN1: Países Bajos | DO1: Türkiye | DP1: Estados Unidos | DQ1: Paraguay | DR1: Australia | DS1: Noruega | DT1: Francia | DU1: Senegal | DV1: Irak | DW1: Egipto | DX1: Irán | DY1: Nueva Zelanda | DZ1: Bélgica | EA1: Cabo Verde | EB1: Arabia Saudita | EC1: Uruguay | ED1: España | EE1: Panamá | EF1: Inglaterra | EG1: Croacia | EH1: Ghana | EI1: Argelia | EJ1: Austria | EK1: Jordania | EL1: Argentina | EM1: Colombia | EN1: Portugal | EO1: RD Congo | EP1: Uzbekistán
A2: 1 | B2: Alberto | C2: 1 | D2: 1 | E2: 2 | F2: 0 | G2: 2 | H2: 1 | I2: 1 | J2: 3 | K2: 0 | L2: 2 | M2: 0 | N2: 1 | O2: 1 | P2: 2 | Q2: 0 | R2: 2 | S2: 1 | T2: 2 | U2: 5 | V2: 0 | W2: 3 | X2: 0 | Y2: 1 | Z2: 1 | AA2: 0 | AB2: 2 | AC2: 6 | AD2: 0 | AE2: 0 | AF2: 0 | AG2: 2 | AH2: 0 | AI2: 4 | AJ2: 0 | AK2: 0 | AL2: 4 | AM2: 4 | AN2: 0 | AO2: 1 | AP2: 0 | AQ2: 2 | AR2: 1 | AS2: 4 | AT2: 2 | AU2: 5 | AV2: 0 | AW2: 0 | AX2: 3 | AY2: 0 | AZ2: 1 | BA2: 1 | BB2: 0 | BC2: 3 | BD2: 1 | BE2: 1 | BF2: 0 | BG2: 5 | BH2: 0 | BI2: 0 | BJ2: 3 | BK2: 2 | BL2: 3 | BM2: 2 | BN2: 1 | BO2: 4 | BP2: 0 | BQ2: 4 | BR2: 0 | BS2: 3 | BT2: 1 | BU2: 0 | BV2: 2 | BW2: 4 | BX2: 0 | BY2: 5 | BZ2: 0 | CA2: 3 | CB2: 0 | CC2: 1 | CD2: 2 | CE2: 2 | CF2: 2 | CG2: 5 | CH2: 0 | CI2: 3 | CJ2: 0 | CK2: 0 | CL2: 0 | CM2: 5 | CN2: 0 | CO2: 0 | CP2: 4 | CQ2: 5 | CR2: 0 | CS2: 2 | CT2: 1 | CU2: 0 | CV2: 4 | CW2: 4 | CX2: 0 | CY2: 3 | CZ2: 2 | DA2: 1 | DB2: 1 | DC2: 1 | DD2: 3 | DE2: 0 | DF2: 1 | DG2: 0 | DH2: 2 | DI2: 2 | DJ2: 4 | DK2: 2 | DL2: 2 | DM2: 0 | DN2: 3 | DO2: 1 | DP2: 0 | DQ2: 1 | DR2: 0 | DS2: 1 | DT2: 3 | DU2: 2 | DV2: 0 | DW2: 2 | DX2: 1 | DY2: 0 | DZ2: 4 | EA2: 0 | EB2: 1 | EC2: 1 | ED2: 2 | EE2: 0 | EF2: 6 | EG2: 3 | EH2: 0 | EI2: 0 | EJ2: 0 | EK2: 0 | EL2: 4 | EM2: 0 | EN2: 2 | EO2: 1 | EP2: 1
A3: 2 | B3: Alexander | C3: 2 | D3: 0 | E3: 1 | F3: 1 | G3: 1 | H3: 1 | I3: 2 | J3: 0 | K3: 0 | L3: 2 | M3: 1 | N3: 1 | O3: 2 | P3: 0 | Q3: 0 | R3: 1 | S3: 1 | T3: 1 | U3: 3 | V3: 0 | W3: 2 | X3: 1 | Y3: 1 | Z3: 0 | AA3: 1 | AB3: 2 | AC3: 3 | AD3: 0 | AE3: 1 | AF3: 0 | AG3: 2 | AH3: 0 | AI3: 2 | AJ3: 1 | AK3: 0 | AL3: 2 | AM3: 2 | AN3: 0 | AO3: 1 | AP3: 0 | AQ3: 1 | AR3: 2 | AS3: 1 | AT3: 0 | AU3: 2 | AV3: 0 | AW3: 1 | AX3: 1 | AY3: 1 | AZ3: 0 | BA3: 1 | BB3: 1 | BC3: 2 | BD3: 0 | BE3: 2 | BF3: 1 | BG3: 3 | BH3: 1 | BI3: 0 | BJ3: 1 | BK3: 0 | BL3: 1 | BM3: 2 | BN3: 1 | BO3: 2 | BP3: 1 | BQ3: 2 | BR3: 0 | BS3: 2 | BT3: 0 | BU3: 1 | BV3: 1 | BW3: 2 | BX3: 0 | BY3: 2 | BZ3: 0 | CA3: 3 | CB3: 1 | CC3: 0 | CD3: 2 | CE3: 1 | CF3: 2 | CG3: 3 | CH3: 0 | CI3: 3 | CJ3: 1 | CK3: 1 | CL3: 2 | CM3: 2 | CN3: 0 | CO3: 1 | CP3: 1 | CQ3: 3 | CR3: 0 | CS3: 2 | CT3: 1 | CU3: 1 | CV3: 2 | CW3: 2 | CX3: 0 | CY3: 0 | CZ3: 1 | DA3: 2 | DB3: 1 | DC3: 0 | DD3: 1 | DE3: 1 | DF3: 2 | DG3: 1 | DH3: 2 | DI3: 0 | DJ3: 2 | DK3: 2 | DL3: 1 | DM3: 1 | DN3: 3 | DO3: 1 | DP3: 1 | DQ3: 3 | DR3: 0 | DS3: 0 | DT3: 2 | DU3: 2 | DV3: 0 | DW3: 1 | DX3: 1 | DY3: 0 | DZ3: 2 | EA3: 0 | EB3: 2 | EC3: 1 | ED3: 2 | EE3: 1 | EF3: 2 | EG3: 2 | EH3: 0 | EI3: 1 | EJ3: 1 | EK3: 1 | EL3: 0 | EM3: 2 | EN3: 1 | EO3: 2 | EP3: 1
A4: 3 | B4: Alfredo 1 | C4: 2 | D4: 1 | E4: 1 | F4: 1 | G4: 1 | H4: 0 | I4: 2 | J4: 1 | K4: 1 | L4: 1 | M4: 1 | N4: 2 | O4: 2 | P4: 0 | Q4: 0 | R4: 2 | S4: 1 | T4: 1 | U4: 4 | V4: 0 | W4: 2 | X4: 1 | Y4: 2 | Z4: 0 | AA4: 0 | AB4: 1 | AC4: 2 | AD4: 0 | AE4: 1 | AF4: 0 | AG4: 2 | AH4: 1 | AI4: 3 | AJ4: 1 | AK4: 0 | AL4: 3 | AM4: 2 | AN4: 0 | AO4: 2 | AP4: 0 | AQ4: 1 | AR4: 1 | AS4: 2 | AT4: 1 | AU4: 3 | AV4: 0 | AW4: 0 | AX4: 2 | AY4: 2 | AZ4: 0 | BA4: 2 | BB4: 1 | BC4: 1 | BD4: 0 | BE4: 2 | BF4: 1 | BG4: 3 | BH4: 0 | BI4: 1 | BJ4: 2 | BK4: 2 | BL4: 0 | BM4: 2 | BN4: 0 | BO4: 3 | BP4: 1 | BQ4: 3 | BR4: 0 | BS4: 2 | BT4: 1 | BU4: 0 | BV4: 2 | BW4: 2 | BX4: 1 | BY4: 3 | BZ4: 1 | CA4: 3 | CB4: 0 | CC4: 0 | CD4: 2 | CE4: 2 | CF4: 1 | CG4: 3 | CH4: 0 | CI4: 2 | CJ4: 1 | CK4: 0 | CL4: 1 | CM4: 3 | CN4: 1 | CO4: 1 | CP4: 2 | CQ4: 3 | CR4: 0 | CS4: 2 | CT4: 0 | CU4: 1 | CV4: 3 | CW4: 2 | CX4: 1 | CY4: 2 | CZ4: 1 | DA4: 2 | DB4: 0 | DC4: 0 | DD4: 2 | DE4: 1 | DF4: 1 | DG4: 0 | DH4: 2 | DI4: 1 | DJ4: 3 | DK4: 2 | DL4: 2 | DM4: 0 | DN4: 3 | DO4: 2 | DP4: 1 | DQ4: 1 | DR4: 1 | DS4: 2 | DT4: 2 | DU4: 1 | DV4: 1 | DW4: 3 | DX4: 0 | DY4: 0 | DZ4: 3 | EA4: 0 | EB4: 1 | EC4: 1 | ED4: 2 | EE4: 0 | EF4: 3 | EG4: 2 | EH4: 0 | EI4: 1 | EJ4: 2 | EK4: 0 | EL4: 2 | EM4: 1 | EN4: 1 | EO4: 1 | EP4: 1
A5: 4 | B5: Alfredo 2 | C5: 2 | D5: 0 | E5: 0 | F5: 1 | G5: 2 | H5: 0 | I5: 2 | J5: 0 | K5: 0 | L5: 1 | M5: 0 | N5: 2 | O5: 2 | P5: 1 | Q5: 0 | R5: 2 | S5: 0 | T5: 1 | U5: 3 | V5: 0 | W5: 2 | X5: 2 | Y5: 2 | Z5: 1 | AA5: 1 | AB5: 1 | AC5: 3 | AD5: 0 | AE5: 0 | AF5: 0 | AG5: 3 | AH5: 1 | AI5: 3 | AJ5: 0 | AK5: 0 | AL5: 2 | AM5: 2 | AN5: 1 | AO5: 1 | AP5: 0 | AQ5: 1 | AR5: 2 | AS5: 1 | AT5: 1 | AU5: 2 | AV5: 0 | AW5: 0 | AX5: 3 | AY5: 2 | AZ5: 1 | BA5: 2 | BB5: 2 | BC5: 2 | BD5: 0 | BE5: 2 | BF5: 0 | BG5: 3 | BH5: 1 | BI5: 0 | BJ5: 2 | BK5: 2 | BL5: 1 | BM5: 3 | BN5: 0 | BO5: 4 | BP5: 1 | BQ5: 2 | BR5: 0 | BS5: 1 | BT5: 1 | BU5: 0 | BV5: 2 | BW5: 2 | BX5: 0 | BY5: 3 | BZ5: 1 | CA5: 3 | CB5: 0 | CC5: 0 | CD5: 3 | CE5: 4 | CF5: 1 | CG5: 3 | CH5: 0 | CI5: 2 | CJ5: 1 | CK5: 0 | CL5: 2 | CM5: 3 | CN5: 0 | CO5: 1 | CP5: 1 | CQ5: 3 | CR5: 0 | CS5: 3 | CT5: 0 | CU5: 0 | CV5: 3 | CW5: 2 | CX5: 0 | CY5: 1 | CZ5: 1 | DA5: 1 | DB5: 0 | DC5: 1 | DD5: 2 | DE5: 0 | DF5: 1 | DG5: 0 | DH5: 1 | DI5: 1 | DJ5: 2 | DK5: 2 | DL5: 2 | DM5: 0 | DN5: 2 | DO5: 1 | DP5: 1 | DQ5: 1 | DR5: 0 | DS5: 2 | DT5: 2 | DU5: 1 | DV5: 0 | DW5: 2 | DX5: 0 | DY5: 0 | DZ5: 4 | EA5: 0 | EB5: 2 | EC5: 1 | ED5: 3 | EE5: 1 | EF5: 4 | EG5: 2 | EH5: 1 | EI5: 1 | EJ5: 1 | EK5: 0 | EL5: 3 | EM5: 2 | EN5: 2 | EO5: 0 | EP5: 0
A6: 5 | B6: Aneth | C6: 2 | D6: 0 | E6: 1 | F6: 1 | G6: 2 | H6: 1 | I6: 2 | J6: 1 | K6: 2 | L6: 0 | M6: 1 | N6: 1 | O6: 2 | P6: 1 | Q6: 2 | R6: 0 | S6: 1 | T6: 1 | U6: 4 | V6: 0 | W6: 2 | X6: 1 | Y6: 1 | Z6: 0 | AA6: 3 | AB6: 0 | AC6: 3 | AD6: 0 | AE6: 2 | AF6: 0 | AG6: 2 | AH6: 1 | AI6: 2 | AJ6: 1 | AK6: 2 | AL6: 0 | AM6: 3 | AN6: 0 | AO6: 2 | AP6: 0 | AQ6: 1 | AR6: 1 | AS6: 2 | AT6: 1 | AU6: 3 | AV6: 0 | AW6: 2 | AX6: 0 | AY6: 2 | AZ6: 1 | BA6: 2 | BB6: 0 | BC6: 1 | BD6: 1 | BE6: 2 | BF6: 1 | BG6: 4 | BH6: 0 | BI6: 1 | BJ6: 2 | BK6: 2 | BL6: 1 | BM6: 2 | BN6: 0 | BO6: 2 | BP6: 1 | BQ6: 3 | BR6: 0 | BS6: 2 | BT6: 1 | BU6: 1 | BV6: 2 | BW6: 3 | BX6: 0 | BY6: 3 | BZ6: 0 | CA6: 2 | CB6: 1 | CC6: 1 | CD6: 2 | CE6: 1 | CF6: 1 | CG6: 3 | CH6: 0 | CI6: 2 | CJ6: 0 | CK6: 1 | CL6: 2 | CM6: 2 | CN6: 0 | CO6: 0 | CP6: 2 | CQ6: 3 | CR6: 1 | CS6: 3 | CT6: 0 | CU6: 3 | CV6: 1 | CW6: 2 | CX6: 0 | CY6: 1 | CZ6: 1 | DA6: 2 | DB6: 1 | DC6: 1 | DD6: 1 | DE6: 2 | DF6: 1 | DG6: 3 | DH6: 0 | DI6: 2 | DJ6: 1 | DK6: 1 | DL6: 1 | DM6: 2 | DN6: 0 | DO6: 1 | DP6: 1 | DQ6: 2 | DR6: 1 | DS6: 2 | DT6: 1 | DU6: 2 | DV6: 0 | DW6: 1 | DX6: 1 | DY6: 3 | DZ6: 0 | EA6: 1 | EB6: 1 | EC6: 2 | ED6: 2 | EE6: 2 | EF6: 1 | EG6: 2 | EH6: 1 | EI6: 1 | EJ6: 1 | EK6: 2 | EL6: 3 | EM6: 1 | EN6: 1 | EO6: 2 | EP6: 1
A7: 6 | B7: Antonio | C7: 2 | D7: 0 | E7: 1 | F7: 1 | G7: 3 | H7: 1 | I7: 2 | J7: 0 | K7: 0 | L7: 3 | M7: 1 | N7: 2 | O7: 2 | P7: 2 | Q7: 0 | R7: 2 | S7: 1 | T7: 1 | U7: 4 | V7: 0 | W7: 3 | X7: 0 | Y7: 2 | Z7: 1 | AA7: 0 | AB7: 1 | AC7: 3 | AD7: 0 | AE7: 0 | AF7: 2 | AG7: 3 | AH7: 1 | AI7: 4 | AJ7: 0 | AK7: 0 | AL7: 1 | AM7: 3 | AN7: 1 | AO7: 2 | AP7: 1 | AQ7: 0 | AR7: 1 | AS7: 3 | AT7: 2 | AU7: 4 | AV7: 0 | AW7: 0 | AX7: 4 | AY7: 0 | AZ7: 1 | BA7: 3 | BB7: 2 | BC7: 2 | BD7: 1 | BE7: 3 | BF7: 1 | BG7: 5 | BH7: 0 | BI7: 0 | BJ7: 2 | BK7: 1 | BL7: 0 | BM7: 2 | BN7: 1 | BO7: 4 | BP7: 0 | BQ7: 2 | BR7: 0 | BS7: 3 | BT7: 0 | BU7: 1 | BV7: 1 | BW7: 3 | BX7: 1 | BY7: 3 | BZ7: 0 | CA7: 4 | CB7: 1 | CC7: 1 | CD7: 0 | CE7: 2 | CF7: 1 | CG7: 4 | CH7: 1 | CI7: 2 | CJ7: 0 | CK7: 1 | CL7: 1 | CM7: 4 | CN7: 2 | CO7: 2 | CP7: 2 | CQ7: 5 | CR7: 0 | CS7: 3 | CT7: 0 | CU7: 2 | CV7: 2 | CW7: 3 | CX7: 0 | CY7: 2 | CZ7: 2 | DA7: 2 | DB7: 1 | DC7: 1 | DD7: 3 | DE7: 1 | DF7: 2 | DG7: 1 | DH7: 1 | DI7: 1 | DJ7: 2 | DK7: 2 | DL7: 1 | DM7: 0 | DN7: 2 | DO7: 1 | DP7: 2 | DQ7: 0 | DR7: 1 | DS7: 1 | DT7: 3 | DU7: 1 | DV7: 0 | DW7: 2 | DX7: 0 | DY7: 1 | DZ7: 3 | EA7: 0 | EB7: 1 | EC7: 1 | ED7: 1 | EE7: 1 | EF7: 2 | EG7: 2 | EH7: 1 | EI7: 0 | EJ7: 1 | EK7: 0 | EL7: 3 | EM7: 1 | EN7: 2 | EO7: 0 | EP7: 0
A8: 7 | B8: Carlos | C8: 2 | D8: 1 | E8: 1 | F8: 1 | G8: 2 | H8: 1 | I8: 2 | J8: 0 | K8: 0 | L8: 2 | M8: 1 | N8: 2 | O8: 2 | P8: 1 | Q8: 0 | R8: 2 | S8: 1 | T8: 1 | U8: 5 | V8: 0 | W8: 2 | X8: 1 | Y8: 2 | Z8: 0 | AA8: 0 | AB8: 2 | AC8: 4 | AD8: 0 | AE8: 2 | AF8: 0 | AG8: 2 | AH8: 0 | AI8: 2 | AJ8: 1 | AK8: 0 | AL8: 3 | AM8: 3 | AN8: 0 | AO8: 2 | AP8: 0 | AQ8: 1 | AR8: 2 | AS8: 2 | AT8: 1 | AU8: 3 | AV8: 0 | AW8: 0 | AX8: 2 | AY8: 2 | AZ8: 1 | BA8: 1 | BB8: 1 | BC8: 3 | BD8: 1 | BE8: 2 | BF8: 1 | BG8: 4 | BH8: 0 | BI8: 1 | BJ8: 1 | BK8: 2 | BL8: 1 | BM8: 3 | BN8: 1 | BO8: 3 | BP8: 1 | BQ8: 2 | BR8: 0 | BS8: 2 | BT8: 1 | BU8: 0 | BV8: 2 | BW8: 2 | BX8: 0 | BY8: 3 | BZ8: 0 | CA8: 3 | CB8: 0 | CC8: 0 | CD8: 1 | CE8: 1 | CF8: 2 | CG8: 4 | CH8: 0 | CI8: 2 | CJ8: 0 | CK8: 0 | CL8: 1 | CM8: 3 | CN8: 1 | CO8: 1 | CP8: 1 | CQ8: 3 | CR8: 0 | CS8: 2 | CT8: 1 | CU8: 0 | CV8: 2 | CW8: 3 | CX8: 0 | CY8: 1 | CZ8: 2 | DA8: 2 | DB8: 0 | DC8: 0 | DD8: 1 | DE8: 0 | DF8: 2 | DG8: 0 | DH8: 2 | DI8: 0 | DJ8: 2 | DK8: 2 | DL8: 1 | DM8: 0 | DN8: 3 | DO8: 1 | DP8: 2 | DQ8: 1 | DR8: 1 | DS8: 1 | DT8: 2 | DU8: 2 | DV8: 0 | DW8: 1 | DX8: 1 | DY8: 0 | DZ8: 4 | EA8: 1 | EB8: 1 | EC8: 1 | ED8: 2 | EE8: 1 | EF8: 3 | EG8: 2 | EH8: 0 | EI8: 1 | EJ8: 2 | EK8: 0 | EL8: 4 | EM8: 1 | EN8: 2 | EO8: 1 | EP8: 1
A9: 8 | B9: Castillo L. | C9: 2 | D9: 1 | E9: 2 | F9: 1 | G9: 1 | H9: 1 | I9: 2 | J9: 1 | K9: 0 | L9: 2 | M9: 1 | N9: 3 | O9: 2 | P9: 1 | Q9: 0 | R9: 3 | S9: 1 | T9: 1 | U9: 4 | V9: 0 | W9: 2 | X9: 2 | Y9: 2 | Z9: 11 | AA9: 0 | AB9: 2 | AC9: 4 | AD9: 0 | AE9: 2 | AF9: 0 | AG9: 3 | AH9: 1 | AI9: 2 | AJ9: 1 | AK9: 0 | AL9: 3 | AM9: 3 | AN9: 0 | AO9: 2 | AP9: 1 | AQ9: 2 | AR9: 1 | AS9: 2 | AT9: 2 | AU9: 3 | AV9: 0 | AW9: 1 | AX9: 1 | AY9: 3 | AZ9: 0 | BA9: 2 | BB9: 0 | BC9: 3 | BD9: 1 | BE9: 1 | BF9: 2 | BG9: 4 | BH9: 0 | BI9: 1 | BJ9: 2 | BK9: 2 | BL9: 2 | BM9: 3 | BN9: 1 | BO9: 2 | BP9: 1 | BQ9: 3 | BR9: 0 | BS9: 3 | BT9: 1 | BU9: 1 | BV9: 2 | BW9: 2 | BX9: 0 | BY9: 3 | BZ9: 1 | CA9: 2 | CB9: 1 | CC9: 1 | CD9: 4 | CE9: 1 | CF9: 2 | CG9: 3 | CH9: 0 | CI9: 2 | CJ9: 2 | CK9: 1 | CL9: 2 | CM9: 3 | CN9: 1 | CO9: 0 | CP9: 2 | CQ9: 2 | CR9: 0 | CS9: 2 | CT9: 1 | CU9: 1 | CV9: 3 | CW9: 3 | CX9: 0 | CY9: 2 | CZ9: 2 | DA9: 0 | DB9: 1 | DC9: 1 | DD9: 1 | DE9: 1 | DF9: 3 | DG9: 1 | DH9: 2 | DI9: 1 | DJ9: 2 | DK9: 2 | DL9: 1 | DM9: 0 | DN9: 2 | DO9: 1 | DP9: 1 | DQ9: 2 | DR9: 0 | DS9: 1 | DT9: 2 | DU9: 2 | DV9: 0 | DW9: 2 | DX9: 2 | DY9: 0 | DZ9: 3 | EA9: 1 | EB9: 2 | EC9: 1 | ED9: 2 | EE9: 1 | EF9: 3 | EG9: 2 | EH9: 1 | EI9: 1 | EJ9: 1 | EK9: 0 | EL9: 3 | EM9: 2 | EN9: 2 | EO9: 1 | EP9: 1
A10: 9 | B10: Christofer | C10: 2 | D10: 3 | E10: 1 | F10: 1 | G10: 1 | H10: 2 | I10: 2 | J10: 4 | K10: 3 | L10: 4 | M10: 2 | N10: 1 | O10: 5 | P10: 1 | Q10: 2 | R10: 1 | S10: 0 | T10: 3 | U10: 2 | V10: 2 | W10: 2 | X10: 5 | Y10: 4 | Z10: 1 | AA10: 1 | AB10: 2 | AC10: 3 | AD10: 1 | AE10: 1 | AF10: 1 | AG10: 2 | AH10: 0 | AI10: 1 | AJ10: 3 | AK10: 1 | AL10: 4 | AM10: 3 | AN10: 2 | AO10: 1 | AP10: 1 | AQ10: 1 | AR10: 3 | AS10: 2 | AT10: 1 | AU10: 7 | AV10: 4 | AW10: 1 | AX10: 2 | AY10: 2 | AZ10: 2 | BA10: 3 | BB10: 4 | BC10: 2 | BD10: 3 | BE10: 1 | BF10: 2 | BG10: 7 | BH10: 2 | BI10: 4 | BJ10: 6 | BK10: 1 | BL10: 1 | BM10: 0 | BN10: 2 | BO10: 3 | BP10: 1 | BQ10: 1 | BR10: 4 | BS10: 2 | BT10: 3 | BU10: 3 | BV10: 2 | BW10: 4 | BX10: 3 | BY10: 3 | BZ10: 1 | CA10: 4 | CB10: 1 | CC10: 2 | CD10: 0 | CE10: 2 | CF10: 3 | CG10: 0 | CH10: 1 | CI10: 4 | CJ10: 2 | CK10: 1 | CL10: 0 | CM10: 2 | CN10: 1 | CO10: 3 | CP10: 1 | CQ10: 6 | CR10: 1 | CS10: 4 | CT10: 2 | CU10: 2 | CV10: 5 | CW10: 1 | CX10: 1 | CY10: 7 | CZ10: 1 | DA10: 4 | DB10: 2 | DC10: 2 | DD10: 0 | DE10: 1 | DF10: 1 | DG10: 1 | DH10: 2 | DI10: 3 | DJ10: 2 | DK10: 4 | DL10: 7 | DM10: 1 | DN10: 2 | DO10: 3 | DP10: 2 | DQ10: 2 | DR10: 1 | DS10: 4 | DT10: 0 | DU10: 5 | DV10: 2 | DW10: 1 | DX10: 1 | DY10: 2 | DZ10: 1 | EA10: 4 | EB10: 3 | EC10: 1 | ED10: 2 | EE10: 2 | EF10: 3 | EG10: 1 | EH10: 0 | EI10: 1 | EJ10: 1 | EK10: 2 | EL10: 3 | EM10: 1 | EN10: 4 | EO10: 0 | EP10: 4
A11: 10 | B11: Cynthia | C11: 1 | D11: 2 | E11: 1 | F11: 0 | G11: 2 | H11: 1 | I11: 0 | J11: 0 | K11: 1 | L11: 3 | M11: 1 | N11: 1 | O11: 2 | P11: 2 | Q11: 0 | R11: 1 | S11: 0 | T11: 1 | U11: 3 | V11: 1 | W11: 2 | X11: 2 | Y11: 3 | Z11: 1 | AA11: 2 | AB11: 2 | AC11: 3 | AD11: 1 | AE11: 1 | AF11: 1 | AG11: 0 | AH11: 0 | AI11: 2 | AJ11: 1 | AK11: 1 | AL11: 0 | AM11: 3 | AN11: 1 | AO11: 2 | AP11: 1 | AQ11: 0 | AR11: 1 | AS11: 3 | AT11: 1 | AU11: 2 | AV11: 1 | AW11: 1 | AX11: 3 | AY11: 1 | AZ11: 2 | BA11: 1 | BB11: 0 | BC11: 1 | BD11: 1 | BE11: 1 | BF11: 1 | BG11: 2 | BH11: 1 | BI11: 1 | BJ11: 1 | BK11: 0 | BL11: 0 | BM11: 1 | BN11: 1 | BO11: 3 | BP11: 1 | BQ11: 1 | BR11: 0 | BS11: 2 | BT11: 1 | BU11: 0 | BV11: 1 | BW11: 1 | BX11: 0 | BY11: 2 | BZ11: 2 | CA11: 1 | CB11: 1 | CC11: 0 | CD11: 1 | CE11: 0 | CF11: 1 | CG11: 2 | CH11: 0 | CI11: 2 | CJ11: 0 | CK11: 0 | CL11: 1 | CM11: 3 | CN11: 1 | CO11: 1 | CP11: 1 | CQ11: 2 | CR11: 1 | CS11: 3 | CT11: 1 | CU11: 0 | CV11: 3 | CW11: 1 | CX11: 0 | CY11: 1 | CZ11: 2 | DA11: 0 | DB11: 0 | DC11: 1 | DD11: 2 | DE11: 2 | DF11: 1 | DG11: 0 | DH11: 1 | DI11: 1 | DJ11: 2 | DK11: 0 | DL11: 1 | DM11: 1 | DN11: 2 | DO11: 1 | DP11: 1 | DQ11: 0 | DR11: 0 | DS11: 1 | DT11: 2 | DU11: 1 | DV11: 1 | DW11: 1 | DX11: 1 | DY11: 0 | DZ11: 1 | EA11: 0 | EB11: 3 | EC11: 1 | ED11: 1 | EE11: 0 | EF11: 1 | EG11: 1 | EH11: 1 | EI11: 0 | EJ11: 0 | EK11: 0 | EL11: 3 | EM11: 1 | EN11: 1 | EO11: 0 | EP11: 0
A12: 11 | B12: Edward | C12: 2 | D12: 0 | E12: 2 | F12: 1 | G12: 2 | H12: 1 | I12: 2 | J12: 1 | K12: 0 | L12: 2 | M12: 0 | N12: 1 | O12: 2 | P12: 1 | Q12: 0 | R12: 2 | S12: 1 | T12: 1 | U12: 3 | V12: 0 | W12: 2 | X12: 1 | Y12: 2 | Z12: 0 | AA12: 1 | AB12: 2 | AC12: 4 | AD12: 0 | AE12: 1 | AF12: 0 | AG12: 2 | AH12: 1 | AI12: 2 | AJ12: 1 | AK12: 0 | AL12: 2 | AM12: 2 | AN12: 0 | AO12: 2 | AP12: 0 | AQ12: 1 | AR12: 2 | AS12: 2 | AT12: 1 | AU12: 2 | AV12: 1 | AW12: 1 | AX12: 2 | AY12: 2 | AZ12: 0 | BA12: 2 | BB12: 1 | BC12: 2 | BD12: 0 | BE12: 1 | BF12: 1 | BG12: 3 | BH12: 0 | BI12: 0 | BJ12: 2 | BK12: 1 | BL12: 1 | BM12: 2 | BN12: 0 | BO12: 2 | BP12: 0 | BQ12: 2 | BR12: 0 | BS12: 1 | BT12: 1 | BU12: 0 | BV12: 2 | BW12: 3 | BX12: 0 | BY12: 3 | BZ12: 0 | CA12: 1 | CB12: 1 | CC12: 0 | CD12: 2 | CE12: 1 | CF12: 1 | CG12: 3 | CH12: 0 | CI12: 2 | CJ12: 1 | CK12: 0 | CL12: 2 | CM12: 3 | CN12: 1 | CO12: 0 | CP12: 2 | CQ12: 3 | CR12: 0 | CS12: 2 | CT12: 0 | CU12: 0 | CV12: 2 | CW12: 2 | CX12: 0 | CY12: 1 | CZ12: 1 | DA12: 2 | DB12: 1 | DC12: 1 | DD12: 2 | DE12: 1 | DF12: 2 | DG12: 0 | DH12: 2 | DI12: 1 | DJ12: 2 | DK12: 1 | DL12: 1 | DM12: 0 | DN12: 2 | DO12: 2 | DP12: 0 | DQ12: 2 | DR12: 0 | DS12: 2 | DT12: 1 | DU12: 2 | DV12: 0 | DW12: 1 | DX12: 1 | DY12: 0 | DZ12: 2 | EA12: 1 | EB12: 1 | EC12: 1 | ED12: 2 | EE12: 1 | EF12: 3 | EG12: 2 | EH12: 1 | EI12: 1 | EJ12: 1 | EK12: 0 | EL12: 2 | EM12: 1 | EN12: 2 | EO12: 1 | EP12: 1
A13: 12 | B13: Espinosa L. | C13: 2 | D13: 1 | E13: 1 | F13: 0 | G13: 3 | H13: 0 | I13: 2 | J13: 1 | K13: 3 | L13: 1 | M13: 1 | N13: 1 | O13: 2 | P13: 0 | Q13: 0 | R13: 0 | S13: 1 | T13: 2 | U13: 3 | V13: 0 | W13: 0 | X13: 2 | Y13: 1 | Z13: 1 | AA13: 0 | AB13: 1 | AC13: 2 | AD13: 0 | AE13: 2 | AF13: 0 | AG13: 1 | AH13: 0 | AI13: 3 | AJ13: 0 | AK13: 1 | AL13: 1 | AM13: 2 | AN13: 0 | AO13: 1 | AP13: 1 | AQ13: 0 | AR13: 1 | AS13: 1 | AT13: 0 | AU13: 2 | AV13: 0 | AW13: 1 | AX13: 2 | AY13: 1 | AZ13: 1 | BA13: 0 | BB13: 1 | BC13: 2 | BD13: 0 | BE13: 2 | BF13: 0 | BG13: 4 | BH13: 1 | BI13: 0 | BJ13: 2 | BK13: 1 | BL13: 1 | BM13: 0 | BN13: 0 | BO13: 2 | BP13: 0 | BQ13: 2 | BR13: 0 | BS13: 1 | BT13: 1 | BU13: 0 | BV13: 3 | BW13: 1 | BX13: 0 | BY13: 2 | BZ13: 0 | CA13: 1 | CB13: 1 | CC13: 0 | CD13: 0 | CE13: 1 | CF13: 0 | CG13: 2 | CH13: 0 | CI13: 1 | CJ13: 0 | CK13: 1 | CL13: 1 | CM13: 2 | CN13: 0 | CO13: 1 | CP13: 0 | CQ13: 3 | CR13: 0 | CS13: 2 | CT13: 0 | CU13: 1 | CV13: 2 | CW13: 2 | CX13: 1 | CY13: 0 | CZ13: 1 | DA13: 1 | DB13: 0 | DC13: 1 | DD13: 0 | DE13: 0 | DF13: 0 | DG13: 0 | DH13: 1 | DI13: 1 | DJ13: 3 | DK13: 2 | DL13: 0 | DM13: 1 | DN13: 1 | DO13: 0 | DP13: 1 | DQ13: 1 | DR13: 1 | DS13: 1 | DT13: 2 | DU13: 0 | DV13: 1 | DW13: 1 | DX13: 1 | DY13: 0 | DZ13: 1 | EA13: 0 | EB13: 1 | EC13: 1 | ED13: 3 | EE13: 0 | EF13: 0 | EG13: 1 | EH13: 0 | EI13: 0 | EJ13: 0 | EK13: 0 | EL13: 2 | EM13: 1 | EN13: 2 | EO13: 1 | EP13: 1
... A50: 49 | B50: Waldo | C50: 2 | D50: 0 | E50: 1 | F50: 1 | G50: 2 | H50: 1 | I50: 1 | J50: 1 | K50: 1 | L50: 2 | M50: 1 | N50: 2 | O50: 1 | P50: 2 | Q50: 0 | R50: 3 | S50: 2 | T50: 1 | U50: 4 | V50: 0 | W50: 2 | X50: 2 | Y50: 2 | Z50: 1 | AA50: 0 | AB50: 2 | AC50: 3 | AD50: 0 | AE50: 2 | AF50: 0 | AG50: 3 | AH50: 2 | AI50: 2 | AJ50: 1 | AK50: 0 | AL50: 4 | AM50: 3 | AN50: 1 | AO50: 3 | AP50: 0 | AQ50: 1 | AR50: 2 | AS50: 1 | AT50: 1 | AU50: 8 | AV50: 0 | AW50: 0 | AX50: 4 | AY50: 3 | AZ50: 2 | BA50: 4 | BB50: 2 | BC50: 3 | BD50: 1 | BE50: 2 | BF50: 2 | BG50: 3 | BH50: 0 | BI50: 1 | BJ50: 3 | BK50: 2 | BL50: 1 | BM50: 2 | BN50: 1 | BO50: 2 | BP50: 2 | BQ50: 2 | BR50: 0 | BS50: 2 | BT50: 0 | BU50: 1 | BV50: 2 | BW50: 3 | BX50: 0 | BY50: 3 | BZ50: 0 | CA50: 2 | CB50: 1 | CC50: 1 | CD50: 3 | CE50: 1 | CF50: 1 | CG50: 4 | CH50: 0 | CI50: 2 | CJ50: 1 | CK50: 0 | CL50: 2 | CM50: 2 | CN50: 0 | CO50: 0 | CP50: 2 | CQ50: 2 | CR50: 0 | CS50: 2 | CT50: 1 | CU50: 0 | CV50: 4 | CW50: 3 | CX50: 0 | CY50: 3 | CZ50: 1 | DA50: 2 | DB50: 0 | DC50: 2 | DD50: 2 | DE50: 0 | DF50: 3 | DG50: 1 | DH50: 3 | DI50: 2 | DJ50: 3 | DK50: 2 | DL50: 1 | DM50: 0 | DN50: 4 | DO50: 2 | DP50: 3 | DQ50: 4 | DR50: 1 | DS50: 2 | DT50: 2 | DU50: 3 | DV50: 0 | DW50: 4 | DX50: 1 | DY50: 1 | DZ50: 4 | EA50: 2 | EB50: 1 | EC50: 1 | ED50: 2 | EE50: 0 | EF50: 4 | EG50: 2 | EH50: 0 | EI50: 1 | EJ50: 3 | EK50: 1 | EL50: 2 | EM50: 1 | EN50: 1 | EO50: 3 | EP50: 0

Sheet Partidos
A1: N° | B1: Fecha | C1: Hora ET | D1: Fase | E1: Grupo | F1: Local | G1: Visitante | H1: Goles Local | I1: Goles Visitante | J1: Ganador/Clasifica | K1: Sede | L1: Local código | M1: Visitante código | N1: Local posición | O1: Visitante posición | P1: Fuente/Nota | Q1: Nota
A2: 1 | B2: 46184 | C2: 0.58333333 | D2: Grupo | E2: A | F2: México | G2: Sudáfrica | H2: 2 | I2: 0 | J2: México | K2: Mexico City | L2: MEX | M2: RSA | N2: A1 | O2: A2 | P2: FIFA/CBS | Q2: Eliminatorias: si una posición aún no está definida, F/G muestran la llave (1A, 2B, 3A/B/C..., W74, L101). Un grupo solo clasifica cuando sus 4 equipos tienen al menos 1 partido con marcador.
A3: 2 | B3: 46184 | C3: 0.875 | D3: Grupo | E3: A | F3: Corea República | G3: Chequia | H3: 2 | I3: 1 | J3: Corea República | K3: Guadalajara | L3: KOR | M3: CZE | N3: A3 | O3: A4 | P3: FIFA/CBS
A4: 3 | B4: 46185 | C4: 0.58333333 | D4: Grupo | E4: B | F4: Canadá | G4: Bosnia y Herzegovina | H4: 1 | I4: 1 | J4: Empate | K4: Toronto | L4: CAN | M4: BIH | N4: B1 | O4: B2 | P4: FIFA/CBS
A5: 4 | B5: 46185 | C5: 0.83333333 | D5: Grupo | E5: D | F5: Estados Unidos | G5: Paraguay | H5: 4 | I5: 1 | J5: Estados Unidos | K5: Los Angeles | L5: USA | M5: PAR | N5: D1 | O5: D2 | P5: FIFA/CBS
A6: 5 | B6: 46186 | C6: 0.83333333 | D6: Grupo | E6: C | F6: Haití | G6: Escocia | H6: 0 | I6: 1 | J6: Escocia | K6: Boston | L6: HAI | M6: SCO | N6: C3 | O6: C4 | P6: FIFA/CBS
A7: 6 | B7: 46186 | C7: 0.5 | D7: Grupo | E7: D | F7: Australia | G7: Türkiye | H7: 2 | I7: 0 | J7: Australia | K7: Vancouver | L7: AUS | M7: TUR | N7: D3 | O7: D4 | P7: FIFA/CBS
A8: 7 | B8: 46186 | C8: 0.70833333 | D8: Grupo | E8: C | F8: Brasil | G8: Marruecos | H8: 1 | I8: 1 | J8: Empate | K8: New York New Jersey | L8: BRA | M8: MAR | N8: C1 | O8: C2 | P8: FIFA/CBS
A9: 8 | B9: 46186 | C9: 0.58333333 | D9: Grupo | E9: B | F9: Qatar | G9: Suiza | H9: 1 | I9: 1 | J9: Empate | K9: San Francisco Bay Area | L9: QAT | M9: SUI | N9: B3 | O9: B4 | P9: FIFA/CBS
A10: 9 | B10: 46187 | C10: 0.75 | D10: Grupo | E10: E | F10: Costa de Marfil | G10: Ecuador | H10: 1 | I10: 0 | J10: Costa de Marfil | K10: Philadelphia | L10: CIV | M10: ECU | N10: E3 | O10: E4 | P10: FIFA/CBS
A11: 10 | B11: 46187 | C11: 0.5 | D11: Grupo | E11: E | F11: Alemania | G11: Curazao | H11: 7 | I11: 1 | J11: Alemania | K11: Houston | L11: GER | M11: CUW | N11: E1 | O11: E2 | P11: FIFA/CBS
A12: 11 | B12: 46187 | C12: 0.625 | D12: Grupo | E12: F | F12: Países Bajos | G12: Japón | H12: 2 | I12: 2 | J12: Empate | K12: Dallas | L12: NED | M12: JPN | N12: F1 | O12: F2 | P12: FIFA/CBS
A13: 12 | B13: 46187 | C13: 0.875 | D13: Grupo | E13: F | F13: Suecia | G13: Túnez | H13: 5 | I13: 1 | J13: Suecia | K13: Monterrey | L13: SWE | M13: TUN | N13: F3 | O13: F4 | P13: FIFA/CBS
A14: 13 | B14: 46188 | C14: 0.70833333 | D14: Grupo | E14: H | F14: Arabia Saudita | G14: Uruguay | H14: 1 | I14: 1 | J14: Empate | K14: Miami | L14: KSA | M14: URU | N14: H3 | O14: H4 | P14: FIFA/CBS
... A44: 43 | B44: 46195 | C44: 0.5 | D44: Grupo | E44: J | F44: Argentina | G44: Austria | H44: 2 | I44: 0 | J44: Argentina | K44: Dallas | L44: ARG | M44: AUT | N44: J1 | O44: J3 | P44: FIFA/CBS
A45: 44 | B45: 46195 | C45: 0.91666667 | D45: Grupo | E45: J | F45: Jordania | G45: Argelia | H45: 1 | I45: 2 | J45: =IF(OR(H45="",I45=""),"",IF(H45>I45,F45,IF(I45>H45,G45,"Empate"))) -> Argelia | K45: San Francisco Bay Area | L45: JOR | M45: ALG | N45: J4 | O45: J2 | P45: FIFA/CBS
A46: 45 | B46: 46196 | C46: 0.625 | D46: Grupo | E46: L | F46: Inglaterra | G46: Ghana | H46: 0 | I46: 0 | J46: =IF(OR(H46="",I46=""),"",IF(H46>I46,F46,IF(I46>H46,G46,"Empate"))) -> Empate | K46: Boston | L46: ENG | M46: GHA | N46: L1 | O46: L3 | P46: FIFA/CBS
A47: 46 | B47: 46196 | C47: 0.75 | D47: Grupo | E47: L | F47: Panamá | G47: Croacia | H47: 0 | I47: 1 | J47: =IF(OR(H47="",I47=""),"",IF(H47>I47,F47,IF(I47>H47,G47,"Empate"))) -> Croacia | K47: Toronto | L47: PAN | M47: CRO | N47: L4 | O47: L2 | P47: FIFA/CBS
A48: 47 | B48: 46196 | C48: 0.5 | D48: Grupo | E48: K | F48: Portugal | G48: Uzbekistán | H48: 5 | I48: 0 | J48: =IF(OR(H48="",I48=""),"",IF(H48>I48,F48,IF(I48>H48,G48,"Empate"))) -> Portugal | K48: Houston | L48: POR | M48: UZB | N48: K1 | O48: K3 | P48: FIFA/CBS
A49: 48 | B49: 46196 | C49: 0.875 | D49: Grupo | E49: K | F49: Colombia | G49: RD Congo | H49: 1 | I49: 0 | J49: =IF(OR(H49="",I49=""),"",IF(H49>I49,F49,IF(I49>H49,G49,"Empate"))) -> Colombia | K49: Guadalajara | L49: COL | M49: COD | N49: K4 | O49: K2 | P49: FIFA/CBS
A50: 49 | B50: 46197 | C50: 0.70833333 | D50: Grupo | E50: C | F50: Escocia | G50: Brasil | H50: 0 | I50: 3 | J50: =IF(OR(H50="",I50=""),"",IF(H50>I50,F50,IF(I50>H50,G50,"Empate"))) -> Brasil | K50: Miami | L50: SCO | M50: BRA | N50: C4 | O50: C1 | P50: FIFA/CBS
A51: 50 | B51: 46197 | C51: 0.70833333 | D51: Grupo | E51: C | F51: Marruecos | G51: Haití | H51: 4 | I51: 2 | J51: =IF(OR(H51="",I51=""),"",IF(H51>I51,F51,IF(I51>H51,G51,"Empate"))) -> Marruecos | K51: Atlanta | L51: MAR | M51: HAI | N51: C2 | O51: C3 | P51: FIFA/CBS
A52: 51 | B52: 46197 | C52: 0.58333333 | D52: Grupo | E52: B | F52: Suiza | G52: Canadá | H52: 2 | I52: 1 | J52: =IF(OR(H52="",I52=""),"",IF(H52>I52,F52,IF(I52>H52,G52,"Empate"))) -> Suiza | K52: Vancouver | L52: SUI | M52: CAN | N52: B4 | O52: B1 | P52: FIFA/CBS
A53: 52 | B53: 46197 | C53: 0.58333333 | D53: Grupo | E53: B | F53: Bosnia y Herzegovina | G53: Qatar | H53: 3 | I53: 1 | J53: =IF(OR(H53="",I53=""),"",IF(H53>I53,F53,IF(I53>H53,G53,"Empate"))) -> Bosnia y Herzegovina | K53: Seattle | L53: BIH | M53: QAT | N53: B2 | O53: B3 | P53: FIFA/CBS
A54: 53 | B54: 46197 | C54: 0.83333333 | D54: Grupo | E54: A | F54: Chequia | G54: México | H54: 0 | I54: 3 | J54: =IF(OR(H54="",I54=""),"",IF(H54>I54,F54,IF(I54>H54,G54,"Empate"))) -> México | K54: Mexico City | L54: CZE | M54: MEX | N54: A4 | O54: A1 | P54: FIFA/CBS
A55: 54 | B55: 46197 | C55: 0.83333333 | D55: Grupo | E55: A | F55: Sudáfrica | G55: Corea República | H55: 1 | I55: 0 | J55: =IF(OR(H55="",I55=""),"",IF(H55>I55,F55,IF(I55>H55,G55,"Empate"))) -> Sudáfrica | K55: Monterrey | L55: RSA | M55: KOR | N55: A2 | O55: A3 | P55: FIFA/CBS
A56: 55 | B56: 46198 | C56: 0.625 | D56: Grupo | E56: E | F56: Curazao | G56: Costa de Marfil | H56: 0 | I56: 2 | J56: =IF(OR(H56="",I56=""),"",IF(H56>I56,F56,IF(I56>H56,G56,"Empate"))) -> Costa de Marfil | K56: Philadelphia | L56: CUW | M56: CIV | N56: E2 | O56: E3 | P56: FIFA/CBS
... A61: 60 | B61: 46198 | C61: 0.875 | D61: Grupo | E61: D | F61: Paraguay | G61: Australia | H61: 0 | I61: 0 | J61: =IF(OR(H61="",I61=""),"",IF(H61>I61,F61,IF(I61>H61,G61,"Empate"))) -> Empate | K61: San Francisco Bay Area | L61: PAR | M61: AUS | N61: D2 | O61: D3 | P61: FIFA/CBS
A62: 61 | B62: 46199 | C62: 0.58333333 | D62: Grupo | E62: I | F62: Noruega | G62: Francia | H62: =[1]Partidos!$H62 -> 1 | I62: =[1]Partidos!$I62 -> 4 | J62: =IF(OR(H62="",I62=""),"",IF(H62>I62,F62,IF(I62>H62,G62,"Empate"))) -> Francia | K62: Boston | L62: NOR | M62: FRA | N62: I4 | O62: I1 | P62: FIFA/CBS
A63: 62 | B63: 46199 | C63: 0.58333333 | D63: Grupo | E63: I | F63: Senegal | G63: Irak | H63: =[1]Partidos!$H63 -> 5 | I63: =[1]Partidos!$I63 -> 0 | J63: =IF(OR(H63="",I63=""),"",IF(H63>I63,F63,IF(I63>H63,G63,"Empate"))) -> Senegal | K63: Toronto | L63: SEN | M63: IRQ | N63: I2 | O63: I3 | P63: FIFA/CBS
A64: 63 | B64: 46199 | C64: 0.91666667 | D64: Grupo | E64: G | F64: Egipto | G64: Irán | H64: =[1]Partidos!$H64 -> 1 | I64: =[1]Partidos!$I64 -> 1 | J64: =IF(OR(H64="",I64=""),"",IF(H64>I64,F64,IF(I64>H64,G64,"Empate"))) -> Empate | K64: Seattle | L64: EGY | M64: IRN | N64: G2 | O64: G3 | P64: FIFA/CBS
A65: 64 | B65: 46199 | C65: 0.91666667 | D65: Grupo | E65: G | F65: Nueva Zelanda | G65: Bélgica | H65: =[1]Partidos!$H65 -> 1 | I65: =[1]Partidos!$I65 -> 5 | J65: =IF(OR(H65="",I65=""),"",IF(H65>I65,F65,IF(I65>H65,G65,"Empate"))) -> Bélgica | K65: Vancouver | L65: NZL | M65: BEL | N65: G4 | O65: G1 | P65: FIFA/CBS
A66: 65 | B66: 46199 | C66: 0.79166667 | D66: Grupo | E66: H | F66: Cabo Verde | G66: Arabia Saudita | H66: =[1]Partidos!$H66 -> 0 | I66: =[1]Partidos!$I66 -> 0 | J66: =IF(OR(H66="",I66=""),"",IF(H66>I66,F66,IF(I66>H66,G66,"Empate"))) -> Empate | K66: Houston | L66: CPV | M66: KSA | N66: H2 | O66: H3 | P66: FIFA/CBS
A67: 66 | B67: 46199 | C67: 0.79166667 | D67: Grupo | E67: H | F67: Uruguay | G67: España | H67: =[1]Partidos!$H67 -> 0 | I67: =[1]Partidos!$I67 -> 1 | J67: =IF(OR(H67="",I67=""),"",IF(H67>I67,F67,IF(I67>H67,G67,"Empate"))) -> España | K67: Guadalajara | L67: URU | M67: ESP | N67: H4 | O67: H1 | P67: FIFA/CBS
A68: 67 | B68: 46200 | C68: 0.66666667 | D68: Grupo | E68: L | F68: Panamá | G68: Inglaterra | H68: =[1]Partidos!$H68 | I68: =[1]Partidos!$I68 | J68: =IF(OR(H68="",I68=""),"",IF(H68>I68,F68,IF(I68>H68,G68,"Empate"))) | K68: New York New Jersey | L68: PAN | M68: ENG | N68: L4 | O68: L1 | P68: FIFA/CBS
A69: 68 | B69: 46200 | C69: 0.66666667 | D69: Grupo | E69: L | F69: Croacia | G69: Ghana | H69: =[1]Partidos!$H69 | I69: =[1]Partidos!$I69 | J69: =IF(OR(H69="",I69=""),"",IF(H69>I69,F69,IF(I69>H69,G69,"Empate"))) | K69: Philadelphia | L69: CRO | M69: GHA | N69: L2 | O69: L3 | P69: FIFA/CBS
A70: 69 | B70: 46200 | C70: 0.875 | D70: Grupo | E70: J | F70: Argelia | G70: Austria | H70: =[1]Partidos!$H70 | I70: =[1]Partidos!$I70 | J70: =IF(OR(H70="",I70=""),"",IF(H70>I70,F70,IF(I70>H70,G70,"Empate"))) | K70: Kansas City | L70: ALG | M70: AUT | N70: J2 | O70: J3 | P70: FIFA/CBS
A71: 70 | B71: 46200 | C71: 0.875 | D71: Grupo | E71: J | F71: Jordania | G71: Argentina | H71: =[1]Partidos!$H71 | I71: =[1]Partidos!$I71 | J71: =IF(OR(H71="",I71=""),"",IF(H71>I71,F71,IF(I71>H71,G71,"Empate"))) | K71: Dallas | L71: JOR | M71: ARG | N71: J4 | O71: J1 | P71: FIFA/CBS
A72: 71 | B72: 46200 | C72: 0.77083333 | D72: Grupo | E72: K | F72: Colombia | G72: Portugal | H72: =[1]Partidos!$H72 | I72: =[1]Partidos!$I72 | J72: =IF(OR(H72="",I72=""),"",IF(H72>I72,F72,IF(I72>H72,G72,"Empate"))) | K72: Miami | L72: COL | M72: POR | N72: K4 | O72: K1 | P72: FIFA/CBS
A73: 72 | B73: 46200 | C73: 0.77083333 | D73: Grupo | E73: K | F73: RD Congo | G73: Uzbekistán | H73: =[1]Partidos!$H73 | I73: =[1]Partidos!$I73 | J73: =IF(OR(H73="",I73=""),"",IF(H73>I73,F73,IF(I73>H73,G73,"Empate"))) | K73: Atlanta | L73: COD | M73: UZB | N73: K2 | O73: K3 | P73: FIFA/CBS
A74: 73 | B74: 46201 | C74: 0.58333333 | D74: Ronda de 32 | F74: Corea República | G74: Suiza | J74: =IF(OR(H74="",I74=""),"",IF(H74>I74,F74,IF(I74>H74,G74,"Empate"))) | K74: Los Angeles | L74: KOR | M74: SUI | N74: 2A | O74: 2B | P74: FIFA/CBS
A75: 74 | B75: 46201 | C75: 0.64583333 | D75: Ronda de 32 | F75: Alemania | G75: 3A/B/C/D/F | J75: =IF(OR(H75="",I75=""),"",IF(H75>I75,F75,IF(I75>H75,G75,"Empate"))) | K75: Boston | L75: GER | M75: 3A/B/C/D/F | N75: 1E | O75: 3A/B/C/D/F | P75: FIFA/CBS
A76: 75 | B76: 46202 | C76: 0.83333333 | D76: Ronda de 32 | F76: Países Bajos | G76: Marruecos | J76: =IF(OR(H76="",I76=""),"",IF(H76>I76,F76,IF(I76>H76,G76,"Empate"))) | K76: Monterrey | L76: NED | M76: MAR | N76: 1F | O76: 2C | P76: FIFA/CBS
A77: 76 | B77: 46202 | C77: 0.5 | D77: Ronda de 32 | F77: Brasil | G77: Japón | J77: =IF(OR(H77="",I77=""),"",IF(H77>I77,F77,IF(I77>H77,G77,"Empate"))) | K77: Houston | L77: BRA | M77: JPN | N77: 1C | O77: 2F | P77: FIFA/CBS
A78: 77 | B78: 46202 | C78: 0.66666667 | D78: Ronda de 32 | F78: Francia | G78: 3C/D/F/G/H | J78: =IF(OR(H78="",I78=""),"",IF(H78>I78,F78,IF(I78>H78,G78,"Empate"))) | K78: New York New Jersey | L78: FRA | M78: 3C/D/F/G/H | N78: 1I | O78: 3C/D/F/G/H | P78: FIFA/CBS
A79: 78 | B79: 46203 | C79: 0.5 | D79: Ronda de 32 | F79: Costa de Marfil | G79: Noruega | J79: =IF(OR(H79="",I79=""),"",IF(H79>I79,F79,IF(I79>H79,G79,"Empate"))) | K79: Dallas | L79: CIV | M79: NOR | N79: 2E | O79: 2I | P79: FIFA/CBS
A80: 79 | B80: 46203 | C80: 0.83333333 | D80: Ronda de 32 | F80: México | G80: 3C/E/F/H/I | J80: =IF(OR(H80="",I80=""),"",IF(H80>I80,F80,IF(I80>H80,G80,"Empate"))) | K80: Mexico City | L80: MEX | M80: 3C/E/F/H/I | N80: 1A | O80: 3C/E/F/H/I | P80: FIFA/CBS
A81: 80 | B81: 46203 | C81: 0.45833333 | D81: Ronda de 32 | F81: Inglaterra | G81: 3E/H/I/J/K | J81: =IF(OR(H81="",I81=""),"",IF(H81>I81,F81,IF(I81>H81,G81,"Empate"))) | K81: Atlanta | L81: ENG | M81: 3E/H/I/J/K | N81: 1L | O81: 3E/H/I/J/K | P81: FIFA/CBS
A82: 81 | B82: 46204 | C82: 0.79166667 | D82: Ronda de 32 | F82: Estados Unidos | G82: 3B/E/F/I/J | J82: =IF(OR(H82="",I82=""),"",IF(H82>I82,F82,IF(I82>H82,G82,"Empate"))) | K82: San Francisco Bay Area | L82: USA | M82: 3B/E/F/I/J | N82: 1D | O82: 3B/E/F/I/J | P82: FIFA/CBS
A83: 82 | B83: 46204 | C83: 0.625 | D83: Ronda de 32 | F83: Egipto | G83: 3A/E/H/I/J | J83: =IF(OR(H83="",I83=""),"",IF(H83>I83,F83,IF(I83>H83,G83,"Empate"))) | K83: Seattle | L83: EGY | M83: 3A/E/H/I/J | N83: 1G | O83: 3A/E/H/I/J | P83: FIFA/CBS
A84: 83 | B84: 46205 | C84: 0.75 | D84: Ronda de 32 | F84: Portugal | G84: Ghana | J84: =IF(OR(H84="",I84=""),"",IF(H84>I84,F84,IF(I84>H84,G84,"Empate"))) | K84: Toronto | L84: POR | M84: GHA | N84: 2K | O84: 2L | P84: FIFA/CBS
A85: 84 | B85: 46205 | C85: 0.58333333 | D85: Ronda de 32 | F85: España | G85: Austria | J85: =IF(OR(H85="",I85=""),"",IF(H85>I85,F85,IF(I85>H85,G85,"Empate"))) | K85: Los Angeles | L85: ESP | M85: AUT | N85: 1H | O85: 2J | P85: FIFA/CBS
... A104: 103 | B104: 46221 | C104: 0.66666667 | D104: Tercer lugar | F104: L101 | G104: L102 | J104: =IF(OR(H104="",I104=""),"",IF(H104>I104,F104,IF(I104>H104,G104,"Empate"))) | K104: Miami | L104: L101 | M104: L102 | N104: L101 | O104: L102 | P104: FIFA/CBS
A105: 104 | B105: 46222 | C105: 0.58333333 | D105: Final | J105: =IF(OR(H105="",I105=""),"",IF(H105>I105,F105,IF(I105>H105,G105,"Empate"))) | K105: New York New Jersey | N105: W101 | O105: W102 | P105: FIFA/CBS

Sheet VGrupo
B1: =Grupo!B1 -> México | C1: =Grupo!C1 -> Sudáfrica | D1: =Grupo!D1 -> Pts | E1: =Grupo!E1 -> Corea República | F1: =Grupo!F1 -> Chequia | G1: =Grupo!G1 -> Pts | H1: =Grupo!H1 -> Canadá | I1: =Grupo!I1 -> Bosnia y Herzegovina | ... HI1: =Grupo!HI1 -> Pts | HJ1: Total
A2: Participante | B2: =Grupo!B2 -> 2 | C2: =Grupo!C2 -> 0 | D2: =Grupo!D2 -> — | E2: =Grupo!E2 -> 2 | F2: =Grupo!F2 -> 1 | G2: =Grupo!G2 -> — | H2: =Grupo!H2 -> 1 | I2: =Grupo!I2 -> 1 | ... HI2: =Grupo!HI2 -> — | HK2: Participante
A3: =Grupo!A3 -> Alberto | B3: =Grupo!B3 -> 1 | C3: =Grupo!C3 -> 1 | D3: =Grupo!D3 -> 0 | E3: =Grupo!E3 -> 2 | F3: =Grupo!F3 -> 0 | G3: =Grupo!G3 -> 1 | H3: =Grupo!H3 -> 2 | ... HJ3: =Grupo!HJ3 -> 48 | HK3: Alberto
A4: =Grupo!A4 -> Alexander | B4: =Grupo!B4 -> 2 | C4: =Grupo!C4 -> 0 | D4: =Grupo!D4 -> 3 | E4: =Grupo!E4 -> 1 | F4: =Grupo!F4 -> 1 | G4: =Grupo!G4 -> 0 | H4: =Grupo!H4 -> 1 | ... HJ4: =Grupo!HJ4 -> 55 | HK4: Alexander
A5: =Grupo!A5 -> Alfredo 1 | B5: =Grupo!B5 -> 2 | C5: =Grupo!C5 -> 1 | D5: =Grupo!D5 -> 1 | E5: =Grupo!E5 -> 1 | F5: =Grupo!F5 -> 1 | G5: =Grupo!G5 -> 0 | H5: =Grupo!H5 -> 1 | ... HJ5: =Grupo!HJ5 -> 52 | HK5: Alfredo 1
A6: =Grupo!A6 -> Alfredo 2 | B6: =Grupo!B6 -> 2 | C6: =Grupo!C6 -> 0 | D6: =Grupo!D6 -> 3 | E6: =Grupo!E6 -> 0 | F6: =Grupo!F6 -> 1 | G6: =Grupo!G6 -> 0 | H6: =Grupo!H6 -> 2 | ... HJ6: =Grupo!HJ6 -> 50 | HK6: Alfredo 2
A7: =Grupo!A7 -> Aneth | B7: =Grupo!B7 -> 2 | C7: =Grupo!C7 -> 0 | D7: =Grupo!D7 -> 3 | E7: =Grupo!E7 -> 1 | F7: =Grupo!F7 -> 1 | G7: =Grupo!G7 -> 0 | H7: =Grupo!H7 -> 2 | ... HJ7: =Grupo!HJ7 -> 52 | HK7: Aneth
A8: =Grupo!A8 -> Antonio | B8: =Grupo!B8 -> 2 | C8: =Grupo!C8 -> 0 | D8: =Grupo!D8 -> 3 | E8: =Grupo!E8 -> 1 | F8: =Grupo!F8 -> 1 | G8: =Grupo!G8 -> 0 | H8: =Grupo!H8 -> 3 | ... HJ8: =Grupo!HJ8 -> 39 | HK8: Antonio
A9: =Grupo!A9 -> Carlos | B9: =Grupo!B9 -> 2 | C9: =Grupo!C9 -> 1 | D9: =Grupo!D9 -> 1 | E9: =Grupo!E9 -> 1 | F9: =Grupo!F9 -> 1 | G9: =Grupo!G9 -> 0 | H9: =Grupo!H9 -> 2 | ... HJ9: =Grupo!HJ9 -> 46 | HK9: Carlos
A10: =Grupo!A10 -> Castillo L. | B10: =Grupo!B10 -> 2 | C10: =Grupo!C10 -> 1 | D10: =Grupo!D10 -> 1 | E10: =Grupo!E10 -> 2 | F10: =Grupo!F10 -> 1 | G10: =Grupo!G10 -> 3 | H10: =Grupo!H10 -> 1 | ... HJ10: =Grupo!HJ10 -> 50 | HK10: Castillo L.
A11: =Grupo!A11 -> Christofer | B11: =Grupo!B11 -> 2 | C11: =Grupo!C11 -> 3 | D11: =Grupo!D11 -> 0 | E11: =Grupo!E11 -> 1 | F11: =Grupo!F11 -> 1 | G11: =Grupo!G11 -> 0 | H11: =Grupo!H11 -> 1 | ... HJ11: =Grupo!HJ11 -> 32 | HK11: Christofer
A12: =Grupo!A12 -> Cynthia | B12: =Grupo!B12 -> 1 | C12: =Grupo!C12 -> 2 | D12: =Grupo!D12 -> 0 | E12: =Grupo!E12 -> 1 | F12: =Grupo!F12 -> 0 | G12: =Grupo!G12 -> 1 | H12: =Grupo!H12 -> 2 | ... HJ12: =Grupo!HJ12 -> 48 | HK12: Cynthia
A13: =Grupo!A13 -> Edward | B13: =Grupo!B13 -> 2 | C13: =Grupo!C13 -> 0 | D13: =Grupo!D13 -> 3 | E13: =Grupo!E13 -> 2 | F13: =Grupo!F13 -> 1 | G13: =Grupo!G13 -> 3 | H13: =Grupo!H13 -> 2 | ... HJ13: =Grupo!HJ13 -> 57 | HK13: Edward
A14: =Grupo!A14 -> Espinosa L. | B14: =Grupo!B14 -> 2 | C14: =Grupo!C14 -> 1 | D14: =Grupo!D14 -> 1 | E14: =Grupo!E14 -> 1 | F14: =Grupo!F14 -> 0 | G14: =Grupo!G14 -> 1 | H14: =Grupo!H14 -> 3 | ... HJ14: =Grupo!HJ14 -> 36 | HK14: Espinosa L.
... A50: =Grupo!A50 -> Walder | B50: =Grupo!B50 -> 3 | C50: =Grupo!C50 -> 1 | D50: =Grupo!D50 -> 1 | E50: =Grupo!E50 -> 2 | F50: =Grupo!F50 -> 2 | G50: =Grupo!G50 -> 0 | H50: =Grupo!H50 -> 1 | ... HJ50: =Grupo!HJ50 -> 45 | HK50: Walder
A51: =Grupo!A51 -> Waldo | B51: =Grupo!B51 -> 2 | C51: =Grupo!C51 -> 0 | D51: =Grupo!D51 -> 3 | E51: =Grupo!E51 -> 1 | F51: =Grupo!F51 -> 1 | G51: =Grupo!G51 -> 0 | H51: =Grupo!H51 -> 2 | ... HJ51: =Grupo!HJ51 -> 43 | HK51: =Grupo!A51 -> Waldo

Sheet Clasificacion
A1: Grupo | B1: Código | C1: Equipo | D1: PJ | E1: PG | F1: PE | G1: PP | H1: GF | I1: GC | J1: DG | K1: PTS | L1: Desempate manual | M1: Posición calculada | N1: Clasifica | O1: LlavePos | P1: Equipo_lookup | Q1: Código_lookup
A2: A | B2: MEX | C2: México | D2: 2 | E2: 2 | F2: 0 | G2: 0 | H2: 3 | I2: 0 | J2: 3 | K2: 6 | L2: 0 | M2: 1 | N2: Directo | O2: A1 | P2: México | Q2: MEX
A3: A | B3: RSA | C3: Sudáfrica | D3: 2 | E3: 0 | F3: 1 | G3: 1 | H3: 1 | I3: 3 | J3: -2 | K3: 1 | L3: 0 | M3: 4 | O3: A4 | P3: Sudáfrica | Q3: RSA
A4: A | B4: KOR | C4: Corea República | D4: 2 | E4: 1 | F4: 0 | G4: 1 | H4: 2 | I4: 2 | J4: 0 | K4: 3 | L4: 0 | M4: 2 | N4: Directo | O4: A2 | P4: Corea República | Q4: KOR
A5: A | B5: CZE | C5: Chequia | D5: 2 | E5: 0 | F5: 1 | G5: 1 | H5: 2 | I5: 3 | J5: -1 | K5: 1 | L5: 0 | M5: 3 | N5: Posible mejor 3° | O5: A3 | P5: Chequia | Q5: CZE
A6: B | B6: CAN | C6: Canadá | D6: 2 | E6: 1 | F6: 1 | G6: 0 | H6: 7 | I6: 1 | J6: 6 | K6: 4 | L6: 0 | M6: 1 | N6: Directo | O6: B1 | P6: Canadá | Q6: CAN
A7: B | B7: BIH | C7: Bosnia y Herzegovina | D7: 2 | E7: 0 | F7: 1 | G7: 1 | H7: 2 | I7: 5 | J7: -3 | K7: 1 | L7: 0 | M7: 3 | N7: Posible mejor 3° | O7: B3 | P7: Bosnia y Herzegovina | Q7: BIH
A8: B | B8: QAT | C8: Qatar | D8: 2 | E8: 0 | F8: 1 | G8: 1 | H8: 1 | I8: 7 | J8: -6 | K8: 1 | L8: 0 | M8: 4 | O8: B4 | P8: Qatar | Q8: QAT
A9: B | B9: SUI | C9: Suiza | D9: 2 | E9: 1 | F9: 1 | G9: 0 | H9: 5 | I9: 2 | J9: 3 | K9: 4 | L9: 0 | M9: 2 | N9: Directo | O9: B2 | P9: Suiza | Q9: SUI
A10: C | B10: BRA | C10: Brasil | D10: 2 | E10: 1 | F10: 1 | G10: 0 | H10: 4 | I10: 1 | J10: 3 | K10: 4 | L10: 0 | M10: 1 | N10: Directo | O10: C1 | P10: Brasil | Q10: BRA
A11: C | B11: MAR | C11: Marruecos | D11: 2 | E11: 1 | F11: 1 | G11: 0 | H11: 2 | I11: 1 | J11: 1 | K11: 4 | L11: 0 | M11: 2 | N11: Directo | O11: C2 | P11: Marruecos | Q11: MAR
A12: C | B12: HAI | C12: Haití | D12: 2 | E12: 0 | F12: 0 | G12: 2 | H12: 0 | I12: 4 | J12: -4 | K12: 0 | L12: 0 | M12: 4 | O12: C4 | P12: Haití | Q12: HAI
A13: C | B13: SCO | C13: Escocia | D13: 2 | E13: 1 | F13: 0 | G13: 1 | H13: 1 | I13: 1 | J13: 0 | K13: 3 | L13: 0 | M13: 3 | N13: Posible mejor 3° | O13: C3 | P13: Escocia | Q13: SCO
A14: D | B14: USA | C14: Estados Unidos | D14: 2 | E14: 2 | F14: 0 | G14: 0 | H14: 6 | I14: 1 | J14: 5 | K14: 6 | L14: 0 | M14: 1 | N14: Directo | O14: D1 | P14: Estados Unidos | Q14: USA
A15: D | B15: PAR | C15: Paraguay | D15: 2 | E15: 1 | F15: 0 | G15: 1 | H15: 2 | I15: 4 | J15: -2 | K15: 3 | L15: 0 | M15: 3 | N15: Posible mejor 3° | O15: D3 | P15: Paraguay | Q15: PAR
A16: D | B16: AUS | C16: Australia | D16: 2 | E16: 1 | F16: 0 | G16: 1 | H16: 2 | I16: 2 | J16: 0 | K16: 3 | L16: 0 | M16: 2 | N16: Directo | O16: D2 | P16: Australia | Q16: AUS
A17: D | B17: TUR | C17: Türkiye | D17: 2 | E17: 0 | F17: 0 | G17: 2 | H17: 0 | I17: 3 | J17: -3 | K17: 0 | L17: 0 | M17: 4 | O17: D4 | P17: Türkiye | Q17: TUR
A18: E | B18: GER | C18: Alemania | D18: 2 | E18: 2 | F18: 0 | G18: 0 | H18: 9 | I18: 2 | J18: 7 | K18: 6 | L18: 0 | M18: 1 | N18: Directo | O18: E1 | P18: Alemania | Q18: GER
A19: E | B19: CUW | C19: Curazao | D19: 2 | E19: 0 | F19: 1 | G19: 1 | H19: 1 | I19: 7 | J19: -6 | K19: 1 | L19: 0 | M19: 4 | O19: E4 | P19: Curazao | Q19: CUW
A20: E | B20: CIV | C20: Costa de Marfil | D20: 2 | E20: 1 | F20: 0 | G20: 1 | H20: 2 | I20: 2 | J20: 0 | K20: 3 | L20: 0 | M20: 2 | N20: Directo | O20: E2 | P20: Costa de Marfil | Q20: CIV
A21: E | B21: ECU | C21: Ecuador | D21: 2 | E21: 0 | F21: 1 | G21: 1 | H21: 0 | I21: 1 | J21: -1 | K21: 1 | L21: 0 | M21: 3 | N21: Posible mejor 3° | O21: E3 | P21: Ecuador | Q21: ECU
A22: F | B22: NED | C22: Países Bajos | D22: 2 | E22: 1 | F22: 1 | G22: 0 | H22: 7 | I22: 3 | J22: 4 | K22: 4 | L22: 0 | M22: 1 | N22: Directo | O22: F1 | P22: Países Bajos | Q22: NED
A23: F | B23: JPN | C23: Japón | D23: 2 | E23: 1 | F23: 1 | G23: 0 | H23: 6 | I23: 2 | J23: 4 | K23: 4 | L23: 0 | M23: 2 | N23: Directo | O23: F2 | P23: Japón | Q23: JPN
A24: F | B24: SWE | C24: Suecia | D24: 2 | E24: 1 | F24: 0 | G24: 1 | H24: 6 | I24: 6 | J24: 0 | K24: 3 | L24: 0 | M24: 3 | N24: Posible mejor 3° | O24: F3 | P24: Suecia | Q24: SWE
A25: F | B25: TUN | C25: Túnez | D25: 2 | E25: 0 | F25: 0 | G25: 2 | H25: 1 | I25: 9 | J25: -8 | K25: 0 | L25: 0 | M25: 4 | O25: F4 | P25: Túnez | Q25: TUN
A26: G | B26: BEL | C26: Bélgica | D26: 2 | E26: 0 | F26: 2 | G26: 0 | H26: 1 | I26: 1 | J26: 0 | K26: 2 | L26: 0 | M26: 3 | N26: Posible mejor 3° | O26: G3 | P26: Bélgica | Q26: BEL
A27: G | B27: EGY | C27: Egipto | D27: 2 | E27: 1 | F27: 1 | G27: 0 | H27: 4 | I27: 2 | J27: 2 | K27: 4 | L27: 0 | M27: 1 | N27: Directo | O27: G1 | P27: Egipto | Q27: EGY
A28: G | B28: IRN | C28: Irán | D28: 2 | E28: 0 | F28: 2 | G28: 0 | H28: 2 | I28: 2 | J28: 0 | K28: 2 | L28: 0 | M28: 2 | N28: Directo | O28: G2 | P28: Irán | Q28: IRN
A29: G | B29: NZL | C29: Nueva Zelanda | D29: 2 | E29: 0 | F29: 1 | G29: 1 | H29: 3 | I29: 5 | J29: -2 | K29: 1 | L29: 0 | M29: 4 | O29: G4 | P29: Nueva Zelanda | Q29: NZL
A30: H | B30: ESP | C30: España | D30: 2 | E30: 1 | F30: 1 | G30: 0 | H30: 4 | I30: 0 | J30: 4 | K30: 4 | L30: 0 | M30: 1 | N30: Directo | O30: H1 | P30: España | Q30: ESP
A31: H | B31: CPV | C31: Cabo Verde | D31: 2 | E31: 0 | F31: 2 | G31: 0 | H31: 2 | I31: 2 | J31: 0 | K31: 2 | L31: 0 | M31: 3 | N31: Posible mejor 3° | O31: H3 | P31: Cabo Verde | Q31: CPV
A32: H | B32: KSA | C32: Arabia Saudita | D32: 2 | E32: 0 | F32: 1 | G32: 1 | H32: 1 | I32: 5 | J32: -4 | K32: 1 | L32: 0 | M32: 4 | O32: H4 | P32: Arabia Saudita | Q32: KSA
A33: H | B33: URU | C33: Uruguay | D33: 2 | E33: 0 | F33: 2 | G33: 0 | H33: 3 | I33: 3 | J33: 0 | K33: 2 | L33: 0 | M33: 2 | N33: Directo | O33: H2 | P33: Uruguay | Q33: URU
A34: I | B34: FRA | C34: Francia | D34: 2 | E34: 2 | F34: 0 | G34: 0 | H34: 6 | I34: 1 | J34: 5 | K34: 6 | L34: 0 | M34: 1 | N34: Directo | O34: I1 | P34: Francia | Q34: FRA
A35: I | B35: SEN | C35: Senegal | D35: 2 | E35: 0 | F35: 0 | G35: 2 | H35: 1 | I35: 4 | J35: -3 | K35: 0 | L35: 0 | M35: 3 | N35: Posible mejor 3° | O35: I3 | P35: Senegal | Q35: SEN
A36: I | B36: IRQ | C36: Irak | D36: 2 | E36: 0 | F36: 0 | G36: 2 | H36: 1 | I36: 7 | J36: -6 | K36: 0 | L36: 0 | M36: 4 | O36: I4 | P36: Irak | Q36: IRQ
A37: I | B37: NOR | C37: Noruega | D37: 2 | E37: 2 | F37: 0 | G37: 0 | H37: 5 | I37: 1 | J37: 4 | K37: 6 | L37: 0 | M37: 2 | N37: Directo | O37: I2 | P37: Noruega | Q37: NOR
A38: J | B38: ARG | C38: Argentina | D38: 2 | E38: 2 | F38: 0 | G38: 0 | H38: 5 | I38: 0 | J38: 5 | K38: 6 | L38: 0 | M38: 1 | N38: Directo | O38: J1 | P38: Argentina | Q38: ARG
A39: J | B39: ALG | C39: Argelia | D39: 2 | E39: 0 | F39: 0 | G39: 2 | H39: 0 | I39: 3 | J39: -3 | K39: 0 | L39: 0 | M39: 4 | O39: J4 | P39: Argelia | Q39: ALG
A40: J | B40: AUT | C40: Austria | D40: 2 | E40: 1 | F40: 0 | G40: 1 | H40: 3 | I40: 3 | J40: 0 | K40: 3 | L40: 0 | M40: 2 | N40: Directo | O40: J2 | P40: Austria | Q40: AUT
A41: J | B41: JOR | C41: Jordania | D41: 2 | E41: 0 | F41: 0 | G41: 2 | H41: 1 | I41: 3 | J41: -2 | K41: 0 | L41: 0 | M41: 3 | N41: Posible mejor 3° | O41: J3 | P41: Jordania | Q41: JOR
A42: K | B42: POR | C42: Portugal | D42: 1 | E42: 0 | F42: 1 | G42: 0 | H42: 1 | I42: 1 | J42: 0 | K42: 1 | L42: 0 | M42: 2 | N42: Directo | O42: K2 | P42: Portugal | Q42: POR
A43: K | B43: COD | C43: RD Congo | D43: 1 | E43: 0 | F43: 1 | G43: 0 | H43: 1 | I43: 1 | J43: 0 | K43: 1 | L43: 0 | M43: 3 | N43: Posible mejor 3° | O43: K3 | P43: RD Congo | Q43: COD
A44: K | B44: UZB | C44: Uzbekistán | D44: 1 | E44: 0 | F44: 0 | G44: 1 | H44: 1 | I44: 3 | J44: -2 | K44: 0 | L44: 0 | M44: 4 | O44: K4 | P44: Uzbekistán | Q44: UZB
A45: K | B45: COL | C45: Colombia | D45: 1 | E45: 1 | F45: 0 | G45: 0 | H45: 3 | I45: 1 | J45: 2 | K45: 3 | L45: 0 | M45: 1 | N45: Directo | O45: K1 | P45: Colombia | Q45: COL
A46: L | B46: ENG | C46: Inglaterra | D46: 1 | E46: 1 | F46: 0 | G46: 0 | H46: 4 | I46: 2 | J46: 2 | K46: 3 | L46: 0 | M46: 1 | N46: Directo | O46: L1 | P46: Inglaterra | Q46: ENG
A47: L | B47: CRO | C47: Croacia | D47: 1 | E47: 0 | F47: 0 | G47: 1 | H47: 2 | I47: 4 | J47: -2 | K47: 0 | L47: 0 | M47: 4 | O47: L4 | P47: Croacia | Q47: CRO
A48: L | B48: GHA | C48: Ghana | D48: 1 | E48: 1 | F48: 0 | G48: 0 | H48: 1 | I48: 0 | J48: 1 | K48: 3 | L48: 0 | M48: 2 | N48: Directo | O48: L2 | P48: Ghana | Q48: GHA
A49: L | B49: PAN | C49: Panamá | D49: 1 | E49: 0 | F49: 0 | G49: 1 | H49: 0 | I49: 1 | J49: -1 | K49: 0 | L49: 0 | M49: 3 | N49: Posible mejor 3° | O49: L3 | P49: Panamá | Q49: PAN

Sheet Posiciones
A1: Pos | B1: Grupo | C1: Código | D1: Equipo | E1: PJ | F1: PG | G1: PE | H1: PP | I1: GF | J1: GC | K1: DG | L1: PTS | N1: _Codigo | O1: _Grupo | P1: _PTS | Q1: _DG | R1: _GF | S1: _Key | T1: _Rank
A2: 1 | B2: A | C2: MEX | D2: México | E2: 2 | F2: 2 | G2: 0 | H2: 0 | I2: 3 | J2: 0 | K2: 3 | L2: 6 | N2: MEX | O2: A | P2: 6 | Q2: 3 | R2: 3 | S2: 6030298 | T2: 1
A3: 2 | B3: A | C3: KOR | D3: Corea República | E3: 2 | F3: 1 | G3: 0 | H3: 1 | I3: 2 | J3: 2 | K3: 0 | L3: 3 | N3: RSA | O3: A | P3: 1 | Q3: -2 | R3: 1 | S3: 980097 | T3: 4
A4: 3 | B4: A | C4: CZE | D4: Chequia | E4: 2 | F4: 0 | G4: 1 | H4: 1 | I4: 2 | J4: 3 | K4: -1 | L4: 1 | N4: KOR | O4: A | P4: 3 | Q4: 0 | R4: 2 | S4: 3000196 | T4: 2
A5: 4 | B5: A | C5: RSA | D5: Sudáfrica | E5: 2 | F5: 0 | G5: 1 | H5: 1 | I5: 1 | J5: 3 | K5: -2 | L5: 1 | N5: CZE | O5: A | P5: 1 | Q5: -1 | R5: 2 | S5: 990195 | T5: 3
A6: 1 | B6: B | C6: CAN | D6: Canadá | E6: 2 | F6: 1 | G6: 1 | H6: 0 | I6: 7 | J6: 1 | K6: 6 | L6: 4 | N6: CAN | O6: B | P6: 4 | Q6: 6 | R6: 7 | S6: 4060694 | T6: 1
A7: 2 | B7: B | C7: SUI | D7: Suiza | E7: 2 | F7: 1 | G7: 1 | H7: 0 | I7: 5 | J7: 2 | K7: 3 | L7: 4 | N7: BIH | O7: B | P7: 1 | Q7: -3 | R7: 2 | S7: 970193 | T7: 3
A8: 3 | B8: B | C8: BIH | D8: Bosnia y Herzegovina | E8: 2 | F8: 0 | G8: 1 | H8: 1 | I8: 2 | J8: 5 | K8: -3 | L8: 1 | N8: QAT | O8: B | P8: 1 | Q8: -6 | R8: 1 | S8: 940092 | T8: 4
A9: 4 | B9: B | C9: QAT | D9: Qatar | E9: 2 | F9: 0 | G9: 1 | H9: 1 | I9: 1 | J9: 7 | K9: -6 | L9: 1 | N9: SUI | O9: B | P9: 4 | Q9: 3 | R9: 5 | S9: 4030491 | T9: 2
A10: 1 | B10: C | C10: BRA | D10: Brasil | E10: 2 | F10: 1 | G10: 1 | H10: 0 | I10: 4 | J10: 1 | K10: 3 | L10: 4 | N10: BRA | O10: C | P10: 4 | Q10: 3 | R10: 4 | S10: 4030390 | T10: 1
A11: 2 | B11: C | C11: MAR | D11: Marruecos | E11: 2 | F11: 1 | G11: 1 | H11: 0 | I11: 2 | J11: 1 | K11: 1 | L11: 4 | N11: MAR | O11: C | P11: 4 | Q11: 1 | R11: 2 | S11: 4010189 | T11: 2
A12: 3 | B12: C | C12: SCO | D12: Escocia | E12: 2 | F12: 1 | G12: 0 | H12: 1 | I12: 1 | J12: 1 | K12: 0 | L12: 3 | N12: HAI | O12: C | P12: 0 | Q12: -4 | R12: 0 | S12: -40012 | T12: 4
A13: 4 | B13: C | C13: HAI | D13: Haití | E13: 2 | F13: 0 | G13: 0 | H13: 2 | I13: 0 | J13: 4 | K13: -4 | L13: 0 | N13: SCO | O13: C | P13: 3 | Q13: 0 | R13: 1 | S13: 3000087 | T13: 3
... A49: 4 | B49: L | C49: CRO | D49: Croacia | E49: 1 | F49: 0 | G49: 0 | H49: 1 | I49: 2 | J49: 4 | K49: -2 | L49: 0 | N49: PAN | O49: L | P49: 0 | Q49: -1 | R49: 0 | S49: -10049 | T49: 3

Sheet Grupo
A1: Participante | B1: México | C1: Sudáfrica | D1: Pts | E1: Corea República | F1: Chequia | G1: Pts | H1: Canadá | I1: Bosnia y Herzegovina | J1: Pts | K1: Estados Unidos | L1: Paraguay | M1: Pts | N1: Haití | O1: Escocia | P1: Pts | Q1: Australia | R1: Türkiye | S1: Pts | T1: Brasil | U1: Marruecos | V1: Pts | W1: Qatar | X1: Suiza | Y1: Pts | Z1: Costa de Marfil | AA1: Ecuador | AB1: Pts | AC1: Alemania | AD1: Curazao | AE1: Pts | AF1: Países Bajos | AG1: Japón | AH1: Pts | AI1: Suecia | AJ1: Túnez | AK1: Pts | AL1: Arabia Saudita | AM1: Uruguay | AN1: Pts | AO1: España | AP1: Cabo Verde | AQ1: Pts | AR1: Irán | AS1: Nueva Zelanda | AT1: Pts | AU1: Bélgica | AV1: Egipto | AW1: Pts | AX1: Francia | AY1: Senegal | AZ1: Pts | BA1: Irak | BB1: Noruega | BC1: Pts | BD1: Argentina | BE1: Argelia | BF1: Pts | BG1: Austria | BH1: Jordania | BI1: Pts | BJ1: Ghana | BK1: Panamá | BL1: Pts | BM1: Inglaterra | BN1: Croacia | BO1: Pts | BP1: Portugal | BQ1: RD Congo | BR1: Pts | BS1: Uzbekistán | BT1: Colombia | BU1: Pts | BV1: Chequia | BW1: Sudáfrica | BX1: Pts | BY1: Suiza | BZ1: Bosnia y Herzegovina | CA1: Pts | CB1: Canadá | CC1: Qatar | CD1: Pts | CE1: México | CF1: Corea República | CG1: Pts | CH1: Brasil | CI1: Haití | CJ1: Pts | CK1: Escocia | CL1: Marruecos | CM1: Pts | CN1: Türkiye | CO1: Paraguay | CP1: Pts | CQ1: Estados Unidos | CR1: Australia | CS1: Pts | CT1: Alemania | CU1: Costa de Marfil | CV1: Pts | CW1: Ecuador | CX1: Curazao | CY1: Pts | CZ1: Países Bajos | DA1: Suecia | DB1: Pts | DC1: Túnez | DD1: Japón | DE1: Pts | DF1: Uruguay | DG1: Cabo Verde | DH1: Pts | DI1: España | DJ1: Arabia Saudita | DK1: Pts | DL1: Bélgica | DM1: Irán | DN1: Pts | DO1: Nueva Zelanda | DP1: Egipto | DQ1: Pts | DR1: Noruega | DS1: Senegal | DT1: Pts | DU1: Francia | DV1: Irak | DW1: Pts | DX1: Argentina | DY1: Austria | DZ1: Pts | EA1: Jordania | EB1: Argelia | EC1: Pts | ED1: Inglaterra | EE1: Ghana | EF1: Pts | EG1: Panamá | EH1: Croacia | EI1: Pts | EJ1: Portugal | EK1: Uzbekistán | EL1: Pts | EM1: Colombia | EN1: RD Congo | EO1: Pts | EP1: Escocia | EQ1: Brasil | ER1: Pts | ES1: Marruecos | ET1: Haití | EU1: Pts | EV1: Suiza | EW1: Canadá | EX1: Pts | EY1: Bosnia y Herzegovina | EZ1: Qatar | FA1: Pts | FB1: Chequia | FC1: México | FD1: Pts | FE1: Sudáfrica | FF1: Corea República | FG1: Pts | FH1: Curazao | FI1: Costa de Marfil | FJ1: Pts | FK1: Ecuador | FL1: Alemania | FM1: Pts | FN1: Japón | FO1: Suecia | FP1: Pts | FQ1: Túnez | FR1: Países Bajos | FS1: Pts | FT1: Türkiye | FU1: Estados Unidos | FV1: Pts | FW1: Paraguay | FX1: Australia | FY1: Pts | FZ1: Noruega | GA1: Francia | GB1: Pts | GC1: Senegal | GD1: Irak | GE1: Pts | GF1: Egipto | GG1: Irán | GH1: Pts | GI1: Nueva Zelanda | GJ1: Bélgica | GK1: Pts | GL1: Cabo Verde | GM1: Arabia Saudita | GN1: Pts | GO1: Uruguay | GP1: España | GQ1: Pts | GR1: Panamá | GS1: Inglaterra | GT1: Pts | GU1: Croacia | GV1: Ghana | GW1: Pts | GX1: Argelia | GY1: Austria | GZ1: Pts | HA1: Jordania | HB1: Argentina | HC1: Pts | HD1: Colombia | HE1: Portugal | HF1: Pts | HG1: RD Congo | HH1: Uzbekistán | HI1: Pts | HJ1: TOTAL
A2: Marcador real | B2: =IF(Partidos!H2="","",Partidos!H2) -> 2 | C2: =IF(Partidos!I2="","",Partidos!I2) -> 0 | D2: — | E2: =IF(Partidos!H3="","",Partidos!H3) -> 2 | F2: =IF(Partidos!I3="","",Partidos!I3) -> 1 | G2: — | H2: =IF(Partidos!H4="","",Partidos!H4) -> 1 | I2: =IF(Partidos!I4="","",Partidos!I4) -> 1 | J2: — | K2: =IF(Partidos!H5="","",Partidos!H5) -> 4 | L2: =IF(Partidos!I5="","",Partidos!I5) -> 1 | M2: — | N2: =IF(Partidos!H6="","",Partidos!H6) -> 0 | O2: =IF(Partidos!I6="","",Partidos!I6) -> 1 | P2: — | Q2: =IF(Partidos!H7="","",Partidos!H7) -> 2 | R2: =IF(Partidos!I7="","",Partidos!I7) -> 0 | S2: — | T2: =IF(Partidos!H8="","",Partidos!H8) -> 1 | U2: =IF(Partidos!I8="","",Partidos!I8) -> 1 | V2: — | W2: =IF(Partidos!H9="","",Partidos!H9) -> 1 | X2: =IF(Partidos!I9="","",Partidos!I9) -> 1 | Y2: — | Z2: =IF(Partidos!H10="","",Partidos!H10) -> 1 | AA2: =IF(Partidos!I10="","",Partidos!I10) -> 0 | AB2: — | AC2: =IF(Partidos!H11="","",Partidos!H11) -> 7 | AD2: =IF(Partidos!I11="","",Partidos!I11) -> 1 | AE2: — | AF2: =IF(Partidos!H12="","",Partidos!H12) -> 2 | AG2: =IF(Partidos!I12="","",Partidos!I12) -> 2 | AH2: — | AI2: =IF(Partidos!H13="","",Partidos!H13) -> 5 | AJ2: =IF(Partidos!I13="","",Partidos!I13) -> 1 | AK2: — | AL2: =IF(Partidos!H14="","",Partidos!H14) -> 1 | AM2: =IF(Partidos!I14="","",Partidos!I14) -> 1 | AN2: — | AO2: =IF(Partidos!H15="","",Partidos!H15) -> 0 | AP2: =IF(Partidos!I15="","",Partidos!I15) -> 0 | AQ2: — | AR2: =IF(Partidos!H16="","",Partidos!H16) -> 2 | AS2: =IF(Partidos!I16="","",Partidos!I16) -> 2 | AT2: — | AU2: =IF(Partidos!H17="","",Partidos!H17) -> 1 | AV2: =IF(Partidos!I17="","",Partidos!I17) -> 1 | AW2: — | AX2: =IF(Partidos!H18="","",Partidos!H18) -> 3 | AY2: =IF(Partidos!I18="","",Partidos!I18) -> 1 | AZ2: — | BA2: =IF(Partidos!H19="","",Partidos!H19) -> 1 | BB2: =IF(Partidos!I19="","",Partidos!I19) -> 4 | BC2: — | BD2: =IF(Partidos!H20="","",Partidos!H20) -> 3 | BE2: =IF(Partidos!I20="","",Partidos!I20) -> 0 | BF2: — | BG2: =IF(Partidos!H21="","",Partidos!H21) -> 3 | BH2: =IF(Partidos!I21="","",Partidos!I21) -> 1 | BI2: — | BJ2: =IF(Partidos!H22="","",Partidos!H22) -> 1 | BK2: =IF(Partidos!I22="","",Partidos!I22) -> 0 | BL2: — | BM2: =IF(Partidos!H23="","",Partidos!H23) -> 4 | BN2: =IF(Partidos!I23="","",Partidos!I23) -> 2 | BO2: — | BP2: =IF(Partidos!H24="","",Partidos!H24) -> 1 | BQ2: =IF(Partidos!I24="","",Partidos!I24) -> 1 | BR2: — | BS2: =IF(Partidos!H25="","",Partidos!H25) -> 1 | BT2: =IF(Partidos!I25="","",Partidos!I25) -> 3 | BU2: — | BV2: =IF(Partidos!H26="","",Partidos!H26) -> 1 | BW2: =IF(Partidos!I26="","",Partidos!I26) -> 1 | BX2: — | BY2: =IF(Partidos!H27="","",Partidos!H27) -> 4 | BZ2: =IF(Partidos!I27="","",Partidos!I27) -> 1 | CA2: — | CB2: =IF(Partidos!H28="","",Partidos!H28) -> 6 | CC2: =IF(Partidos!I28="","",Partidos!I28) -> 0 | CD2: — | CE2: =IF(Partidos!H29="","",Partidos!H29) -> 1 | CF2: =IF(Partidos!I29="","",Partidos!I29) -> 0 | CG2: — | CH2: =IF(Partidos!H30="","",Partidos!H30) -> 3 | CI2: =IF(Partidos!I30="","",Partidos!I30) -> 0 | CJ2: — | CK2: =IF(Partidos!H31="","",Partidos!H31) -> 0 | CL2: =IF(Partidos!I31="","",Partidos!I31) -> 1 | CM2: — | CN2: =IF(Partidos!H32="","",Partidos!H32) -> 0 | CO2: =IF(Partidos!I32="","",Partidos!I32) -> 1 | CP2: — | CQ2: =IF(Partidos!H33="","",Partidos!H33) -> 2 | CR2: =IF(Partidos!I33="","",Partidos!I33) -> 0 | CS2: — | CT2: =IF(Partidos!H34="","",Partidos!H34) -> 2 | CU2: =IF(Partidos!I34="","",Partidos!I34) -> 1 | CV2: — | CW2: =IF(Partidos!H35="","",Partidos!H35) -> 0 | CX2: =IF(Partidos!I35="","",Partidos!I35) -> 0 | CY2: — | CZ2: =IF(Partidos!H36="","",Partidos!H36) -> 5 | DA2: =IF(Partidos!I36="","",Partidos!I36) -> 1 | DB2: — | DC2: =IF(Partidos!H37="","",Partidos!H37) -> 0 | DD2: =IF(Partidos!I37="","",Partidos!I37) -> 4 | DE2: — | DF2: =IF(Partidos!H38="","",Partidos!H38) -> 2 | DG2: =IF(Partidos!I38="","",Partidos!I38) -> 2 | DH2: — | DI2: =IF(Partidos!H39="","",Partidos!H39) -> 4 | DJ2: =IF(Partidos!I39="","",Partidos!I39) -> 0 | DK2: — | DL2: =IF(Partidos!H40="","",Partidos!H40) -> 0 | DM2: =IF(Partidos!I40="","",Partidos!I40) -> 0 | DN2: — | DO2: =IF(Partidos!H41="","",Partidos!H41) -> 1 | DP2: =IF(Partidos!I41="","",Partidos!I41) -> 3 | DQ2: — | DR2: =IF(Partidos!H42="","",[1]Partidos!H42) -> 3 | DS2: =IF(Partidos!I42="","",Partidos!I42) -> 2 | DT2: — | DU2: =IF(Partidos!H43="","",Partidos!H43) -> 3 | DV2: =IF(Partidos!I43="","",Partidos!I43) -> 0 | DW2: — | DX2: =IF(Partidos!H44="","",Partidos!H44) -> 2 | DY2: =IF(Partidos!I44="","",Partidos!I44) -> 0 | DZ2: — | EA2: =IF(Partidos!H45="","",Partidos!H45) -> 1 | EB2: =IF(Partidos!I45="","",Partidos!I45) -> 2 | EC2: — | ED2: =IF(Partidos!H46="","",Partidos!H46) -> 0 | EE2: =IF(Partidos!I46="","",Partidos!I46) -> 0 | EF2: — | EG2: =IF(Partidos!H47="","",Partidos!H47) -> 0 | EH2: =IF(Partidos!I47="","",Partidos!I47) -> 1 | EI2: — | EJ2: =IF(Partidos!H48="","",Partidos!H48) -> 5 | EK2: =IF(Partidos!I48="","",Partidos!I48) -> 0 | EL2: — | EM2: =IF(Partidos!H49="","",Partidos!H49) -> 1 | EN2: =IF(Partidos!I49="","",Partidos!I49) -> 0 | EO2: — | EP2: =IF(Partidos!H50="","",Partidos!H50) -> 0 | EQ2: =IF(Partidos!I50="","",Partidos!I50) -> 3 | ER2: — | ES2: =IF(Partidos!H51="","",Partidos!H51) -> 4 | ET2: =IF(Partidos!I51="","",Partidos!I51) -> 2 | EU2: — | EV2: =IF(Partidos!H52="","",Partidos!H52) -> 2 | EW2: =IF(Partidos!I52="","",Partidos!I52) -> 1 | EX2: — | EY2: =IF(Partidos!H53="","",Partidos!H53) -> 3 | EZ2: =IF(Partidos!I53="","",Partidos!I53) -> 1 | FA2: — | FB2: =IF(Partidos!H54="","",Partidos!H54) -> 0 | FC2: =IF(Partidos!I54="","",Partidos!I54) -> 3 | FD2: — | FE2: =IF(Partidos!H55="","",Partidos!H55) -> 1 | FF2: =IF(Partidos!I55="","",Partidos!I55) -> 0 | FG2: — | FH2: =IF(Partidos!H56="","",Partidos!H56) -> 0 | FI2: =IF(Partidos!I56="","",Partidos!I56) -> 2 | FJ2: — | FK2: =IF(Partidos!H57="","",Partidos!H57) -> 2 | FL2: =IF(Partidos!I57="","",Partidos!I57) -> 1 | FM2: — | FN2: =IF(Partidos!H58="","",Partidos!H58) -> 1 | FO2: =IF(Partidos!I58="","",Partidos!I58) -> 1 | FP2: — | FQ2: =IF(Partidos!H59="","",Partidos!H59) -> 1 | FR2: =IF(Partidos!I59="","",Partidos!I59) -> 3 | FS2: — | FT2: =IF(Partidos!H60="","",Partidos!H60) -> 3 | FU2: =IF(Partidos!I60="","",Partidos!I60) -> 2 | FV2: — | FW2: =IF(Partidos!H61="","",Partidos!H61) -> 0 | FX2: =IF(Partidos!I61="","",Partidos!I61) -> 0 | FY2: — | FZ2: =IF(Partidos!H62="","",Partidos!H62) -> 1 | GA2: =IF(Partidos!I62="","",Partidos!I62) -> 4 | GB2: — | GC2: =IF(Partidos!H63="","",Partidos!H63) -> 5 | GD2: =IF(Partidos!I63="","",Partidos!I63) -> 0 | GE2: — | GF2: =IF(Partidos!H64="","",Partidos!H64) -> 1 | GG2: =IF(Partidos!I64="","",Partidos!I64) -> 1 | GH2: — | GI2: =IF(Partidos!H65="","",Partidos!H65) -> 1 | GJ2: =IF(Partidos!I65="","",Partidos!I65) -> 5 | GK2: — | GL2: =IF(Partidos!H66="","",Partidos!H66) -> 0 | GM2: =IF(Partidos!I66="","",Partidos!I66) -> 0 | GN2: — | GO2: =IF(Partidos!H67="","",Partidos!H67) -> 0 | GP2: =IF(Partidos!I67="","",Partidos!I67) -> 1 | GQ2: — | GR2: =IF(Partidos!H68="","",Partidos!H68) | GS2: =IF(Partidos!I68="","",Partidos!I68) | GT2: — | GU2: =IF(Partidos!H69="","",Partidos!H69) | GV2: =IF(Partidos!I69="","",Partidos!I69) | GW2: — | GX2: =IF(Partidos!H70="","",Partidos!H70) | GY2: =IF(Partidos!I70="","",Partidos!I70) | GZ2: — | HA2: =IF(Partidos!H71="","",Partidos!H71) | HB2: =IF(Partidos!I71="","",Partidos!I71) | HC2: — | HD2: =IF(Partidos!H72="","",Partidos!H72) | HE2: =IF(Partidos!I72="","",Partidos!I72) | HF2: — | HG2: =IF(Partidos!H73="","",Partidos!H73) | HH2: =IF(Partidos!I73="","",Partidos!I73) | HI2: —
A3: =Participantes!B2 -> Alberto | B3: =Participantes!C2 -> 1 | C3: =Participantes!D2 -> 1 | D3: =IF(B$2="","",IF(AND(B3=B$2,C3=C$2),3,IF(AND(B$2>C$2,B3>C3),1,IF(AND(C$2>B$2,C3>B3),1,IF(AND(B$2=C$2,B3=C3),1,0))))) -> 0 | E3: =Participantes!E2 -> 2 | F3: =Participantes!F2 -> 0 | G3: =IF(E$2="","",IF(AND(E3=E$2,F3=F$2),3,IF(AND(E$2>F$2,E3>F3),1,IF(AND(F$2>E$2,F3>E3),1,IF(AND(E$2=F$2,E3=F3),1,0))))) -> 1 | H3: =Participantes!G2 -> 2 | I3: =Participantes!H2 -> 1 | J3: =IF(H$2="","",IF(AND(H3=H$2,I3=I$2),3,IF(AND(H$2>I$2,H3>I3),1,IF(AND(I$2>H$2,I3>H3),1,IF(AND(H$2=I$2,H3=I3),1,0))))) -> 0 | K3: =Participantes!I2 -> 1 | L3: =Participantes!J2 -> 3 | M3: =IF(K$2="","",IF(AND(K3=K$2,L3=L$2),3,IF(AND(K$2>L$2,K3>L3),1,IF(AND(L$2>K$2,L3>K3),1,IF(AND(K$2=L$2,K3=L3),1,0))))) -> 0 | N3: =Participantes!K2 -> 0 | O3: =Participantes!L2 -> 2 | P3: =IF(N$2="","",IF(AND(N3=N$2,O3=O$2),3,IF(AND(N$2>O$2,N3>O3),1,IF(AND(O$2>N$2,O3>N3),1,IF(AND(N$2=O$2,N3=O3),1,0))))) -> 1 | Q3: =Participantes!M2 -> 0 | R3: =Participantes!N2 -> 1 | S3: =IF(Q$2="","",IF(AND(Q3=Q$2,R3=R$2),3,IF(AND(Q$2>R$2,Q3>R3),1,IF(AND(R$2>Q$2,R3>Q3),1,IF(AND(Q$2=R$2,Q3=R3),1,0))))) -> 0 | T3: =Participantes!O2 -> 1 | U3: =Participantes!P2 -> 2 | V3: =IF(T$2="","",IF(AND(T3=T$2,U3=U$2),3,IF(AND(T$2>U$2,T3>U3),1,IF(AND(U$2>T$2,U3>T3),1,IF(AND(T$2=U$2,T3=U3),1,0))))) -> 0 | W3: =Participantes!Q2 -> 0 | X3: =Participantes!R2 -> 2 | Y3: =IF(W$2="","",IF(AND(W3=W$2,X3=X$2),3,IF(AND(W$2>X$2,W3>X3),1,IF(AND(X$2>W$2,X3>W3),1,IF(AND(W$2=X$2,W3=X3),1,0))))) -> 0 | Z3: =Participantes!S2 -> 1 | AA3: =Participantes!T2 -> 2 | AB3: =IF(Z$2="","",IF(AND(Z3=Z$2,AA3=AA$2),3,IF(AND(Z$2>AA$2,Z3>AA3),1,IF(AND(AA$2>Z$2,AA3>Z3),1,IF(AND(Z$2=AA$2,Z3=AA3),1,0))))) -> 0 | AC3: =Participantes!U2 -> 5 | AD3: =Participantes!V2 -> 0 | AE3: =IF(AC$2="","",IF(AND(AC3=AC$2,AD3=AD$2),3,IF(AND(AC$2>AD$2,AC3>AD3),1,IF(AND(AD$2>AC$2,AD3>AC3),1,IF(AND(AC$2=AD$2,AC3=AD3),1,0))))) -> 1 | AF3: =Participantes!W2 -> 3 | AG3: =Participantes!X2 -> 0 | AH3: =IF(AF$2="","",IF(AND(AF3=AF$2,AG3=AG$2),3,IF(AND(AF$2>AG$2,AF3>AG3),1,IF(AND(AG$2>AF$2,AG3>AF3),1,IF(AND(AF$2=AG$2,AF3=AG3),1,0))))) -> 0 | AI3: =Participantes!Y2 -> 1 | AJ3: =Participantes!Z2 -> 1 | AK3: =IF(AI$2="","",IF(AND(AI3=AI$2,AJ3=AJ$2),3,IF(AND(AI$2>AJ$2,AI3>AJ3),1,IF(AND(AJ$2>AI$2,AJ3>AI3),1,IF(AND(AI$2=AJ$2,AI3=AJ3),1,0))))) -> 0 | AL3: =Participantes!AA2 -> 0 | AM3: =Participantes!AB2 -> 2 | AN3: =IF(AL$2="","",IF(AND(AL3=AL$2,AM3=AM$2),3,IF(AND(AL$2>AM$2,AL3>AM3),1,IF(AND(AM$2>AL$2,AM3>AL3),1,IF(AND(AL$2=AM$2,AL3=AM3),1,0))))) -> 0 | AO3: =Participantes!AC2 -> 6 | AP3: =Participantes!AD2 -> 0 | AQ3: =IF(AO$2="","",IF(AND(AO3=AO$2,AP3=AP$2),3,IF(AND(AO$2>AP$2,AO3>AP3),1,IF(AND(AP$2>AO$2,AP3>AO3),1,IF(AND(AO$2=AP$2,AO3=AP3),1,0))))) -> 0 | AR3: =Participantes!AE2 -> 0 | AS3: =Participantes!AF2 -> 0 | AT3: =IF(AR$2="","",IF(AND(AR3=AR$2,AS3=AS$2),3,IF(AND(AR$2>AS$2,AR3>AS3),1,IF(AND(AS$2>AR$2,AS3>AR3),1,IF(AND(AR$2=AS$2,AR3=AS3),1,0))))) -> 1 | AU3: =Participantes!AG2 -> 2 | AV3: =Participantes!AH2 -> 0 | AW3: =IF(AU$2="","",IF(AND(AU3=AU$2,AV3=AV$2),3,IF(AND(AU$2>AV$2,AU3>AV3),1,IF(AND(AV$2>AU$2,AV3>AU3),1,IF(AND(AU$2=AV$2,AU3=AV3),1,0))))) -> 0 | AX3: =Participantes!AI2 -> 4 | AY3: =Participantes!AJ2 -> 0 | AZ3: =IF(AX$2="","",IF(AND(AX3=AX$2,AY3=AY$2),3,IF(AND(AX$2>AY$2,AX3>AY3),1,IF(AND(AY$2>AX$2,AY3>AX3),1,IF(AND(AX$2=AY$2,AX3=AY3),1,0))))) -> 1 | BA3: =Participantes!AK2 -> 0 | BB3: =Participantes!AL2 -> 4 | BC3: =IF(BA$2="","",IF(AND(BA3=BA$2,BB3=BB$2),3,IF(AND(BA$2>BB$2,BA3>BB3),1,IF(AND(BB$2>BA$2,BB3>BA3),1,IF(AND(BA$2=BB$2,BA3=BB3),1,0))))) -> 1 | BD3: =Participantes!AM2 -> 4 | BE3: =Participantes!AN2 -> 0 | BF3: =IF(BD$2="","",IF(AND(BD3=BD$2,BE3=BE$2),3,IF(AND(BD$2>BE$2,BD3>BE3),1,IF(AND(BE$2>BD$2,BE3>BD3),1,IF(AND(BD$2=BE$2,BD3=BE3),1,0))))) -> 1 | BG3: =Participantes!AO2 -> 1 | BH3: =Participantes!AP2 -> 0 | BI3: =IF(BG$2="","",IF(AND(BG3=BG$2,BH3=BH$2),3,IF(AND(BG$2>BH$2,BG3>BH3),1,IF(AND(BH$2>BG$2,BH3>BG3),1,IF(AND(BG$2=BH$2,BG3=BH3),1,0))))) -> 1 | BJ3: =Participantes!AQ2 -> 2 | BK3: =Participantes!AR2 -> 1 | BL3: =IF(BJ$2="","",IF(AND(BJ3=BJ$2,BK3=BK$2),3,IF(AND(BJ$2>BK$2,BJ3>BK3),1,IF(AND(BK$2>BJ$2,BK3>BJ3),1,IF(AND(BJ$2=BK$2,BJ3=BK3),1,0))))) -> 1 | BM3: =Participantes!AS2 -> 4 | BN3: =Participantes!AT2 -> 2 | BO3: =IF(BM$2="","",IF(AND(BM3=BM$2,BN3=BN$2),3,IF(AND(BM$2>BN$2,BM3>BN3),1,IF(AND(BN$2>BM$2,BN3>BM3),1,IF(AND(BM$2=BN$2,BM3=BN3),1,0))))) -> 3 | BP3: =Participantes!AU2 -> 5 | BQ3: =Participantes!AV2 -> 0 | BR3: =IF(BP$2="","",IF(AND(BP3=BP$2,BQ3=BQ$2),3,IF(AND(BP$2>BQ$2,BP3>BQ3),1,IF(AND(BQ$2>BP$2,BQ3>BP3),1,IF(AND(BP$2=BQ$2,BP3=BQ3),1,0))))) -> 0 | BS3: =Participantes!AW2 -> 0 | BT3: =Participantes!AX2 -> 3 | BU3: =IF(BS$2="","",IF(AND(BS3=BS$2,BT3=BT$2),3,IF(AND(BS$2>BT$2,BS3>BT3),1,IF(AND(BT$2>BS$2,BT3>BS3),1,IF(AND(BS$2=BT$2,BS3=BT3),1,0))))) -> 1 | BV3: =Participantes!AY2 -> 0 | BW3: =Participantes!AZ2 -> 1 | BX3: =IF(BV$2="","",IF(AND(BV3=BV$2,BW3=BW$2),3,IF(AND(BV$2>BW$2,BV3>BW3),1,IF(AND(BW$2>BV$2,BW3>BV3),1,IF(AND(BV$2=BW$2,BV3=BW3),1,0))))) -> 0 | BY3: =Participantes!BA2 -> 1 | BZ3: =Participantes!BB2 -> 0 | CA3: =IF(BY$2="","",IF(AND(BY3=BY$2,BZ3=BZ$2),3,IF(AND(BY$2>BZ$2,BY3>BZ3),1,IF(AND(BZ$2>BY$2,BZ3>BY3),1,IF(AND(BY$2=BZ$2,BY3=BZ3),1,0))))) -> 1 | CB3: =Participantes!BC2 -> 3 | CC3: =Participantes!BD2 -> 1 | CD3: =IF(CB$2="","",IF(AND(CB3=CB$2,CC3=CC$2),3,IF(AND(CB$2>CC$2,CB3>CC3),1,IF(AND(CC$2>CB$2,CC3>CB3),1,IF(AND(CB$2=CC$2,CB3=CC3),1,0))))) -> 1 | CE3: =Participantes!BE2 -> 1 | CF3: =Participantes!BF2 -> 0 | CG3: =IF(CE$2="","",IF(AND(CE3=CE$2,CF3=CF$2),3,IF(AND(CE$2>CF$2,CE3>CF3),1,IF(AND(CF$2>CE$2,CF3>CE3),1,IF(AND(CE$2=CF$2,CE3=CF3),1,0))))) -> 3 | CH3: =Participantes!BG2 -> 5 | CI3: =Participantes!BH2 -> 0 | CJ3: =IF(CH$2="","",IF(AND(CH3=CH$2,CI3=CI$2),3,IF(AND(CH$2>CI$2,CH3>CI3),1,IF(AND(CI$2>CH$2,CI3>CH3),1,IF(AND(CH$2=CI$2,CH3=CI3),1,0))))) -> 1 | CK3: =Participantes!BI2 -> 0 | CL3: =Participantes!BJ2 -> 3 | CM3: =IF(CK$2="","",IF(AND(CK3=CK$2,CL3=CL$2),3,IF(AND(CK$2>CL$2,CK3>CL3),1,IF(AND(CL$2>CK$2,CL3>CK3),1,IF(AND(CK$2=CL$2,CK3=CL3),1,0))))) -> 1 | CN3: =Participantes!BK2 -> 2 | CO3: =Participantes!BL2 -> 3 | CP3: =IF(CN$2="","",IF(AND(CN3=CN$2,CO3=CO$2),3,IF(AND(CN$2>CO$2,CN3>CO3),1,IF(AND(CO$2>CN$2,CO3>CN3),1,IF(AND(CN$2=CO$2,CN3=CO3),1,0))))) -> 1 | CQ3: =Participantes!BM2 -> 2 | CR3: =Participantes!BN2 -> 1 | CS3: =IF(CQ$2="","",IF(AND(CQ3=CQ$2,CR3=CR$2),3,IF(AND(CQ$2>CR$2,CQ3>CR3),1,IF(AND(CR$2>CQ$2,CR3>CQ3),1,IF(AND(CQ$2=CR$2,CQ3=CR3),1,0))))) -> 1 | CT3: =Participantes!BO2 -> 4 | CU3: =Participantes!BP2 -> 0 | CV3: =IF(CT$2="","",IF(AND(CT3=CT$2,CU3=CU$2),3,IF(AND(CT$2>CU$2,CT3>CU3),1,IF(AND(CU$2>CT$2,CU3>CT3),1,IF(AND(CT$2=CU$2,CT3=CU3),1,0))))) -> 1 | CW3: =Participantes!BQ2 -> 4 | CX3: =Participantes!BR2 -> 0 | CY3: =IF(CW$2="","",IF(AND(CW3=CW$2,CX3=CX$2),3,IF(AND(CW$2>CX$2,CW3>CX3),1,IF(AND(CX$2>CW$2,CX3>CW3),1,IF(AND(CW$2=CX$2,CW3=CX3),1,0))))) -> 0 | CZ3: =Participantes!BS2 -> 3 | DA3: =Participantes!BT2 -> 1 | DB3: =IF(CZ$2="","",IF(AND(CZ3=CZ$2,DA3=DA$2),3,IF(AND(CZ$2>DA$2,CZ3>DA3),1,IF(AND(DA$2>CZ$2,DA3>CZ3),1,IF(AND(CZ$2=DA$2,CZ3=DA3),1,0))))) -> 1 | DC3: =Participantes!BU2 -> 0 | DD3: =Participantes!BV2 -> 2 | DE3: =IF(DC$2="","",IF(AND(DC3=DC$2,DD3=DD$2),3,IF(AND(DC$2>DD$2,DC3>DD3),1,IF(AND(DD$2>DC$2,DD3>DC3),1,IF(AND(DC$2=DD$2,DC3=DD3),1,0))))) -> 1 | DF3: =Participantes!BW2 -> 4 | DG3: =Participantes!BX2 -> 0 | DH3: =IF(DF$2="","",IF(AND(DF3=DF$2,DG3=DG$2),3,IF(AND(DF$2>DG$2,DF3>DG3),1,IF(AND(DG$2>DF$2,DG3>DF3),1,IF(AND(DF$2=DG$2,DF3=DG3),1,0))))) -> 0 | DI3: =Participantes!BY2 -> 5 | DJ3: =Participantes!BZ2 -> 0 | DK3: =IF(DI$2="","",IF(AND(DI3=DI$2,DJ3=DJ$2),3,IF(AND(DI$2>DJ$2,DI3>DJ3),1,IF(AND(DJ$2>DI$2,DJ3>DI3),1,IF(AND(DI$2=DJ$2,DI3=DJ3),1,0))))) -> 1 | DL3: =Participantes!CA2 -> 3 | DM3: =Participantes!CB2 -> 0 | DN3: =IF(DL$2="","",IF(AND(DL3=DL$2,DM3=DM$2),3,IF(AND(DL$2>DM$2,DL3>DM3),1,IF(AND(DM$2>DL$2,DM3>DL3),1,IF(AND(DL$2=DM$2,DL3=DM3),1,0))))) -> 0 | DO3: =Participantes!CC2 -> 1 | DP3: =Participantes!CD2 -> 2 | DQ3: =IF(DO$2="","",IF(AND(DO3=DO$2,DP3=DP$2),3,IF(AND(DO$2>DP$2,DO3>DP3),1,IF(AND(DP$2>DO$2,DP3>DO3),1,IF(AND(DO$2=DP$2,DO3=DP3),1,0))))) -> 1 | DR3: =Participantes!CE2 -> 2 | DS3: =Participantes!CF2 -> 2 | DT3: =IF(DR$2="","",IF(AND(DR3=DR$2,DS3=DS$2),3,IF(AND(DR$2>DS$2,DR3>DS3),1,IF(AND(DS$2>DR$2,DS3>DR3),1,IF(AND(DR$2=DS$2,DR3=DS3),1,0))))) -> 0 | DU3: =Participantes!CG2 -> 5 | DV3: =Participantes!CH2 -> 0 | DW3: =IF(DU$2="","",IF(AND(DU3=DU$2,DV3=DV$2),3,IF(AND(DU$2>DV$2,DU3>DV3),1,IF(AND(DV$2>DU$2,DV3>DU3),1,IF(AND(DU$2=DV$2,DU3=DV3),1,0))))) -> 1 | DX3: =Participantes!CI2 -> 3 | DY3: =Participantes!CJ2 -> 0 | DZ3: =IF(DX$2="","",IF(AND(DX3=DX$2,DY3=DY$2),3,IF(AND(DX$2>DY$2,DX3>DY3),1,IF(AND(DY$2>DX$2,DY3>DX3),1,IF(AND(DX$2=DY$2,DX3=DY3),1,0))))) -> 1 | EA3: =Participantes!CK2 -> 0 | EB3: =Participantes!CL2 -> 0 | EC3: =IF(EA$2="","",IF(AND(EA3=EA$2,EB3=EB$2),3,IF(AND(EA$2>EB$2,EA3>EB3),1,IF(AND(EB$2>EA$2,EB3>EA3),1,IF(AND(EA$2=EB$2,EA3=EB3),1,0))))) -> 0 | ED3: =Participantes!CM2 -> 5 | EE3: =Participantes!CN2 -> 0 | EF3: =IF(ED$2="","",IF(AND(ED3=ED$2,EE3=EE$2),3,IF(AND(ED$2>EE$2,ED3>EE3),1,IF(AND(EE$2>ED$2,EE3>ED3),1,IF(AND(ED$2=EE$2,ED3=EE3),1,0))))) -> 0 | EG3: =Participantes!CO2 -> 0 | EH3: =Participantes!CP2 -> 4 | EI3: =IF(EG$2="","",IF(AND(EG3=EG$2,EH3=EH$2),3,IF(AND(EG$2>EH$2,EG3>EH3),1,IF(AND(EH$2>EG$2,EH3>EG3),1,IF(AND(EG$2=EH$2,EG3=EH3),1,0))))) -> 1 | EJ3: =Participantes!CQ2 -> 5 | EK3: =Participantes!CR2 -> 0 | EL3: =IF(EJ$2="","",IF(AND(EJ3=EJ$2,EK3=EK$2),3,IF(AND(EJ$2>EK$2,EJ3>EK3),1,IF(AND(EK$2>EJ$2,EK3>EJ3),1,IF(AND(EJ$2=EK$2,EJ3=EK3),1,0))))) -> 3 | EM3: =Participantes!CS2 -> 2 | EN3: =Participantes!CT2 -> 1 | EO3: =IF(EM$2="","",IF(AND(EM3=EM$2,EN3=EN$2),3,IF(AND(EM$2>EN$2,EM3>EN3),1,IF(AND(EN$2>EM$2,EN3>EM3),1,IF(AND(EM$2=EN$2,EM3=EN3),1,0))))) -> 1 | EP3: =Participantes!CU2 -> 0 | EQ3: =Participantes!CV2 -> 4 | ER3: =IF(EP$2="","",IF(AND(EP3=EP$2,EQ3=EQ$2),3,IF(AND(EP$2>EQ$2,EP3>EQ3),1,IF(AND(EQ$2>EP$2,EQ3>EP3),1,IF(AND(EP$2=EQ$2,EP3=EQ3),1,0))))) -> 1 | ES3: =Participantes!CW2 -> 4 | ET3: =Participantes!CX2 -> 0 | EU3: =IF(ES$2="","",IF(AND(ES3=ES$2,ET3=ET$2),3,IF(AND(ES$2>ET$2,ES3>ET3),1,IF(AND(ET$2>ES$2,ET3>ES3),1,IF(AND(ES$2=ET$2,ES3=ET3),1,0))))) -> 1 | EV3: =Participantes!CY2 -> 3 | EW3: =Participantes!CZ2 -> 2 | EX3: =IF(EV$2="","",IF(AND(EV3=EV$2,EW3=EW$2),3,IF(AND(EV$2>EW$2,EV3>EW3),1,IF(AND(EW$2>EV$2,EW3>EV3),1,IF(AND(EV$2=EW$2,EV3=EW3),1,0))))) -> 1 | EY3: =Participantes!DA2 -> 1 | EZ3: =Participantes!DB2 -> 1 | FA3: =IF(EY$2="","",IF(AND(EY3=EY$2,EZ3=EZ$2),3,IF(AND(EY$2>EZ$2,EY3>EZ3),1,IF(AND(EZ$2>EY$2,EZ3>EY3),1,IF(AND(EY$2=EZ$2,EY3=EZ3),1,0))))) -> 0 | FB3: =Participantes!DC2 -> 1 | FC3: =Participantes!DD2 -> 3 | FD3: =IF(FB$2="","",IF(AND(FB3=FB$2,FC3=FC$2),3,IF(AND(FB$2>FC$2,FB3>FC3),1,IF(AND(FC$2>FB$2,FC3>FB3),1,IF(AND(FB$2=FC$2,FB3=FC3),1,0))))) -> 1 | FE3: =Participantes!DE2 -> 0 | FF3: =Participantes!DF2 -> 1 | FG3: =IF(FE$2="","",IF(AND(FE3=FE$2,FF3=FF$2),3,IF(AND(FE$2>FF$2,FE3>FF3),1,IF(AND(FF$2>FE$2,FF3>FE3),1,IF(AND(FE$2=FF$2,FE3=FF3),1,0))))) -> 0 | FH3: =Participantes!DG2 -> 0 | FI3: =Participantes!DH2 -> 2 | FJ3: =IF(FH$2="","",IF(AND(FH3=FH$2,FI3=FI$2),3,IF(AND(FH$2>FI$2,FH3>FI3),1,IF(AND(FI$2>FH$2,FI3>FH3),1,IF(AND(FH$2=FI$2,FH3=FI3),1,0))))) -> 3 | FK3: =Participantes!DI2 -> 2 | FL3: =Participantes!DJ2 -> 4 | FM3: =IF(FK$2="","",IF(AND(FK3=FK$2,FL3=FL$2),3,IF(AND(FK$2>FL$2,FK3>FL3),1,IF(AND(FL$2>FK$2,FL3>FK3),1,IF(AND(FK$2=FL$2,FK3=FL3),1,0))))) -> 0 | FN3: =Participantes!DK2 -> 2 | FO3: =Participantes!DL2 -> 2 | FP3: =IF(FN$2="","",IF(AND(FN3=FN$2,FO3=FO$2),3,IF(AND(FN$2>FO$2,FN3>FO3),1,IF(AND(FO$2>FN$2,FO3>FN3),1,IF(AND(FN$2=FO$2,FN3=FO3),1,0))))) -> 1 | FQ3: =Participantes!DM2 -> 0 | FR3: =Participantes!DN2 -> 3 | FS3: =IF(FQ$2="","",IF(AND(FQ3=FQ$2,FR3=FR$2),3,IF(AND(FQ$2>FR$2,FQ3>FR3),1,IF(AND(FR$2>FQ$2,FR3>FQ3),1,IF(AND(FQ$2=FR$2,FQ3=FR3),1,0))))) -> 1 | FT3: =Participantes!DO2 -> 1 | FU3: =Participantes!DP2 -> 0 | FV3: =IF(FT$2="","",IF(AND(FT3=FT$2,FU3=FU$2),3,IF(AND(FT$2>FU$2,FT3>FU3),1,IF(AND(FU$2>FT$2,FU3>FT3),1,IF(AND(FT$2=FU$2,FT3=FU3),1,0))))) -> 1 | FW3: =Participantes!DQ2 -> 1 | FX3: =Participantes!DR2 -> 0 | FY3: =IF(FW$2="","",IF(AND(FW3=FW$2,FX3=FX$2),3,IF(AND(FW$2>FX$2,FW3>FX3),1,IF(AND(FX$2>FW$2,FX3>FW3),1,IF(AND(FW$2=FX$2,FW3=FX3),1,0))))) -> 0 | FZ3: =Participantes!DS2 -> 1 | GA3: =Participantes!DT2 -> 3 | GB3: =IF(FZ$2="","",IF(AND(FZ3=FZ$2,GA3=GA$2),3,IF(AND(FZ$2>GA$2,FZ3>GA3),1,IF(AND(GA$2>FZ$2,GA3>FZ3),1,IF(AND(FZ$2=GA$2,FZ3=GA3),1,0))))) -> 1 | GC3: =Participantes!DU2 -> 2 | GD3: =Participantes!DV2 -> 0 | GE3: =IF(GC$2="","",IF(AND(GC3=GC$2,GD3=GD$2),3,IF(AND(GC$2>GD$2,GC3>GD3),1,IF(AND(GD$2>GC$2,GD3>GC3),1,IF(AND(GC$2=GD$2,GC3=GD3),1,0))))) -> 1 | GF3: =Participantes!DW2 -> 2 | GG3: =Participantes!DX2 -> 1 | GH3: =IF(GF$2="","",IF(AND(GF3=GF$2,GG3=GG$2),3,IF(AND(GF$2>GG$2,GF3>GG3),1,IF(AND(GG$2>GF$2,GG3>GF3),1,IF(AND(GF$2=GG$2,GF3=GG3),1,0))))) -> 0 | GI3: =Participantes!DY2 -> 0 | GJ3: =Participantes!DZ2 -> 4 | GK3: =IF(GI$2="","",IF(AND(GI3=GI$2,GJ3=GJ$2),3,IF(AND(GI$2>GJ$2,GI3>GJ3),1,IF(AND(GJ$2>GI$2,GJ3>GI3),1,IF(AND(GI$2=GJ$2,GI3=GJ3),1,0))))) -> 1 | GL3: =Participantes!EA2 -> 0 | GM3: =Participantes!EB2 -> 1 | GN3: =IF(GL$2="","",IF(AND(GL3=GL$2,GM3=GM$2),3,IF(AND(GL$2>GM$2,GL3>GM3),1,IF(AND(GM$2>GL$2,GM3>GL3),1,IF(AND(GL$2=GM$2,GL3=GM3),1,0))))) -> 0 | GO3: =Participantes!EC2 -> 1 | GP3: =Participantes!ED2 -> 2 | GQ3: =IF(GO$2="","",IF(AND(GO3=GO$2,GP3=GP$2),3,IF(AND(GO$2>GP$2,GO3>GP3),1,IF(AND(GP$2>GO$2,GP3>GO3),1,IF(AND(GO$2=GP$2,GO3=GP3),1,0))))) -> 1 | GR3: =Participantes!EE2 -> 0 | GS3: =Participantes!EF2 -> 6 | GT3: =IF(GR$2="","",IF(AND(GR3=GR$2,GS3=GS$2),3,IF(AND(GR$2>GS$2,GR3>GS3),1,IF(AND(GS$2>GR$2,GS3>GR3),1,IF(AND(GR$2=GS$2,GR3=GS3),1,0))))) | GU3: =Participantes!EG2 -> 3 | GV3: =Participantes!EH2 -> 0 | GW3: =IF(GU$2="","",IF(AND(GU3=GU$2,GV3=GV$2),3,IF(AND(GU$2>GV$2,GU3>GV3),1,IF(AND(GV$2>GU$2,GV3>GU3),1,IF(AND(GU$2=GV$2,GU3=GV3),1,0))))) | GX3: =Participantes!EI2 -> 0 | GY3: =Participantes!EJ2 -> 0 | GZ3: =IF(GX$2="","",IF(AND(GX3=GX$2,GY3=GY$2),3,IF(AND(GX$2>GY$2,GX3>GY3),1,IF(AND(GY$2>GX$2,GY3>GX3),1,IF(AND(GX$2=GY$2,GX3=GY3),1,0))))) | HA3: =Participantes!EK2 -> 0 | HB3: =Participantes!EL2 -> 4 | HC3: =IF(HA$2="","",IF(AND(HA3=HA$2,HB3=HB$2),3,IF(AND(HA$2>HB$2,HA3>HB3),1,IF(AND(HB$2>HA$2,HB3>HA3),1,IF(AND(HA$2=HB$2,HA3=HB3),1,0))))) | HD3: =Participantes!EM2 -> 0 | HE3: =Participantes!EN2 -> 2 | HF3: =IF(HD$2="","",IF(AND(HD3=HD$2,HE3=HE$2),3,IF(AND(HD$2>HE$2,HD3>HE3),1,IF(AND(HE$2>HD$2,HE3>HD3),1,IF(AND(HD$2=HE$2,HD3=HE3),1,0))))) | HG3: =Participantes!EO2 -> 1 | HH3: =Participantes!EP2 -> 1 | HI3: =IF(HG$2="","",IF(AND(HG3=HG$2,HH3=HH$2),3,IF(AND(HG$2>HH$2,HG3>HH3),1,IF(AND(HH$2>HG$2,HH3>HG3),1,IF(AND(HG$2=HH$2,HG3=HH3),1,0))))) | HJ3: =SUM(D3,G3,J3,M3,P3,S3,V3,Y3,AB3,AE3,AH3,AK3,AN3,AQ3,AT3,AW3,AZ3,BC3,BF3,BI3,BL3,BO3,BR3,BU3,BX3,CA3,CD3,CG3,CJ3,CM3,CP3,CS3,CV3,CY3,DB3,DE3,DH3,DK3,DN3,DQ3,DT3,DW3,DZ3,EC3,EF3,EI3,EL3,EO3,ER3,EU3,EX3,FA3,FD3,FG3,FJ3,FM3,FP3,FS3,FV3,FY3,GB3,GE3,GH3,GK3,GN3,GQ3,GT3,GW3,GZ3,HC3,HF3,HI3) -> 48
A4: =Participantes!B3 -> Alexander | B4: =Participantes!C3 -> 2 | C4: =Participantes!D3 -> 0 | D4: =IF(B$2="","",IF(AND(B4=B$2,C4=C$2),3,IF(AND(B$2>C$2,B4>C4),1,IF(AND(C$2>B$2,C4>B4),1,IF(AND(B$2=C$2,B4=C4),1,0))))) -> 3 | E4: =Participantes!E3 -> 1 | F4: =Participantes!F3 -> 1 | G4: =IF(E$2="","",IF(AND(E4=E$2,F4=F$2),3,IF(AND(E$2>F$2,E4>F4),1,IF(AND(F$2>E$2,F4>E4),1,IF(AND(E$2=F$2,E4=F4),1,0))))) -> 0 | H4: =Participantes!G3 -> 1 | I4: =Participantes!H3 -> 1 | J4: =IF(H$2="","",IF(AND(H4=H$2,I4=I$2),3,IF(AND(H$2>I$2,H4>I4),1,IF(AND(I$2>H$2,I4>H4),1,IF(AND(H$2=I$2,H4=I4),1,0))))) -> 3 | K4: =Participantes!I3 -> 2 | L4: =Participantes!J3 -> 0 | M4: =IF(K$2="","",IF(AND(K4=K$2,L4=L$2),3,IF(AND(K$2>L$2,K4>L4),1,IF(AND(L$2>K$2,L4>K4),1,IF(AND(K$2=L$2,K4=L4),1,0))))) -> 1 | N4: =Participantes!K3 -> 0 | O4: =Participantes!L3 -> 2 | P4: =IF(N$2="","",IF(AND(N4=N$2,O4=O$2),3,IF(AND(N$2>O$2,N4>O4),1,IF(AND(O$2>N$2,O4>N4),1,IF(AND(N$2=O$2,N4=O4),1,0))))) -> 1 | Q4: =Participantes!M3 -> 1 | R4: =Participantes!N3 -> 1 | S4: =IF(Q$2="","",IF(AND(Q4=Q$2,R4=R$2),3,IF(AND(Q$2>R$2,Q4>R4),1,IF(AND(R$2>Q$2,R4>Q4),1,IF(AND(Q$2=R$2,Q4=R4),1,0))))) -> 0 | T4: =Participantes!O3 -> 2 | U4: =Participantes!P3 -> 0 | V4: =IF(T$2="","",IF(AND(T4=T$2,U4=U$2),3,IF(AND(T$2>U$2,T4>U4),1,IF(AND(U$2>T$2,U4>T4),1,IF(AND(T$2=U$2,T4=U4),1,0))))) -> 0 | W4: =Participantes!Q3 -> 0 | X4: =Participantes!R3 -> 1 | Y4: =IF(W$2="","",IF(AND(W4=W$2,X4=X$2),3,IF(AND(W$2>X$2,W4>X4),1,IF(AND(X$2>W$2,X4>W4),1,IF(AND(W$2=X$2,W4=X4),1,0))))) -> 0 | Z4: =Participantes!S3 -> 1 | AA4: =Participantes!T3 -> 1 | AB4: =IF(Z$2="","",IF(AND(Z4=Z$2,AA4=AA$2),3,IF(AND(Z$2>AA$2,Z4>AA4),1,IF(AND(AA$2>Z$2,AA4>Z4),1,IF(AND(Z$2=AA$2,Z4=AA4),1,0))))) -> 0 | AC4: =Participantes!U3 -> 3 | AD4: =Participantes!V3 -> 0 | AE4: =IF(AC$2="","",IF(AND(AC4=AC$2,AD4=AD$2),3,IF(AND(AC$2>AD$2,AC4>AD4),1,IF(AND(AD$2>AC$2,AD4>AC4),1,IF(AND(AC$2=AD$2,AC4=AD4),1,0))))) -> 1 | AF4: =Participantes!W3 -> 2 | AG4: =Participantes!X3 -> 1 | AH4: =IF(AF$2="","",IF(AND(AF4=AF$2,AG4=AG$2),3,IF(AND(AF$2>AG$2,AF4>AG4),1,IF(AND(AG$2>AF$2,AG4>AF4),1,IF(AND(AF$2=AG$2,AF4=AG4),1,0))))) -> 0 | AI4: =Participantes!Y3 -> 1 | AJ4: =Participantes!Z3 -> 0 | AK4: =IF(AI$2="","",IF(AND(AI4=AI$2,AJ4=AJ$2),3,IF(AND(AI$2>AJ$2,AI4>AJ4),1,IF(AND(AJ$2>AI$2,AJ4>AI4),1,IF(AND(AI$2=AJ$2,AI4=AJ4),1,0))))) -> 1 | AL4: =Participantes!AA3 -> 1 | AM4: =Participantes!AB3 -> 2 | AN4: =IF(AL$2="","",IF(AND(AL4=AL$2,AM4=AM$2),3,IF(AND(AL$2>AM$2,AL4>AM4),1,IF(AND(AM$2>AL$2,AM4>AL4),1,IF(AND(AL$2=AM$2,AL4=AM4),1,0))))) -> 0 | AO4: =Participantes!AC3 -> 3 | AP4: =Participantes!AD3 -> 0 | AQ4: =IF(AO$2="","",IF(AND(AO4=AO$2,AP4=AP$2),3,IF(AND(AO$2>AP$2,AO4>AP4),1,IF(AND(AP$2>AO$2,AP4>AO4),1,IF(AND(AO$2=AP$2,AO4=AP4),1,0))))) -> 0 | AR4: =Participantes!AE3 -> 1 | AS4: =Participantes!AF3 -> 0 | AT4: =IF(AR$2="","",IF(AND(AR4=AR$2,AS4=AS$2),3,IF(AND(AR$2>AS$2,AR4>AS4),1,IF(AND(AS$2>AR$2,AS4>AR4),1,IF(AND(AR$2=AS$2,AR4=AS4),1,0))))) -> 0 | AU4: =Participantes!AG3 -> 2 | AV4: =Participantes!AH3 -> 0 | AW4: =IF(AU$2="","",IF(AND(AU4=AU$2,AV4=AV$2),3,IF(AND(AU$2>AV$2,AU4>AV4),1,IF(AND(AV$2>AU$2,AV4>AU4),1,IF(AND(AU$2=AV$2,AU4=AV4),1,0))))) -> 0 | AX4: =Participantes!AI3 -> 2 | AY4: =Participantes!AJ3 -> 1 | AZ4: =IF(AX$2="","",IF(AND(AX4=AX$2,AY4=AY$2),3,IF(AND(AX$2>AY$2,AX4>AY4),1,IF(AND(AY$2>AX$2,AY4>AX4),1,IF(AND(AX$2=AY$2,AX4=AY4),1,0))))) -> 1 | BA4: =Participantes!AK3 -> 0 | BB4: =Participantes!AL3 -> 2 | BC4: =IF(BA$2="","",IF(AND(BA4=BA$2,BB4=BB$2),3,IF(AND(BA$2>BB$2,BA4>BB4),1,IF(AND(BB$2>BA$2,BB4>BA4),1,IF(AND(BA$2=BB$2,BA4=BB4),1,0))))) -> 1 | BD4: =Participantes!AM3 -> 2 | BE4: =Participantes!AN3 -> 0 | BF4: =IF(BD$2="","",IF(AND(BD4=BD$2,BE4=BE$2),3,IF(AND(BD$2>BE$2,BD4>BE4),1,IF(AND(BE$2>BD$2,BE4>BD4),1,IF(AND(BD$2=BE$2,BD4=BE4),1,0))))) -> 1 | BG4: =Participantes!AO3 -> 1 | BH4: =Participantes!AP3 -> 0 | BI4: =IF(BG$2="","",IF(AND(BG4=BG$2,BH4=BH$2),3,IF(AND(BG$2>BH$2,BG4>BH4),1,IF(AND(BH$2>BG$2,BH4>BG4),1,IF(AND(BG$2=BH$2,BG4=BH4),1,0))))) -> 1 | BJ4: =Participantes!AQ3 -> 1 | BK4: =Participantes!AR3 -> 2 | BL4: =IF(BJ$2="","",IF(AND(BJ4=BJ$2,BK4=BK$2),3,IF(AND(BJ$2>BK$2,BJ4>BK4),1,IF(AND(BK$2>BJ$2,BK4>BJ4),1,IF(AND(BJ$2=BK$2,BJ4=BK4),1,0))))) -> 0 | BM4: =Participantes!AS3 -> 1 | BN4: =Participantes!AT3 -> 0 | BO4: =IF(BM$2="","",IF(AND(BM4=BM$2,BN4=BN$2),3,IF(AND(BM$2>BN$2,BM4>BN4),1,IF(AND(BN$2>BM$2,BN4>BM4),1,IF(AND(BM$2=BN$2,BM4=BN4),1,0))))) -> 1 | BP4: =Participantes!AU3 -> 2 | BQ4: =Participantes!AV3 -> 0 | BR4: =IF(BP$2="","",IF(AND(BP4=BP$2,BQ4=BQ$2),3,IF(AND(BP$2>BQ$2,BP4>BQ4),1,IF(AND(BQ$2>BP$2,BQ4>BP4),1,IF(AND(BP$2=BQ$2,BP4=BQ4),1,0))))) -> 0 | BS4: =Participantes!AW3 -> 1 | BT4: =Participantes!AX3 -> 1 | BU4: =IF(BS$2="","",IF(AND(BS4=BS$2,BT4=BT$2),3,IF(AND(BS$2>BT$2,BS4>BT4),1,IF(AND(BT$2>BS$2,BT4>BS4),1,IF(AND(BS$2=BT$2,BS4=BT4),1,0))))) -> 0 | BV4: =Participantes!AY3 -> 1 | BW4: =Participantes!AZ3 -> 0 | BX4: =IF(BV$2="","",IF(AND(BV4=BV$2,BW4=BW$2),3,IF(AND(BV$2>BW$2,BV4>BW4),1,IF(AND(BW$2>BV$2,BW4>BV4),1,IF(AND(BV$2=BW$2,BV4=BW4),1,0))))) -> 0 | BY4: =Participantes!BA3 -> 1 | BZ4: =Participantes!BB3 -> 1 | CA4: =IF(BY$2="","",IF(AND(BY4=BY$2,BZ4=BZ$2),3,IF(AND(BY$2>BZ$2,BY4>BZ4),1,IF(AND(BZ$2>BY$2,BZ4>BY4),1,IF(AND(BY$2=BZ$2,BY4=BZ4),1,0))))) -> 0 | CB4: =Participantes!BC3 -> 2 | CC4: =Participantes!BD3 -> 0 | CD4: =IF(CB$2="","",IF(AND(CB4=CB$2,CC4=CC$2),3,IF(AND(CB$2>CC$2,CB4>CC4),1,IF(AND(CC$2>CB$2,CC4>CB4),1,IF(AND(CB$2=CC$2,CB4=CC4),1,0))))) -> 1 | CE4: =Participantes!BE3 -> 2 | CF4: =Participantes!BF3 -> 1 | CG4: =IF(CE$2="","",IF(AND(CE4=CE$2,CF4=CF$2),3,IF(AND(CE$2>CF$2,CE4>CF4),1,IF(AND(CF$2>CE$2,CF4>CE4),1,IF(AND(CE$2=CF$2,CE4=CF4),1,0))))) -> 1 | CH4: =Participantes!BG3 -> 3 | CI4: =Participantes!BH3 -> 1 | CJ4: =IF(CH$2="","",IF(AND(CH4=CH$2,CI4=CI$2),3,IF(AND(CH$2>CI$2,CH4>CI4),1,IF(AND(CI$2>CH$2,CI4>CH4),1,IF(AND(CH$2=CI$2,CH4=CI4),1,0))))) -> 1 | CK4: =Participantes!BI3 -> 0 | CL4: =Participantes!BJ3 -> 1 | CM4: =IF(CK$2="","",IF(AND(CK4=CK$2,CL4=CL$2),3,IF(AND(CK$2>CL$2,CK4>CL4),1,IF(AND(CL$2>CK$2,CL4>CK4),1,IF(AND(CK$2=CL$2,CK4=CL4),1,0))))) -> 3 | CN4: =Participantes!BK3 -> 0 | CO4: =Participantes!BL3 -> 1 | CP4: =IF(CN$2="","",IF(AND(CN4=CN$2,CO4=CO$2),3,IF(AND(CN$2>CO$2,CN4>CO4),1,IF(AND(CO$2>CN$2,CO4>CN4),1,IF(AND(CN$2=CO$2,CN4=CO4),1,0))))) -> 3 | CQ4: =Participantes!BM3 -> 2 | CR4: =Participantes!BN3 -> 1 | CS4: =IF(CQ$2="","",IF(AND(CQ4=CQ$2,CR4=CR$2),3,IF(AND(CQ$2>CR$2,CQ4>CR4),1,IF(AND(CR$2>CQ$2,CR4>CQ4),1,IF(AND(CQ$2=CR$2,CQ4=CR4),1,0))))) -> 1 | CT4: =Participantes!BO3 -> 2 | CU4: =Participantes!BP3 -> 1 | CV4: =IF(CT$2="","",IF(AND(CT4=CT$2,CU4=CU$2),3,IF(AND(CT$2>CU$2,CT4>CU4),1,IF(AND(CU$2>CT$2,CU4>CT4),1,IF(AND(CT$2=CU$2,CT4=CU4),1,0))))) -> 3 | CW4: =Participantes!BQ3 -> 2 | CX4: =Participantes!BR3 -> 0 | CY4: =IF(CW$2="","",IF(AND(CW4=CW$2,CX4=CX$2),3,IF(AND(CW$2>CX$2,CW4>CX4),1,IF(AND(CX$2>CW$2,CX4>CW4),1,IF(AND(CW$2=CX$2,CW4=CX4),1,0))))) -> 0 | CZ4: =Participantes!BS3 -> 2 | DA4: =Participantes!BT3 -> 0 | DB4: =IF(CZ$2="","",IF(AND(CZ4=CZ$2,DA4=DA$2),3,IF(AND(CZ$2>DA$2,CZ4>DA4),1,IF(AND(DA$2>CZ$2,DA4>CZ4),1,IF(AND(CZ$2=DA$2,CZ4=DA4),1,0))))) -> 1 | DC4: =Participantes!BU3 -> 1 | DD4: =Participantes!BV3 -> 1 | DE4: =IF(DC$2="","",IF(AND(DC4=DC$2,DD4=DD$2),3,IF(AND(DC$2>DD$2,DC4>DD4),1,IF(AND(DD$2>DC$2,DD4>DC4),1,IF(AND(DC$2=DD$2,DC4=DD4),1,0))))) -> 0 | DF4: =Participantes!BW3 -> 2 | DG4: =Participantes!BX3 -> 0 | DH4: =IF(DF$2="","",IF(AND(DF4=DF$2,DG4=DG$2),3,IF(AND(DF$2>DG$2,DF4>DG4),1,IF(AND(DG$2>DF$2,DG4>DF4),1,IF(AND(DF$2=DG$2,DF4=DG4),1,0))))) -> 0 | DI4: =Participantes!BY3 -> 2 | DJ4: =Participantes!BZ3 -> 0 | DK4: =IF(DI$2="","",IF(AND(DI4=DI$2,DJ4=DJ$2),3,IF(AND(DI$2>DJ$2,DI4>DJ4),1,IF(AND(DJ$2>DI$2,DJ4>DI4),1,IF(AND(DI$2=DJ$2,DI4=DJ4),1,0))))) -> 1 | DL4: =Participantes!CA3 -> 3 | DM4: =Participantes!CB3 -> 1 | DN4: =IF(DL$2="","",IF(AND(DL4=DL$2,DM4=DM$2),3,IF(AND(DL$2>DM$2,DL4>DM4),1,IF(AND(DM$2>DL$2,DM4>DL4),1,IF(AND(DL$2=DM$2,DL4=DM4),1,0))))) -> 0 | DO4: =Participantes!CC3 -> 0 | DP4: =Participantes!CD3 -> 2 | DQ4: =IF(DO$2="","",IF(AND(DO4=DO$2,DP4=DP$2),3,IF(AND(DO$2>DP$2,DO4>DP4),1,IF(AND(DP$2>DO$2,DP4>DO4),1,IF(AND(DO$2=DP$2,DO4=DP4),1,0))))) -> 1 | DR4: =Participantes!CE3 -> 1 | DS4: =Participantes!CF3 -> 2 | DT4: =IF(DR$2="","",IF(AND(DR4=DR$2,DS4=DS$2),3,IF(AND(DR$2>DS$2,DR4>DS4),1,IF(AND(DS$2>DR$2,DS4>DR4),1,IF(AND(DR$2=DS$2,DR4=DS4),1,0))))) -> 0 | DU4: =Participantes!CG3 -> 3 | DV4: =Participantes!CH3 -> 0 | DW4: =IF(DU$2="","",IF(AND(DU4=DU$2,DV4=DV$2),3,IF(AND(DU$2>DV$2,DU4>DV4),1,IF(AND(DV$2>DU$2,DV4>DU4),1,IF(AND(DU$2=DV$2,DU4=DV4),1,0))))) -> 3 | DX4: =Participantes!CI3 -> 3 | DY4: =Participantes!CJ3 -> 1 | DZ4: =IF(DX$2="","",IF(AND(DX4=DX$2,DY4=DY$2),3,IF(AND(DX$2>DY$2,DX4>DY4),1,IF(AND(DY$2>DX$2,DY4>DX4),1,IF(AND(DX$2=DY$2,DX4=DY4),1,0))))) -> 1 | EA4: =Participantes!CK3 -> 1 | EB4: =Participantes!CL3 -> 2 | EC4: =IF(EA$2="","",IF(AND(EA4=EA$2,EB4=EB$2),3,IF(AND(EA$2>EB$2,EA4>EB4),1,IF(AND(EB$2>EA$2,EB4>EA4),1,IF(AND(EA$2=EB$2,EA4=EB4),1,0))))) -> 3 | ED4: =Participantes!CM3 -> 2 | EE4: =Participantes!CN3 -> 0 | EF4: =IF(ED$2="","",IF(AND(ED4=ED$2,EE4=EE$2),3,IF(AND(ED$2>EE$2,ED4>EE4),1,IF(AND(EE$2>ED$2,EE4>ED4),1,IF(AND(ED$2=EE$2,ED4=EE4),1,0))))) -> 0 | EG4: =Participantes!CO3 -> 1 | EH4: =Participantes!CP3 -> 1 | EI4: =IF(EG$2="","",IF(AND(EG4=EG$2,EH4=EH$2),3,IF(AND(EG$2>EH$2,EG4>EH4),1,IF(AND(EH$2>EG$2,EH4>EG4),1,IF(AND(EG$2=EH$2,EG4=EH4),1,0))))) -> 0 | EJ4: =Participantes!CQ3 -> 3 | EK4: =Participantes!CR3 -> 0 | EL4: =IF(EJ$2="","",IF(AND(EJ4=EJ$2,EK4=EK$2),3,IF(AND(EJ$2>EK$2,EJ4>EK4),1,IF(AND(EK$2>EJ$2,EK4>EJ4),1,IF(AND(EJ$2=EK$2,EJ4=EK4),1,0))))) -> 1 | EM4: =Participantes!CS3 -> 2 | EN4: =Participantes!CT3 -> 1 | EO4: =IF(EM$2="","",IF(AND(EM4=EM$2,EN4=EN$2),3,IF(AND(EM$2>EN$2,EM4>EN4),1,IF(AND(EN$2>EM$2,EN4>EM4),1,IF(AND(EM$2=EN$2,EM4=EN4),1,0))))) -> 1 | EP4: =Participantes!CU3 -> 1 | EQ4: =Participantes!CV3 -> 2 | ER4: =IF(EP$2="","",IF(AND(EP4=EP$2,EQ4=EQ$2),3,IF(AND(EP$2>EQ$2,EP4>EQ4),1,IF(AND(EQ$2>EP$2,EQ4>EP4),1,IF(AND(EP$2=EQ$2,EP4=EQ4),1,0))))) -> 1 | ES4: =Participantes!CW3 -> 2 | ET4: =Participantes!CX3 -> 0 | EU4: =IF(ES$2="","",IF(AND(ES4=ES$2,ET4=ET$2),3,IF(AND(ES$2>ET$2,ES4>ET4),1,IF(AND(ET$2>ES$2,ET4>ES4),1,IF(AND(ES$2=ET$2,ES4=ET4),1,0))))) -> 1 | EV4: =Participantes!CY3 -> 0 | EW4: =Participantes!CZ3 -> 1 | EX4: =IF(EV$2="","",IF(AND(EV4=EV$2,EW4=EW$2),3,IF(AND(EV$2>EW$2,EV4>EW4),1,IF(AND(EW$2>EV$2,EW4>EV4),1,IF(AND(EV$2=EW$2,EV4=EW4),1,0))))) -> 0 | EY4: =Participantes!DA3 -> 2 | EZ4: =Participantes!DB3 -> 1 | FA4: =IF(EY$2="","",IF(AND(EY4=EY$2,EZ4=EZ$2),3,IF(AND(EY$2>EZ$2,EY4>EZ4),1,IF(AND(EZ$2>EY$2,EZ4>EY4),1,IF(AND(EY$2=EZ$2,EY4=EZ4),1,0))))) -> 1 | FB4: =Participantes!DC3 -> 0 | FC4: =Participantes!DD3 -> 1 | FD4: =IF(FB$2="","",IF(AND(FB4=FB$2,FC4=FC$2),3,IF(AND(FB$2>FC$2,FB4>FC4),1,IF(AND(FC$2>FB$2,FC4>FB4),1,IF(AND(FB$2=FC$2,FB4=FC4),1,0))))) -> 1 | FE4: =Participantes!DE3 -> 1 | FF4: =Participantes!DF3 -> 2 | FG4: =IF(FE$2="","",IF(AND(FE4=FE$2,FF4=FF$2),3,IF(AND(FE$2>FF$2,FE4>FF4),1,IF(AND(FF$2>FE$2,FF4>FE4),1,IF(AND(FE$2=FF$2,FE4=FF4),1,0))))) -> 0 | FH4: =Participantes!DG3 -> 1 | FI4: =Participantes!DH3 -> 2 | FJ4: =IF(FH$2="","",IF(AND(FH4=FH$2,FI4=FI$2),3,IF(AND(FH$2>FI$2,FH4>FI4),1,IF(AND(FI$2>FH$2,FI4>FH4),1,IF(AND(FH$2=FI$2,FH4=FI4),1,0))))) -> 1 | FK4: =Participantes!DI3 -> 0 | FL4: =Participantes!DJ3 -> 2 | FM4: =IF(FK$2="","",IF(AND(FK4=FK$2,FL4=FL$2),3,IF(AND(FK$2>FL$2,FK4>FL4),1,IF(AND(FL$2>FK$2,FL4>FK4),1,IF(AND(FK$2=FL$2,FK4=FL4),1,0))))) -> 0 | FN4: =Participantes!DK3 -> 2 | FO4: =Participantes!DL3 -> 1 | FP4: =IF(FN$2="","",IF(AND(FN4=FN$2,FO4=FO$2),3,IF(AND(FN$2>FO$2,FN4>FO4),1,IF(AND(FO$2>FN$2,FO4>FN4),1,IF(AND(FN$2=FO$2,FN4=FO4),1,0))))) -> 0 | FQ4: =Participantes!DM3 -> 1 | FR4: =Participantes!DN3 -> 3 | FS4: =IF(FQ$2="","",IF(AND(FQ4=FQ$2,FR4=FR$2),3,IF(AND(FQ$2>FR$2,FQ4>FR4),1,IF(AND(FR$2>FQ$2,FR4>FQ4),1,IF(AND(FQ$2=FR$2,FQ4=FR4),1,0))))) -> 3 | FT4: =Participantes!DO3 -> 1 | FU4: =Participantes!DP3 -> 1 | FV4: =IF(FT$2="","",IF(AND(FT4=FT$2,FU4=FU$2),3,IF(AND(FT$2>FU$2,FT4>FU4),1,IF(AND(FU$2>FT$2,FU4>FT4),1,IF(AND(FT$2=FU$2,FT4=FU4),1,0))))) -> 0 | FW4: =Participantes!DQ3 -> 3 | FX4: =Participantes!DR3 -> 0 | FY4: =IF(FW$2="","",IF(AND(FW4=FW$2,FX4=FX$2),3,IF(AND(FW$2>FX$2,FW4>FX4),1,IF(AND(FX$2>FW$2,FX4>FW4),1,IF(AND(FW$2=FX$2,FW4=FX4),1,0))))) -> 0 | FZ4: =Participantes!DS3 -> 0 | GA4: =Participantes!DT3 -> 2 | GB4: =IF(FZ$2="","",IF(AND(FZ4=FZ$2,GA4=GA$2),3,IF(AND(FZ$2>GA$2,FZ4>GA4),1,IF(AND(GA$2>FZ$2,GA4>FZ4),1,IF(AND(FZ$2=GA$2,FZ4=GA4),1,0))))) -> 1 | GC4: =Participantes!DU3 -> 2 | GD4: =Participantes!DV3 -> 0 | GE4: =IF(GC$2="","",IF(AND(GC4=GC$2,GD4=GD$2),3,IF(AND(GC$2>GD$2,GC4>GD4),1,IF(AND(GD$2>GC$2,GD4>GC4),1,IF(AND(GC$2=GD$2,GC4=GD4),1,0))))) -> 1 | GF4: =Participantes!DW3 -> 1 | GG4: =Participantes!DX3 -> 1 | GH4: =IF(GF$2="","",IF(AND(GF4=GF$2,GG4=GG$2),3,IF(AND(GF$2>GG$2,GF4>GG4),1,IF(AND(GG$2>GF$2,GG4>GF4),1,IF(AND(GF$2=GG$2,GF4=GG4),1,0))))) -> 3 | GI4: =Participantes!DY3 -> 0 | GJ4: =Participantes!DZ3 -> 2 | GK4: =IF(GI$2="","",IF(AND(GI4=GI$2,GJ4=GJ$2),3,IF(AND(GI$2>GJ$2,GI4>GJ4),1,IF(AND(GJ$2>GI$2,GJ4>GI4),1,IF(AND(GI$2=GJ$2,GI4=GJ4),1,0))))) -> 1 | GL4: =Participantes!EA3 -> 0 | GM4: =Participantes!EB3 -> 2 | GN4: =IF(GL$2="","",IF(AND(GL4=GL$2,GM4=GM$2),3,IF(AND(GL$2>GM$2,GL4>GM4),1,IF(AND(GM$2>GL$2,GM4>GL4),1,IF(AND(GL$2=GM$2,GL4=GM4),1,0))))) -> 0 | GO4: =Participantes!EC3 -> 1 | GP4: =Participantes!ED3 -> 2 | GQ4: =IF(GO$2="","",IF(AND(GO4=GO$2,GP4=GP$2),3,IF(AND(GO$2>GP$2,GO4>GP4),1,IF(AND(GP$2>GO$2,GP4>GO4),1,IF(AND(GO$2=GP$2,GO4=GP4),1,0))))) -> 1 | GR4: =Participantes!EE3 -> 1 | GS4: =Participantes!EF3 -> 2 | GT4: =IF(GR$2="","",IF(AND(GR4=GR$2,GS4=GS$2),3,IF(AND(GR$2>GS$2,GR4>GS4),1,IF(AND(GS$2>GR$2,GS4>GR4),1,IF(AND(GR$2=GS$2,GR4=GS4),1,0))))) | GU4: =Participantes!EG3 -> 2 | GV4: =Participantes!EH3 -> 0 | GW4: =IF(GU$2="","",IF(AND(GU4=GU$2,GV4=GV$2),3,IF(AND(GU$2>GV$2,GU4>GV4),1,IF(AND(GV$2>GU$2,GV4>GU4),1,IF(AND(GU$2=GV$2,GU4=GV4),1,0))))) | GX4: =Participantes!EI3 -> 1 | GY4: =Participantes!EJ3 -> 1 | GZ4: =IF(GX$2="","",IF(AND(GX4=GX$2,GY4=GY$2),3,IF(AND(GX$2>GY$2,GX4>GY4),1,IF(AND(GY$2>GX$2,GY4>GX4),1,IF(AND(GX$2=GY$2,GX4=GY4),1,0))))) | HA4: =Participantes!EK3 -> 1 | HB4: =Participantes!EL3 -> 0 | HC4: =IF(HA$2="","",IF(AND(HA4=HA$2,HB4=HB$2),3,IF(AND(HA$2>HB$2,HA4>HB4),1,IF(AND(HB$2>HA$2,HB4>HA4),1,IF(AND(HA$2=HB$2,HA4=HB4),1,0))))) | HD4: =Participantes!EM3 -> 2 | HE4: =Participantes!EN3 -> 1 | HF4: =IF(HD$2="","",IF(AND(HD4=HD$2,HE4=HE$2),3,IF(AND(HD$2>HE$2,HD4>HE4),1,IF(AND(HE$2>HD$2,HE4>HD4),1,IF(AND(HD$2=HE$2,HD4=HE4),1,0))))) | HG4: =Participantes!EO3 -> 2 | HH4: =Participantes!EP3 -> 1 | HI4: =IF(HG$2="","",IF(AND(HG4=HG$2,HH4=HH$2),3,IF(AND(HG$2>HH$2,HG4>HH4),1,IF(AND(HH$2>HG$2,HH4>HG4),1,IF(AND(HG$2=HH$2,HG4=HH4),1,0))))) | HJ4: =SUM(D4,G4,J4,M4,P4,S4,V4,Y4,AB4,AE4,AH4,AK4,AN4,AQ4,AT4,AW4,AZ4,BC4,BF4,BI4,BL4,BO4,BR4,BU4,BX4,CA4,CD4,CG4,CJ4,CM4,CP4,CS4,CV4,CY4,DB4,DE4,DH4,DK4,DN4,DQ4,DT4,DW4,DZ4,EC4,EF4,EI4,EL4,EO4,ER4,EU4,EX4,FA4,FD4,FG4,FJ4,FM4,FP4,FS4,FV4,FY4,GB4,GE4,GH4,GK4,GN4,GQ4,GT4,GW4,GZ4,HC4,HF4,HI4) -> 55
