Workbook

Sheet Portada
A1: Mundial FIFA 2026 - Calendario y clasificación
A3: Uso
A4: 1 | B4: Escribe los goles en la hoja Partidos, columnas H e I. Las tablas se recalculan automáticamente.
A5: 2 | B5: Las posiciones de grupo están identificadas como A1, A2, A3, A4, etc.
A6: 3 | B6: Los cruces de eliminatoria usan placeholders oficiales: 1A, 2B, 3C/D/E, W74, etc.
A7: 4 | B7: La hoja Clasificacion calcula puntos, goles y posición básica; al inicio conserva el orden A1-A4 por grupo.
A8: 5 | B8: La columna Desempate manual permite resolver empates complejos de FIFA: mayor número = mejor desempate.
A9: 6 | B9: Horarios en Eastern Time (ET), como en el calendario de FIFA/CBS.
A11: Contenido
A12: Equipos_Grupos | B12: Listado de grupos, posiciones y códigos.
A13: Partidos | B13: Los 104 partidos, con columnas para ingresar resultados.
A14: Clasificacion | B14: Tabla automática por grupo.
A15: Mejores_Terceros | B15: Ranking automático de los terceros lugares.
A16: Llaves | B16: Resumen del cuadro eliminatorio con placeholders.
A17: Fuentes | B17: URLs usadas para armar el archivo.
A18: Notas | B18: El calendario está sujeto a cambios por FIFA.

Sheet Equipos_Grupos
A1: Grupo | B1: Posición | C1: Código | D1: Equipo
A2: A | B2: A1 | C2: MEX | D2: México
A3: A | B3: A2 | C3: RSA | D3: Sudáfrica
A4: A | B4: A3 | C4: KOR | D4: Corea República
A5: A | B5: A4 | C5: CZE | D5: Chequia
A6: B | B6: B1 | C6: CAN | D6: Canadá
A7: B | B7: B2 | C7: BIH | D7: Bosnia y Herzegovina
A8: B | B8: B3 | C8: QAT | D8: Qatar
A9: B | B9: B4 | C9: SUI | D9: Suiza
A10: C | B10: C1 | C10: BRA | D10: Brasil
A11: C | B11: C2 | C11: MAR | D11: Marruecos
A12: C | B12: C3 | C12: HAI | D12: Haití
... A49: L | B49: L4 | C49: PAN | D49: Panamá

Sheet Puntajes
A1: Número | B1: Posición. | C1: Nombre | D1: Puntaje | F1: =NOW() -> 46184.736
A2: =Participantes!A2 -> 1 | B2: =IF(ROW()=2,1,IF(D2=D1,B1,B1+1)) -> 1 | C2: =Participantes!B2 -> Alberto | D2: =Grupo!BS4 -> 0
A3: =Participantes!A3 -> 2 | B3: =IF(ROW()=2,1,IF(D3=D2,B2,B2+1)) -> 1 | C3: =Participantes!B3 -> Alexander | D3: =Grupo!BS5 -> 0
A4: =Participantes!A4 -> 3 | B4: =IF(ROW()=2,1,IF(D4=D3,B3,B3+1)) -> 1 | C4: =Participantes!B4 -> Alfredo 1 | D4: =Grupo!BS6 -> 0
A5: =Participantes!A5 -> 4 | B5: =IF(ROW()=2,1,IF(D5=D4,B4,B4+1)) -> 1 | C5: =Participantes!B5 -> Alfredo 2 | D5: =Grupo!BS7 -> 0
A6: =Participantes!A6 -> 5 | B6: =IF(ROW()=2,1,IF(D6=D5,B5,B5+1)) -> 1 | C6: =Participantes!B6 -> Aneth | D6: =Grupo!BS8 -> 0
A7: =Participantes!A7 -> 6 | B7: =IF(ROW()=2,1,IF(D7=D6,B6,B6+1)) -> 1 | C7: =Participantes!B7 -> Antonio | D7: =Grupo!BS9 -> 0
A8: =Participantes!A8 -> 7 | B8: =IF(ROW()=2,1,IF(D8=D7,B7,B7+1)) -> 1 | C8: =Participantes!B8 -> Carlos | D8: =Grupo!BS10 -> 0
A9: =Participantes!A9 -> 8 | B9: =IF(ROW()=2,1,IF(D9=D8,B8,B8+1)) -> 1 | C9: =Participantes!B9 -> Castillo L. | D9: =Grupo!BS11 -> 0 | G9: =Partidos!F2 -> México | H9: =Partidos!G2 -> Sudáfrica | J9: =Partidos!C2 -> 15:00
A10: =Participantes!A10 -> 9 | B10: =IF(ROW()=2,1,IF(D10=D9,B9,B9+1)) -> 1 | C10: =Participantes!B10 -> Christofer | D10: =Grupo!BS12 -> 0
A11: =Participantes!A11 -> 10 | B11: =IF(ROW()=2,1,IF(D11=D10,B10,B10+1)) -> 1 | C11: =Participantes!B11 -> Cynthia | D11: =Grupo!BS13 -> 0
A12: =Participantes!A12 -> 11 | B12: =IF(ROW()=2,1,IF(D12=D11,B11,B11+1)) -> 1 | C12: =Participantes!B12 -> Edward | D12: =Grupo!BS14 -> 0 | G12: =Partidos!F3 -> Corea República | H12: =Partidos!G3 -> Chequia | J12: =Partidos!C3 -> 22:00
A13: =Participantes!A13 -> 12 | B13: =IF(ROW()=2,1,IF(D13=D12,B12,B12+1)) -> 1 | C13: =Participantes!B13 -> Espinosa L. | D13: =Grupo!BS15 -> 0
A14: =Participantes!A14 -> 13 | B14: =IF(ROW()=2,1,IF(D14=D13,B13,B13+1)) -> 1 | C14: =Participantes!B14 -> Frida | D14: =Grupo!BS16 -> 0
A15: =Participantes!A15 -> 14 | B15: =IF(ROW()=2,1,IF(D15=D14,B14,B14+1)) -> 1 | C15: =Participantes!B15 -> Isabel 1 | D15: =Grupo!BS17 -> 0
A16: =Participantes!A16 -> 15 | B16: =IF(ROW()=2,1,IF(D16=D15,B15,B15+1)) -> 1 | C16: =Participantes!B16 -> Isabel 2 | D16: =Grupo!BS18 -> 0
A17: =Participantes!A17 -> 16 | B17: =IF(ROW()=2,1,IF(D17=D16,B16,B16+1)) -> 1 | C17: =Participantes!B17 -> Javier | D17: =Grupo!BS19 -> 0
A18: =Participantes!A18 -> 17 | B18: =IF(ROW()=2,1,IF(D18=D17,B17,B17+1)) -> 1 | C18: =Participantes!B18 -> Jose C 1 | D18: =Grupo!BS20 -> 0
A19: =Participantes!A19 -> 18 | B19: =IF(ROW()=2,1,IF(D19=D18,B18,B18+1)) -> 1 | C19: =Participantes!B19 -> Jose C 2 | D19: =Grupo!BS21 -> 0
A20: =Participantes!A20 -> 19 | B20: =IF(ROW()=2,1,IF(D20=D19,B19,B19+1)) -> 1 | C20: =Participantes!B20 -> Jose C Ahiza | D20: =Grupo!BS22 -> 0
A21: =Participantes!A21 -> 20 | B21: =IF(ROW()=2,1,IF(D21=D20,B20,B20+1)) -> 1 | C21: =Participantes!B21 -> Jose C Ana | D21: =Grupo!BS23 -> 0
A22: =Participantes!A22 -> 21 | B22: =IF(ROW()=2,1,IF(D22=D21,B21,B21+1)) -> 1 | C22: =Participantes!B22 -> Jose C Judith | D22: =Grupo!BS24 -> 0
A23: =Participantes!A23 -> 22 | B23: =IF(ROW()=2,1,IF(D23=D22,B22,B22+1)) -> 1 | C23: =Participantes!B23 -> José de León | D23: =Grupo!BS25 -> 0
A24: =Participantes!A24 -> 23 | B24: =IF(ROW()=2,1,IF(D24=D23,B23,B23+1)) -> 1 | C24: =Participantes!B24 -> Jovanna | D24: =Grupo!BS26 -> 0
... A49: =Participantes!A49 -> 48 | B49: =IF(ROW()=2,1,IF(D49=D48,B48,B48+1)) -> 1 | C49: =Participantes!B49 -> Waldo | D49: =Grupo!BS51 -> 0

Sheet Participantes
B1: Nombre | C1: México | D1: Sudáfrica | E1: Corea | F1: Chequia | G1: Canadá | H1: Bosnia | I1: Estados Unidos | J1: Paraguay | K1: Haití | L1: Escocia | M1: Australia | N1: Türkiye | O1: Brasil | P1: Marruecos | Q1: Qatar | R1: Suiza | S1: Costa de Marfil | T1: Ecuador | U1: Alemania | V1: Curazao | W1: Países Bajos | X1: Japón | Y1: Suecia | Z1: Túnez | AA1: Arabia Saudita | AB1: Uruguay | AC1: España | AD1: Cabo Verde | AE1: Irán | AF1: Nueva Zelanda | AG1: Bélgica | AH1: Egipto | AI1: Francia | AJ1: Senegal | AK1: Irak | AL1: Noruega | AM1: Argentina | AN1: Argelia | AO1: Austria | AP1: Jordania | AQ1: Ghana | AR1: Panamá | AS1: Inglaterra | AT1: Croacia | AU1: Portugal | AV1: RD Congo | AW1: Uzbekistán | AX1: Colombia | AY1: Chequia | AZ1: Sudáfrica | BA1: Suiza | BB1: Bosnia | BC1: Canadá | BD1: Qatar | BE1: México | BF1: Corea República | BG1: Brasil | BH1: Haití | BI1: Escocia | BJ1: Marruecos | BK1: Türkiye | BL1: Paraguay | BM1: Estados Unidos | BN1: Australia | BO1: Alemania | BP1: Costa de Marfil | BQ1: Ecuador | BR1: Curazao | BS1: Países Bajos | BT1: Suecia | BU1: Túnez | BV1: Japón | BW1: Uruguay | BX1: Cabo Verde | BY1: España | BZ1: Arabia Saudita | CA1: Bélgica | CB1: Irán | CC1: Nueva Zelanda | CD1: Egipto | CE1: Noruega | CF1: Senegal | CG1: Francia | CH1: Irak | CI1: Argentina | CJ1: Austria | CK1: Jordania | CL1: Argelia | CM1: Inglaterra | CN1: Ghana | CO1: Panamá | CP1: Croacia | CQ1: Portugal | CR1: Uzbekistán | CS1: Colombia | CT1: RD Congo | CU1: Escocia | CV1: Brasil | CW1: Marruecos | CX1: Haití | CY1: Suiza | CZ1: Canadá | DA1: Bosnia | DB1: Qatar | DC1: Chequia | DD1: México | DE1: Sudáfrica | DF1: Corea República | DG1: Curazao | DH1: Costa de Marfil | DI1: Ecuador | DJ1: Alemania | DK1: Japón | DL1: Suecia | DM1: Túnez | DN1: Países Bajos | DO1: Türkiye | DP1: Estados Unidos | DQ1: Paraguay | DR1: Australia | DS1: Noruega | DT1: Francia | DU1: Senegal | DV1: Irak | DW1: Egipto | DX1: Irán | DY1: Nueva Zelanda | DZ1: Bélgica | EA1: Cabo Verde | EB1: Arabia Saudita | EC1: Uruguay | ED1: España | EE1: Panamá | EF1: Inglaterra | EG1: Croacia | EH1: Ghana | EI1: Argelia | EJ1: Austria | EK1: Jordania | EL1: Argentina | EM1: Colombia | EN1: Portugal | EO1: RD Congo | EP1: Uzbekistán
A2: 1 | B2: Alberto | C2: 1 | D2: 1 | E2: 2 | F2: 0 | G2: 2 | H2: 1 | I2: 1 | J2: 3 | K2: 0 | L2: 2 | M2: 0 | N2: 1 | O2: 1 | P2: 2 | Q2: 0 | R2: 2 | S2: 1 | T2: 2 | U2: 5 | V2: 0 | W2: 3 | X2: 0 | Y2: 1 | Z2: 1 | AA2: 0 | AB2: 2 | AC2: 6 | AD2: 0 | AE2: 0 | AF2: 0 | AG2: 2 | AH2: 0 | AI2: 4 | AJ2: 0 | AK2: 0 | AL2: 4 | AM2: 4 | AN2: 0 | AO2: 1 | AP2: 0 | AQ2: 2 | AR2: 1 | AS2: 4 | AT2: 2 | AU2: 5 | AV2: 0 | AW2: 0 | AX2: 3 | AY2: 0 | AZ2: 1 | BA2: 1 | BB2: 0 | BC2: 3 | BD2: 1 | BE2: 1 | BF2: 0 | BG2: 5 | BH2: 0 | BI2: 0 | BJ2: 3 | BK2: 2 | BL2: 3 | BM2: 2 | BN2: 1 | BO2: 4 | BP2: 0 | BQ2: 4 | BR2: 0 | BS2: 3 | BT2: 1 | BU2: 0 | BV2: 2 | BW2: 4 | BX2: 0 | BY2: 5 | BZ2: 0 | CA2: 3 | CB2: 0 | CC2: 1 | CD2: 2 | CE2: 2 | CF2: 2 | CG2: 5 | CH2: 0 | CI2: 3 | CJ2: 0 | CK2: 0 | CL2: 0 | CM2: 5 | CN2: 0 | CO2: 0 | CP2: 4 | CQ2: 5 | CR2: 0 | CS2: 2 | CT2: 1 | CU2: 0 | CV2: 4 | CW2: 4 | CX2: 0 | CY2: 3 | CZ2: 2 | DA2: 1 | DB2: 1 | DC2: 1 | DD2: 3 | DE2: 0 | DF2: 1 | DG2: 0 | DH2: 2 | DI2: 2 | DJ2: 4 | DK2: 2 | DL2: 2 | DM2: 0 | DN2: 3 | DO2: 1 | DP2: 0 | DQ2: 1 | DR2: 0 | DS2: 1 | DT2: 3 | DU2: 2 | DV2: 0 | DW2: 2 | DX2: 1 | DY2: 0 | DZ2: 4 | EA2: 0 | EB2: 1 | EC2: 1 | ED2: 2 | EE2: 0 | EF2: 6 | EG2: 3 | EH2: 0 | EI2: 0 | EJ2: 0 | EK2: 0 | EL2: 4 | EM2: 0 | EN2: 2 | EO2: 1 | EP2: 1
A3: 2 | B3: Alexander | C3: 2 | D3: 0 | E3: 1 | F3: 1 | G3: 1 | H3: 1 | I3: 2 | J3: 0 | K3: 0 | L3: 2 | M3: 1 | N3: 1 | O3: 2 | P3: 0 | Q3: 0 | R3: 1 | S3: 1 | T3: 1 | U3: 3 | V3: 0 | W3: 2 | X3: 1 | Y3: 1 | Z3: 0 | AA3: 1 | AB3: 2 | AC3: 3 | AD3: 0 | AE3: 0 | AF3: 0 | AG3: 2 | AH3: 0 | AI3: 2 | AJ3: 1 | AK3: 0 | AL3: 2 | AM3: 2 | AN3: 0 | AO3: 1 | AP3: 0 | AQ3: 1 | AR3: 2 | AS3: 1 | AT3: 0 | AU3: 2 | AV3: 0 | AW3: 1 | AX3: 1 | AY3: 1 | AZ3: 0 | BA3: 1 | BB3: 1 | BC3: 2 | BD3: 0 | BE3: 2 | BF3: 1 | BG3: 3 | BH3: 1 | BI3: 0 | BJ3: 1 | BK3: 0 | BL3: 1 | BM3: 2 | BN3: 1 | BO3: 2 | BP3: 1 | BQ3: 2 | BR3: 0 | BS3: 2 | BT3: 0 | BU3: 1 | BV3: 1 | BW3: 2 | BX3: 0 | BY3: 2 | BZ3: 0 | CA3: 3 | CB3: 1 | CC3: 0 | CD3: 2 | CE3: 1 | CF3: 2 | CG3: 3 | CH3: 0 | CI3: 3 | CJ3: 1 | CK3: 1 | CL3: 2 | CM3: 2 | CN3: 0 | CO3: 1 | CP3: 1 | CQ3: 3 | CR3: 0 | CS3: 2 | CT3: 1 | CU3: 1 | CV3: 2 | CW3: 2 | CX3: 0 | CY3: 0 | CZ3: 1 | DB3: 1 | DC3: 0 | DD3: 1 | DE3: 1 | DF3: 2 | DG3: 1 | DH3: 2 | DI3: 0 | DJ3: 2 | DK3: 2 | DL3: 1 | DM3: 1 | DN3: 3 | DO3: 1 | DP3: 1 | DQ3: 3 | DR3: 0 | DS3: 0 | DT3: 2 | DU3: 2 | DV3: 0 | DW3: 1 | DX3: 1 | DY3: 0 | DZ3: 2 | EA3: 0 | EB3: 2 | EC3: 1 | ED3: 2 | EE3: 1 | EF3: 2 | EG3: 2 | EH3: 0 | EJ3: 1 | EK3: 1 | EL3: 0 | EM3: 2 | EN3: 1 | EO3: 2 | EP3: 1
A4: 3 | B4: Alfredo 1 | C4: 2 | D4: 1 | E4: 1 | F4: 1 | G4: 1 | H4: 0 | I4: 2 | J4: 1 | K4: 1 | L4: 1 | M4: 1 | N4: 2 | O4: 2 | P4: 0 | Q4: 0 | R4: 2 | S4: 1 | T4: 1 | U4: 4 | V4: 0 | W4: 2 | X4: 1 | Y4: 2 | Z4: 0 | AA4: 0 | AB4: 1 | AC4: 2 | AD4: 0 | AE4: 1 | AF4: 0 | AG4: 2 | AH4: 1 | AI4: 3 | AJ4: 1 | AK4: 0 | AL4: 3 | AM4: 2 | AN4: 0 | AO4: 2 | AP4: 0 | AQ4: 1 | AR4: 1 | AS4: 2 | AT4: 1 | AU4: 3 | AV4: 0 | AW4: 0 | AX4: 2 | AY4: 2 | AZ4: 0 | BA4: 2 | BB4: 1 | BC4: 1 | BD4: 0 | BE4: 2 | BF4: 1 | BG4: 3 | BH4: 0 | BI4: 1 | BJ4: 2 | BK4: 2 | BL4: 0 | BM4: 2 | BN4: 0 | BO4: 3 | BP4: 1 | BQ4: 3 | BR4: 0 | BS4: 2 | BT4: 1 | BU4: 0 | BV4: 2 | BW4: 2 | BX4: 1 | BY4: 3 | BZ4: 1 | CA4: 3 | CB4: 0 | CC4: 0 | CD4: 2 | CE4: 2 | CF4: 1 | CG4: 3 | CH4: 0 | CI4: 2 | CJ4: 1 | CK4: 0 | CL4: 1 | CM4: 3 | CN4: 1 | CO4: 1 | CP4: 2 | CQ4: 3 | CR4: 0 | CS4: 2 | CT4: 0 | CU4: 1 | CV4: 3 | CW4: 2 | CX4: 1 | CY4: 2 | CZ4: 1 | DA4: 2 | DB4: 0 | DC4: 0 | DD4: 2 | DE4: 1 | DF4: 1 | DG4: 0 | DH4: 2 | DI4: 1 | DJ4: 3 | DK4: 2 | DL4: 2 | DM4: 0 | DN4: 3 | DO4: 2 | DP4: 1 | DQ4: 1 | DR4: 1 | DS4: 2 | DT4: 2 | DU4: 1 | DV4: 1 | DW4: 3 | DX4: 0 | DY4: 0 | DZ4: 3 | EA4: 0 | EB4: 1 | EC4: 1 | ED4: 2 | EE4: 0 | EF4: 3 | EG4: 2 | EH4: 0 | EI4: 1 | EJ4: 2 | EK4: 0 | EL4: 2 | EM4: 1 | EN4: 1 | EO4: 1 | EP4: 1
A5: 4 | B5: Alfredo 2 | C5: 2 | D5: 0 | E5: 0 | F5: 1 | G5: 2 | H5: 0 | I5: 2 | J5: 0 | K5: 0 | L5: 1 | M5: 0 | N5: 2 | O5: 2 | P5: 1 | Q5: 0 | R5: 2 | S5: 0 | T5: 1 | U5: 3 | V5: 0 | W5: 2 | X5: 2 | Y5: 2 | Z5: 1 | AA5: 1 | AB5: 1 | AC5: 3 | AD5: 0 | AE5: 0 | AF5: 0 | AG5: 3 | AH5: 1 | AI5: 3 | AJ5: 0 | AK5: 0 | AL5: 2 | AM5: 2 | AN5: 1 | AO5: 1 | AP5: 0 | AQ5: 1 | AR5: 2 | AS5: 1 | AT5: 1 | AU5: 2 | AV5: 0 | AW5: 0 | AX5: 3 | AY5: 2 | AZ5: 1 | BA5: 2 | BB5: 2 | BC5: 2 | BD5: 0 | BE5: 2 | BF5: 0 | BG5: 3 | BH5: 1 | BI5: 0 | BJ5: 2 | BK5: 2 | BL5: 1 | BM5: 3 | BN5: 0 | BO5: 4 | BP5: 1 | BQ5: 2 | BR5: 0 | BS5: 1 | BT5: 1 | BU5: 0 | BV5: 2 | BW5: 2 | BX5: 0 | BY5: 3 | BZ5: 1 | CA5: 3 | CB5: 0 | CC5: 0 | CD5: 3 | CE5: 4 | CF5: 1 | CG5: 3 | CH5: 0 | CI5: 2 | CJ5: 1 | CK5: 0 | CL5: 2 | CM5: 3 | CN5: 0 | CO5: 1 | CP5: 1 | CQ5: 3 | CR5: 0 | CS5: 3 | CT5: 0 | CU5: 0 | CV5: 3 | CW5: 2 | CX5: 0 | CY5: 1 | CZ5: 1 | DA5: 1 | DB5: 0 | DC5: 1 | DD5: 2 | DE5: 0 | DF5: 1 | DG5: 0 | DH5: 1 | DI5: 1 | DJ5: 2 | DK5: 2 | DL5: 2 | DM5: 0 | DN5: 2 | DO5: 1 | DP5: 1 | DQ5: 1 | DR5: 0 | DS5: 2 | DT5: 2 | DU5: 1 | DV5: 0 | DW5: 2 | DX5: 0 | DY5: 0 | DZ5: 4 | EA5: 0 | EB5: 2 | EC5: 1 | ED5: 3 | EE5: 1 | EF5: 4 | EG5: 2 | EH5: 1 | EI5: 1 | EJ5: 1 | EK5: 0 | EL5: 3 | EM5: 2 | EN5: 2 | EO5: 0 | EP5: 0
A6: 5 | B6: Aneth | C6: 2 | D6: 0 | E6: 1 | F6: 1 | G6: 2 | H6: 1 | I6: 2 | J6: 1 | K6: 2 | L6: 0 | M6: 1 | N6: 1 | O6: 2 | P6: 1 | Q6: 2 | R6: 0 | S6: 1 | T6: 1 | U6: 4 | V6: 0 | W6: 2 | X6: 1 | Y6: 1 | Z6: 0 | AA6: 3 | AB6: 0 | AC6: 3 | AD6: 0 | AE6: 2 | AF6: 0 | AG6: 2 | AH6: 1 | AI6: 2 | AJ6: 1 | AK6: 2 | AL6: 0 | AM6: 3 | AN6: 0 | AO6: 2 | AP6: 0 | AQ6: 1 | AR6: 1 | AS6: 2 | AT6: 1 | AU6: 3 | AV6: 0 | AW6: 2 | AX6: 0 | AY6: 2 | AZ6: 1 | BA6: 2 | BB6: 0 | BC6: 1 | BD6: 1 | BE6: 2 | BF6: 1
A7: 6 | B7: Antonio | C7: 2 | D7: 0 | E7: 1 | F7: 1 | G7: 3 | H7: 1 | I7: 2 | J7: 0 | K7: 0 | L7: 3 | M7: 1 | N7: 2 | O7: 2 | P7: 2 | Q7: 0 | R7: 2 | S7: 1 | T7: 1 | U7: 4 | V7: 0 | W7: 3 | X7: 0 | Y7: 2 | Z7: 1 | AA7: 0 | AB7: 1 | AC7: 3 | AD7: 0 | AE7: 0 | AF7: 2 | AG7: 3 | AH7: 1 | AI7: 4 | AJ7: 0 | AK7: 0 | AL7: 1 | AM7: 3 | AN7: 1 | AO7: 2 | AP7: 1 | AQ7: 0 | AR7: 1 | AS7: 3 | AT7: 2 | AU7: 4 | AV7: 0 | AW7: 0 | AX7: 4 | AY7: 0 | AZ7: 1 | BA7: 3 | BB7: 2 | BC7: 2 | BD7: 1 | BE7: 3 | BF7: 1
A8: 7 | B8: Carlos | C8: 2 | D8: 1 | E8: 1 | F8: 1 | G8: 2 | H8: 1 | I8: 2 | J8: 0 | K8: 0 | L8: 2 | M8: 1 | N8: 2 | O8: 2 | P8: 1 | Q8: 0 | R8: 2 | S8: 1 | T8: 1 | U8: 5 | V8: 0 | W8: 2 | X8: 1 | Y8: 2 | Z8: 0 | AA8: 0 | AB8: 2 | AC8: 4 | AD8: 0 | AE8: 2 | AF8: 0 | AG8: 2 | AH8: 0 | AI8: 2 | AJ8: 1 | AK8: 0 | AL8: 3 | AM8: 3 | AN8: 0 | AO8: 2 | AP8: 0 | AQ8: 1 | AR8: 2 | AS8: 2 | AT8: 1 | AU8: 3 | AV8: 0 | AW8: 0 | AX8: 2 | AY8: 2 | AZ8: 1 | BA8: 1 | BB8: 1 | BC8: 3 | BD8: 1 | BE8: 2 | BF8: 1
A9: 8 | B9: Castillo L. | C9: 2 | D9: 1 | E9: 2 | F9: 1 | G9: 1 | H9: 1 | I9: 2 | J9: 1 | K9: 0 | L9: 2 | M9: 1 | N9: 3 | O9: 2 | P9: 1 | Q9: 0 | R9: 3 | S9: 1 | T9: 1 | U9: 4 | V9: 0 | W9: 2 | X9: 2 | Y9: 2 | Z9: 11 | AA9: 0 | AB9: 2 | AC9: 4 | AD9: 0 | AE9: 2 | AF9: 0 | AG9: 3 | AH9: 1 | AI9: 2 | AJ9: 1 | AK9: 0 | AL9: 3 | AM9: 3 | AN9: 0 | AO9: 2 | AP9: 1 | AQ9: 2 | AR9: 1 | AS9: 2 | AT9: 2 | AU9: 3 | AV9: 0 | AW9: 1 | AX9: 1 | AY9: 3 | AZ9: 0 | BA9: 2 | BB9: 0 | BC9: 3 | BD9: 1 | BE9: 1 | BF9: 2
A10: 9 | B10: Christofer | C10: 2 | D10: 3 | E10: 1 | F10: 1 | G10: 1 | H10: 2 | I10: 2 | J10: 4 | K10: 3 | L10: 4 | M10: 2 | N10: 1 | O10: 5 | P10: 1 | Q10: 2 | R10: 1 | S10: 0 | T10: 3 | U10: 2 | V10: 2 | W10: 2 | X10: 5 | Y10: 4 | Z10: 1 | AA10: 1 | AB10: 2 | AC10: 3 | AD10: 1 | AE10: 1 | AF10: 1 | AG10: 2 | AH10: 0 | AI10: 1 | AJ10: 3 | AK10: 1 | AL10: 4 | AM10: 3 | AN10: 2 | AO10: 1 | AP10: 1 | AQ10: 1 | AR10: 3 | AS10: 2 | AT10: 1 | AU10: 7 | AV10: 4 | AW10: 1 | AX10: 2 | AY10: 2 | AZ10: 2 | BA10: 3 | BB10: 4 | BC10: 2 | BD10: 3 | BE10: 1 | BF10: 2
A11: 10 | B11: Cynthia | C11: 1 | D11: 2 | E11: 1 | F11: 0 | G11: 2 | H11: 1 | I11: 0 | J11: 0 | K11: 1 | L11: 3 | M11: 1 | N11: 1 | O11: 2 | P11: 2 | Q11: 0 | R11: 1 | S11: 0 | T11: 1 | U11: 3 | V11: 1 | W11: 2 | X11: 2 | Y11: 3 | Z11: 1 | AA11: 2 | AB11: 2 | AC11: 3 | AD11: 1 | AE11: 1 | AF11: 1 | AG11: 0 | AH11: 0 | AI11: 2 | AJ11: 1 | AK11: 1 | AL11: 0 | AM11: 3 | AN11: 1 | AO11: 2 | AP11: 1 | AQ11: 0 | AR11: 1 | AS11: 3 | AT11: 1 | AU11: 2 | AV11: 1 | AW11: 1 | AX11: 3 | AY11: 1 | AZ11: 2 | BA11: 1 | BB11: 0 | BC11: 1 | BD11: 1 | BE11: 1 | BF11: 1
A12: 11 | B12: Edward | C12: 2 | D12: 0 | E12: 2 | F12: 1 | G12: 2 | H12: 1 | I12: 2 | J12: 1 | K12: 0 | L12: 2 | M12: 0 | N12: 1 | O12: 2 | P12: 1 | Q12: 0 | R12: 2 | S12: 1 | T12: 1 | U12: 3 | V12: 0 | W12: 2 | X12: 1 | Y12: 2 | Z12: 0 | AA12: 1 | AB12: 2 | AC12: 4 | AD12: 0 | AE12: 1 | AF12: 0 | AG12: 2 | AH12: 1 | AI12: 2 | AJ12: 1 | AK12: 0 | AL12: 2 | AM12: 2 | AN12: 0 | AO12: 2 | AP12: 0 | AQ12: 1 | AR12: 2 | AS12: 2 | AT12: 1 | AU12: 2 | AV12: 1 | AW12: 1 | AX12: 2 | AY12: 2 | AZ12: 0 | BA12: 2 | BB12: 1 | BC12: 2 | BD12: 0 | BE12: 1 | BF12: 1
A13: 12 | B13: Espinosa L. | C13: 2 | D13: 1 | E13: 1 | F13: 0 | G13: 3 | H13: 0 | I13: 2 | J13: 1 | K13: 3 | L13: 1 | M13: 1 | N13: 1 | O13: 2 | P13: 0 | Q13: 0 | R13: 0 | S13: 1 | T13: 2 | U13: 3 | V13: 0 | W13: 0 | X13: 2 | Y13: 1 | Z13: 1 | AA13: 0 | AB13: 1 | AC13: 2 | AD13: 0 | AE13: 2 | AF13: 0 | AG13: 1 | AH13: 0 | AI13: 3 | AJ13: 0 | AK13: 1 | AL13: 1 | AM13: 2 | AN13: 0 | AO13: 1 | AP13: 1 | AQ13: 0 | AR13: 1 | AS13: 1 | AT13: 0 | AU13: 2 | AV13: 0 | AW13: 1 | AX13: 2 | AY13: 1 | AZ13: 1 | BA13: 0 | BB13: 1 | BC13: 2 | BD13: 0 | BE13: 2 | BF13: 0
A14: 13 | B14: Frida | C14: 2 | D14: 0 | E14: 1 | F14: 1 | G14: 0 | H14: 1 | I14: 0 | J14: 1 | K14: 0 | M14: 1 | N14: 0 | O14: 3 | P14: 1 | Q14: 0 | R14: 1 | S14: 1 | T14: 0 | U14: 2 | V14: 0 | W14: 2 | X14: 1 | Y14: 2 | Z14: 1 | AA14: 1 | AB14: 2 | AC14: 2 | AD14: 0
A15: 14 | B15: Isabel 1 | C15: 3 | D15: 1 | E15: 1 | F15: 1 | G15: 2 | H15: 1 | I15: 2 | J15: 2 | K15: 1 | L15: 3 | M15: 1 | N15: 2 | O15: 3 | P15: 2 | Q15: 0 | R15: 2 | S15: 1 | T15: 2 | U15: 5 | V15: 1 | W15: 2 | X15: 2 | Y15: 1 | Z15: 1 | AA15: 1 | AB15: 2 | AC15: 4 | AD15: 0
A16: 15 | B16: Isabel 2 | C16: 1 | D16: 0 | E16: 2 | F16: 0 | G16: 2 | H16: 1 | I16: 3 | J16: 1 | K16: 0 | L16: 2 | M16: 0 | N16: 3 | O16: 4 | P16: 1 | Q16: 0 | R16: 1 | S16: 1 | T16: 1 | U16: 4 | V16: 0 | W16: 2 | X16: 1 | Y16: 3 | Z16: 0 | AA16: 0 | AB16: 1 | AC16: 5 | AD16: 0
A17: 16 | B17: Javier | C17: 2 | D17: 0 | E17: 3 | F17: 1 | G17: 2 | H17: 1 | I17: 2 | J17: 1 | K17: 1 | L17: 1 | M17: 1 | N17: 2 | O17: 2 | P17: 1 | Q17: 1 | R17: 1 | S17: 1 | T17: 1 | U17: 3 | V17: 1 | W17: 2 | X17: 1 | Y17: 1 | Z17: 1 | AA17: 5 | AB17: 2 | AC17: 3 | AD17: 0
A18: 17 | B18: Jose C 1 | C18: 0 | D18: 1 | E18: 1 | F18: 1 | G18: 2 | H18: 1 | I18: 2 | J18: 2 | K18: 1 | L18: 0 | M18: 0 | N18: 2 | O18: 3 | P18: 2 | Q18: 0 | R18: 2 | S18: 1 | T18: 1 | U18: 3 | V18: 0 | W18: 2 | X18: 1 | Y18: 2 | Z18: 0 | AA18: 0 | AB18: 2 | AC18: 3 | AD18: 0
A19: 18 | B19: Jose C 2 | C19: 1 | D19: 0 | E19: 2 | F19: 1 | G19: 1 | H19: 1 | I19: 2 | J19: 2 | K19: 2 | L19: 0 | M19: 1 | N19: 2 | O19: 1 | P19: 2 | Q19: 1 | R19: 1 | S19: 2 | T19: 1 | U19: 4 | V19: 1 | X19: 2 | Y19: 1 | Z19: 0 | AB19: 3 | AC19: 5 | AD19: 1
A20: 19 | B20: Jose C Ahiza | C20: 2 | D20: 1 | E20: 2 | F20: 1 | G20: 2 | H20: 0 | I20: 3 | J20: 1 | K20: 0 | L20: 2 | M20: 1 | N20: 2 | O20: 2 | P20: 0 | Q20: 1 | R20: 2 | S20: 1 | T20: 1 | U20: 3 | V20: 0 | W20: 2 | X20: 0 | Y20: 2 | Z20: 1 | AA20: 0 | AB20: 2 | AC20: 3 | AD20: 0
A21: 20 | B21: Jose C Ana | C21: 4 | D21: 2 | E21: 3 | F21: 1 | G21: 4 | H21: 0 | I21: 1 | J21: 2 | K21: 1 | L21: 1 | M21: 2 | N21: 1 | O21: 2 | P21: 0 | Q21: 0 | R21: 2 | S21: 2 | T21: 3 | U21: 6 | V21: 0 | W21: 3 | X21: 1 | Y21: 2 | Z21: 1 | AA21: 1 | AB21: 3 | AC21: 7 | AD21: 0
A22: 21 | B22: Jose C Judith | C22: 3 | D22: 2 | E22: 2 | F22: 2 | G22: 3 | H22: 1 | I22: 3 | J22: 2 | K22: 1 | L22: 1 | M22: 2 | N22: 1 | O22: 3 | P22: 0 | Q22: 1 | R22: 2 | S22: 2 | T22: 2 | U22: 4 | V22: 0 | W22: 2 | X22: 0 | Y22: 3 | Z22: 1 | AA22: 0 | AB22: 2 | AC22: 5 | AD22: 0
A23: 22 | B23: José de León | C23: 2 | D23: 1 | E23: 2 | F23: 1 | G23: 1 | H23: 0 | I23: 3 | J23: 0 | K23: 0 | L23: 3 | M23: 2 | N23: 2 | O23: 0 | P23: 2 | Q23: 1 | R23: 2 | S23: 4 | T23: 0 | U23: 1 | V23: 1 | W23: 1 | X23: 0 | Y23: 0 | Z23: 1 | AA23: 4 | AB23: 0 | AC23: 2 | AD23: 1
A24: 23 | B24: Jovanna | C24: 5 | D24: 2 | E24: 1 | F24: 3 | G24: 0 | H24: 2 | I24: 1 | J24: 1 | K24: 0 | L24: 3 | M24: 0 | N24: 1 | O24: 3 | P24: 2 | Q24: 0 | R24: 4 | S24: 2 | T24: 1 | U24: 6 | V24: 1 | W24: 0 | X24: 2 | Y24: 3 | Z24: 1 | AA24: 1 | AB24: 0 | AC24: 2 | AD24: 0
A25: 24 | B25: Karina | C25: 3 | D25: 1 | E25: 1 | F25: 2 | G25: 2 | H25: 1 | I25: 2 | J25: 1 | K25: 1 | L25: 3 | M25: 1 | N25: 1 | O25: 3 | P25: 2 | Q25: 1 | R25: 2 | S25: 2 | T25: 2 | U25: 3 | V25: 1 | W25: 3 | X25: 1 | Y25: 2 | Z25: 1 | AA25: 1 | AB25: 3 | AC25: 5 | AD25: 1
A26: 25 | B26: Kattia 1 | C26: 2 | D26: 1 | E26: 2 | F26: 0 | G26: 3 | H26: 0 | I26: 2 | J26: 1 | K26: 0 | L26: 2 | M26: 2 | N26: 0 | O26: 2 | P26: 2 | Q26: 0 | R26: 2 | S26: 2 | T26: 1 | U26: 3 | V26: 1 | W26: 4 | X26: 0 | Y26: 2 | Z26: 0 | AA26: 1 | AB26: 3 | AC26: 3 | AD26: 1
A27: 26 | B27: Kattia 2 | C27: 2 | D27: 0 | E27: 1 | F27: 1 | G27: 2 | H27: 1 | I27: 2 | J27: 1 | K27: 0 | L27: 3 | M27: 1 | N27: 1 | O27: 3 | P27: 2 | Q27: 0 | R27: 2 | S27: 2 | T27: 2 | U27: 4 | V27: 0 | W27: 2 | X27: 2 | Y27: 2 | Z27: 0 | AA27: 0 | AB27: 2 | AC27: 3 | AD27: 0
A28: 27 | B28: Kevin | C28: 2 | D28: 0 | E28: 1 | F28: 1 | G28: 1 | H28: 2 | I28: 2 | J28: 1 | K28: 0 | L28: 2 | M28: 1 | N28: 1 | O28: 3 | P28: 1 | Q28: 0 | R28: 2 | S28: 2 | T28: 2 | U28: 4 | V28: 0 | W28: 2 | X28: 1 | Y28: 1 | Z28: 0 | AA28: 0 | AB28: 2 | AC28: 3 | AD28: 0
A29: 28 | B29: Lizka | C29: 2 | D29: 0 | E29: 1 | F29: 1 | G29: 2 | H29: 1 | I29: 2 | J29: 1 | K29: 1 | L29: 2 | M29: 1 | N29: 2 | O29: 2 | P29: 1 | Q29: 0 | R29: 2 | S29: 1 | T29: 1 | U29: 3 | V29: 1 | W29: 2 | X29: 1 | Y29: 2 | Z29: 1 | AA29: 0 | AB29: 3 | AC29: 4 | AD29: 0
A30: 29 | B30: Luis Peña | C30: 2 | D30: 0 | E30: 2 | F30: 1 | G30: 1 | H30: 0 | I30: 2 | J30: 1 | K30: 1 | L30: 3 | M30: 0 | N30: 2 | O30: 2 | P30: 1 | Q30: 0 | R30: 4 | S30: 0 | T30: 2 | U30: 4 | V30: 0 | W30: 2 | X30: 2 | Y30: 2 | Z30: 0 | AA30: 0 | AB30: 2 | AC30: 7 | AD30: 0
A31: 30 | B31: Marco R. | C31: 2 | D31: 1 | E31: 1 | F31: 1 | G31: 1 | H31: 1 | I31: 2 | J31: 1 | K31: 1 | L31: 2 | M31: 0 | N31: 1 | O31: 2 | P31: 1 | Q31: 0 | R31: 2 | S31: 1 | T31: 1 | U31: 4 | V31: 0 | W31: 1 | X31: 1 | Y31: 1 | Z31: 1 | AA31: 0 | AB31: 2 | AC31: 4 | AD31: 0
... A36: 35 | B36: Mily CF 1 | C36: 3 | D36: 1 | E36: 2 | F36: 1 | G36: 2 | H36: 2 | I36: 3 | J36: 2 | K36: 2 | L36: 3 | M36: 3 | N36: 4 | O36: 4 | P36: 4 | Q36: 1 | R36: 2 | S36: 1 | T36: 3 | U36: 3 | V36: 1 | W36: 2 | X36: 2 | Y36: 2 | Z36: 1 | AA36: 2 | AB36: 2 | AC36: 3 | AD36: 1
A37: 36 | B37: Mily CF 2 | C37: 2 | D37: 1 | E37: 2 | F37: 0 | G37: 1 | H37: 0 | I37: 2 | J37: 1 | L37: 1 | M37: 1 | N37: 2 | O37: 2 | P37: 1 | Q37: 0 | R37: 1 | S37: 2 | T37: 3 | U37: 3 | V37: 1 | W37: 2 | X37: 1 | Y37: 1 | Z37: 1 | AA37: 1 | AB37: 2 | AC37: 3 | AD37: 0 | AE37: 1 | AF37: 0 | AG37: 2 | AH37: 0 | AI37: 2 | AJ37: 1 | AK37: 0 | AL37: 2 | AM37: 2 | AN37: 0 | AO37: 1 | AP37: 0
A38: 37 | B38: Mily Oliver | C38: 2 | D38: 0 | E38: 1 | F38: 1 | G38: 2 | H38: 1 | I38: 2 | J38: 0 | K38: 0 | L38: 0 | M38: 1 | N38: 2 | O38: 2 | P38: 1 | Q38: 0 | R38: 2 | S38: 1 | T38: 1 | U38: 3 | V38: 0 | W38: 2 | X38: 1 | Y38: 1 | Z38: 0 | AA38: 1 | AB38: 2 | AC38: 3 | AD38: 0
A39: 38 | B39: Mily Zeynneth | C39: 3 | D39: 1 | E39: 2 | F39: 2 | G39: 3 | H39: 1 | I39: 3 | J39: 0 | K39: 0 | L39: 1 | M39: 2 | N39: 3 | O39: 3 | P39: 1 | Q39: 0 | S39: 1 | T39: 2 | U39: 4 | V39: 0 | W39: 3 | X39: 1 | Y39: 2 | Z39: 1 | AA39: 2 | AB39: 3 | AC39: 4 | AD39: 1
A40: 39 | B40: Nefreteri | C40: 1 | D40: 2 | E40: 3 | F40: 0 | G40: 2 | H40: 0 | I40: 1 | J40: 2 | K40: 0 | L40: 1 | M40: 2 | N40: 2 | O40: 1 | P40: 1 | Q40: 0 | R40: 2 | S40: 2 | T40: 1 | U40: 3 | V40: 0 | W40: 2 | X40: 1 | Y40: 2 | Z40: 0 | AA40: 1 | AB40: 3 | AC40: 3 | AD40: 0
A41: 40 | B41: Ninoshka | C41: 2 | D41: 1 | E41: 1 | F41: 1 | G41: 2 | H41: 0 | I41: 1 | J41: 2 | K41: 0 | L41: 2 | M41: 1 | N41: 2 | O41: 3 | P41: 1 | Q41: 0 | R41: 2 | S41: 1 | T41: 1 | U41: 4 | V41: 0 | W41: 2 | X41: 1 | Y41: 2 | Z41: 0 | AA41: 0 | AB41: 2 | AC41: 3 | AD41: 0
A42: 41 | B42: Osvaldo | C42: 2 | D42: 1 | E42: 2 | F42: 1 | G42: 2 | H42: 1 | I42: 2 | J42: 1 | K42: 1 | L42: 1 | M42: 0 | N42: 2 | O42: 3 | P42: 2 | Q42: 1 | R42: 1 | S42: 1 | T42: 3 | U42: 3 | V42: 1 | W42: 2 | X42: 0 | Y42: 3 | Z42: 1 | AA42: 0 | AB42: 1 | AC42: 4 | AD42: 0
A43: 42 | B43: Peter | C43: 2 | D43: 0 | E43: 1 | F43: 0 | G43: 1 | H43: 1 | I43: 2 | J43: 2 | K43: 0 | L43: 3 | M43: 1 | N43: 2 | O43: 1 | P43: 2 | R43: 2 | S43: 0 | T43: 2 | U43: 4 | V43: 0 | W43: 2 | X43: 2 | Y43: 2 | Z43: 0 | AA43: 1 | AB43: 3 | AC43: 3 | AD43: 0
A44: 43 | B44: Quinnie | C44: 2 | D44: 0 | E44: 1 | F44: 1 | G44: 2 | H44: 1 | I44: 1 | J44: 1 | K44: 0 | L44: 2 | M44: 1 | N44: 2 | O44: 2 | P44: 1 | Q44: 0 | R44: 2 | S44: 1 | T44: 1 | U44: 5 | V44: 0 | W44: 2 | X44: 2 | Y44: 3 | Z44: 0 | AA44: 0 | AB44: 2 | AC44: 5 | AD44: 0
A45: 44 | B45: Radames | C45: 2 | D45: 0 | E45: 0 | F45: 1 | G45: 1 | H45: 0 | I45: 2 | J45: 0 | K45: 1 | L45: 3 | M45: 2 | N45: 2 | O45: 3 | P45: 0 | Q45: 1 | R45: 2 | S45: 1 | T45: 1 | U45: 4 | V45: 0 | W45: 3 | X45: 2 | Y45: 2 | Z45: 0 | AA45: 1 | AB45: 2 | AC45: 3 | AD45: 1
A46: 45 | B46: Saul | C46: 2 | D46: 0 | E46: 1 | F46: 1 | G46: 1 | H46: 0 | I46: 2 | J46: 1 | K46: 0 | L46: 1 | M46: 1 | N46: 2 | O46: 3 | P46: 1 | Q46: 0 | R46: 2 | S46: 1 | T46: 1 | U46: 2 | V46: 0 | W46: 2 | X46: 1 | Y46: 1 | Z46: 0 | AA46: 0 | AB46: 2 | AC46: 3 | AD46: 0
A47: 46 | B47: Silvia | C47: 2 | D47: 0 | E47: 1 | F47: 1 | G47: 2 | H47: 0 | I47: 2 | J47: 1 | K47: 1 | L47: 2 | M47: 1 | N47: 1 | O47: 2 | P47: 1 | Q47: 1 | R47: 2 | S47: 1 | T47: 1 | U47: 3 | V47: 0 | W47: 2 | X47: 1 | Y47: 2 | Z47: 0 | AA47: 0 | AB47: 2 | AC47: 3 | AD47: 0
A48: 47 | B48: Walder | C48: 3 | D48: 1 | E48: 2 | F48: 2 | G48: 1 | H48: 2 | I48: 1 | J48: 0 | K48: 0 | L48: 1 | M48: 1 | N48: 2 | O48: 2 | P48: 2 | Q48: 0 | R48: 3 | S48: 1 | T48: 1 | U48: 4 | V48: 0 | W48: 2 | X48: 1 | Y48: 3 | Z48: 1 | AA48: 0 | AB48: 3 | AC48: 8 | AD48: 0
A49: 48 | B49: Waldo | C49: 2 | D49: 0 | E49: 1 | F49: 1 | G49: 2 | H49: 1 | I49: 1 | J49: 1 | K49: 1 | L49: 2 | M49: 1 | N49: 2 | O49: 1 | P49: 2 | Q49: 0 | R49: 3 | S49: 2 | T49: 1 | U49: 4 | V49: 0 | W49: 2 | X49: 2 | Y49: 2 | Z49: 1 | AA49: 0 | AB49: 2 | AC49: 3 | AD49: 0

Sheet Partidos
A1: N° | B1: Fecha | C1: Hora ET | D1: Fase | E1: Grupo | F1: Local | G1: Visitante | H1: Goles Local | I1: Goles Visitante | J1: Ganador/Clasifica | K1: Sede | L1: Local código | M1: Visitante código | N1: Local posición | O1: Visitante posición | P1: Fuente/Nota | Q1: Nota
A2: 1 | B2: 46184 | C2: 15:00 | D2: Grupo | E2: A | F2: México | G2: Sudáfrica | J2: =IF(OR(H2="",I2=""),"",IF(H2>I2,F2,IF(I2>H2,G2,"Empate"))) | K2: Mexico City | L2: MEX | M2: RSA | N2: A1 | O2: A2 | P2: FIFA/CBS | Q2: Eliminatorias: si una posición aún no está definida, F/G muestran la llave (1A, 2B, 3A/B/C..., W74, L101). Un grupo solo clasifica cuando sus 4 equipos tienen al menos 1 partido con marcador.
A3: 2 | B3: 46184 | C3: 22:00 | D3: Grupo | E3: A | F3: Corea República | G3: Chequia | J3: =IF(OR(H3="",I3=""),"",IF(H3>I3,F3,IF(I3>H3,G3,"Empate"))) | K3: Guadalajara | L3: KOR | M3: CZE | N3: A3 | O3: A4 | P3: FIFA/CBS
A4: 3 | B4: 46185 | C4: 15:00 | D4: Grupo | E4: B | F4: Canadá | G4: Bosnia y Herzegovina | J4: =IF(OR(H4="",I4=""),"",IF(H4>I4,F4,IF(I4>H4,G4,"Empate"))) | K4: Toronto | L4: CAN | M4: BIH | N4: B1 | O4: B2 | P4: FIFA/CBS
A5: 4 | B5: 46185 | C5: 21:00 | D5: Grupo | E5: D | F5: Estados Unidos | G5: Paraguay | J5: =IF(OR(H5="",I5=""),"",IF(H5>I5,F5,IF(I5>H5,G5,"Empate"))) | K5: Los Angeles | L5: USA | M5: PAR | N5: D1 | O5: D2 | P5: FIFA/CBS
A6: 5 | B6: 46186 | C6: 21:00 | D6: Grupo | E6: C | F6: Haití | G6: Escocia | J6: =IF(OR(H6="",I6=""),"",IF(H6>I6,F6,IF(I6>H6,G6,"Empate"))) | K6: Boston | L6: HAI | M6: SCO | N6: C3 | O6: C4 | P6: FIFA/CBS
A7: 6 | B7: 46186 | C7: 00:00 | D7: Grupo | E7: D | F7: Australia | G7: Türkiye | J7: =IF(OR(H7="",I7=""),"",IF(H7>I7,F7,IF(I7>H7,G7,"Empate"))) | K7: Vancouver | L7: AUS | M7: TUR | N7: D3 | O7: D4 | P7: FIFA/CBS
A8: 7 | B8: 46186 | C8: 18:00 | D8: Grupo | E8: C | F8: Brasil | G8: Marruecos | J8: =IF(OR(H8="",I8=""),"",IF(H8>I8,F8,IF(I8>H8,G8,"Empate"))) | K8: New York New Jersey | L8: BRA | M8: MAR | N8: C1 | O8: C2 | P8: FIFA/CBS
A9: 8 | B9: 46186 | C9: 15:00 | D9: Grupo | E9: B | F9: Qatar | G9: Suiza | J9: =IF(OR(H9="",I9=""),"",IF(H9>I9,F9,IF(I9>H9,G9,"Empate"))) | K9: San Francisco Bay Area | L9: QAT | M9: SUI | N9: B3 | O9: B4 | P9: FIFA/CBS
A10: 9 | B10: 46187 | C10: 19:00 | D10: Grupo | E10: E | F10: Costa de Marfil | G10: Ecuador | J10: =IF(OR(H10="",I10=""),"",IF(H10>I10,F10,IF(I10>H10,G10,"Empate"))) | K10: Philadelphia | L10: CIV | M10: ECU | N10: E3 | O10: E4 | P10: FIFA/CBS
A11: 10 | B11: 46187 | C11: 13:00 | D11: Grupo | E11: E | F11: Alemania | G11: Curazao | J11: =IF(OR(H11="",I11=""),"",IF(H11>I11,F11,IF(I11>H11,G11,"Empate"))) | K11: Houston | L11: GER | M11: CUW | N11: E1 | O11: E2 | P11: FIFA/CBS
A12: 11 | B12: 46187 | C12: 16:00 | D12: Grupo | E12: F | F12: Países Bajos | G12: Japón | J12: =IF(OR(H12="",I12=""),"",IF(H12>I12,F12,IF(I12>H12,G12,"Empate"))) | K12: Dallas | L12: NED | M12: JPN | N12: F1 | O12: F2 | P12: FIFA/CBS
A13: 12 | B13: 46187 | C13: 22:00 | D13: Grupo | E13: F | F13: Suecia | G13: Túnez | J13: =IF(OR(H13="",I13=""),"",IF(H13>I13,F13,IF(I13>H13,G13,"Empate"))) | K13: Monterrey | L13: SWE | M13: TUN | N13: F3 | O13: F4 | P13: FIFA/CBS
A14: 13 | B14: 46188 | C14: 18:00 | D14: Grupo | E14: H | F14: Arabia Saudita | G14: Uruguay | J14: =IF(OR(H14="",I14=""),"",IF(H14>I14,F14,IF(I14>H14,G14,"Empate"))) | K14: Miami | L14: KSA | M14: URU | N14: H3 | O14: H4 | P14: FIFA/CBS
... A73: 72 | B73: 46200 | C73: 19:30 | D73: Grupo | E73: K | F73: RD Congo | G73: Uzbekistán | J73: =IF(OR(H73="",I73=""),"",IF(H73>I73,F73,IF(I73>H73,G73,"Empate"))) | K73: Atlanta | L73: COD | M73: UZB | N73: K2 | O73: K3 | P73: FIFA/CBS
A74: 73 | B74: 46201 | C74: 15:00 | D74: Ronda de 32 | F74: =IF(N74="","",IF(LEFT(N74,1)="3",IFERROR(IF(VLOOKUP($A74&"L",Asignacion_3ros!$A$2:$G$9,6,FALSE)="",N74,VLOOKUP($A74&"L",Asignacion_3ros!$A$2:$G$9,6,FALSE)),N74),IF(LEFT(N74,1)="W",IFERROR(IF(INDEX($J$2:$J$73,MATCH(VALUE(MID(N74,2,3)),$A$2:$A$73,0))="",N74,INDEX($J$2:$J$73,MATCH(VALUE(MID(N74,2,3)),$A$2:$A$73,0))),N74),IF(LEFT(N74,1)="L",IFERROR(IF(INDEX($J$2:$J$73,MATCH(VALUE(MID(N74,2,3)),$A$2:$A$73,0))=INDEX($F$2:$F$73,MATCH(VALUE(MID(N74,2,3)),$A$2:$A$73,0)),INDEX($G$2:$G$73,MATCH(VALUE(MID(N74,2,3)),$A$2:$A$73,0)),IF(INDEX($J$2:$J$73,MATCH(VALUE(MID(N74,2,3)),$A$2:$A$73,0))=INDEX($G$2:$G$73,MATCH(VALUE(MID(N74,2,3)),$A$2:$A$73,0)),INDEX($F$2:$F$73,MATCH(VALUE(MID(N74,2,3)),$A$2:$A$73,0)),N74)),N74),IFERROR(IF(VLOOKUP(RIGHT(N74,1)&LEFT(N74,1),Clasificacion!$O$2:$Q$49,2,FALSE)="",N74,VLOOKUP(RIGHT(N74,1)&LEFT(N74,1),Clasificacion!$O$2:$Q$49,2,FALSE)),N74))))) -> 2A | G74: =IF(O74="","",IF(LEFT(O74,1)="3",IFERROR(IF(VLOOKUP($A74&"V",Asignacion_3ros!$A$2:$G$9,6,FALSE)="",O74,VLOOKUP($A74&"V",Asignacion_3ros!$A$2:$G$9,6,FALSE)),O74),IF(LEFT(O74,1)="W",IFERROR(IF(INDEX($J$2:$J$73,MATCH(VALUE(MID(O74,2,3)),$A$2:$A$73,0))="",O74,INDEX($J$2:$J$73,MATCH(VALUE(MID(O74,2,3)),$A$2:$A$73,0))),O74),IF(LEFT(O74,1)="L",IFERROR(IF(INDEX($J$2:$J$73,MATCH(VALUE(MID(O74,2,3)),$A$2:$A$73,0))=INDEX($F$2:$F$73,MATCH(VALUE(MID(O74,2,3)),$A$2:$A$73,0)),INDEX($G$2:$G$73,MATCH(VALUE(MID(O74,2,3)),$A$2:$A$73,0)),IF(INDEX($J$2:$J$73,MATCH(VALUE(MID(O74,2,3)),$A$2:$A$73,0))=INDEX($G$2:$G$73,MATCH(VALUE(MID(O74,2,3)),$A$2:$A$73,0)),INDEX($F$2:$F$73,MATCH(VALUE(MID(O74,2,3)),$A$2:$A$73,0)),O74)),O74),IFERROR(IF(VLOOKUP(RIGHT(O74,1)&LEFT(O74,1),Clasificacion!$O$2:$Q$49,2,FALSE)="",O74,VLOOKUP(RIGHT(O74,1)&LEFT(O74,1),Clasificacion!$O$2:$Q$49,2,FALSE)),O74))))) -> 2B | J74: =IF(OR(H74="",I74=""),"",IF(H74>I74,F74,IF(I74>H74,G74,"Empate"))) | K74: Los Angeles | L74: =IF(N74="","",IF(LEFT(N74,1)="3",IFERROR(IF(VLOOKUP($A74&"L",Asignacion_3ros!$A$2:$G$9,7,FALSE)="",N74,VLOOKUP($A74&"L",Asignacion_3ros!$A$2:$G$9,7,FALSE)),N74),IF(LEFT(N74,1)="W",IFERROR(IF(INDEX($J$2:$J$73,MATCH(VALUE(MID(N74,2,3)),$A$2:$A$73,0))=INDEX($F$2:$F$73,MATCH(VALUE(MID(N74,2,3)),$A$2:$A$73,0)),INDEX($L$2:$L$73,MATCH(VALUE(MID(N74,2,3)),$A$2:$A$73,0)),IF(INDEX($J$2:$J$73,MATCH(VALUE(MID(N74,2,3)),$A$2:$A$73,0))=INDEX($G$2:$G$73,MATCH(VALUE(MID(N74,2,3)),$A$2:$A$73,0)),INDEX($M$2:$M$73,MATCH(VALUE(MID(N74,2,3)),$A$2:$A$73,0)),N74)),N74),IF(LEFT(N74,1)="L",IFERROR(IF(INDEX($J$2:$J$73,MATCH(VALUE(MID(N74,2,3)),$A$2:$A$73,0))=INDEX($F$2:$F$73,MATCH(VALUE(MID(N74,2,3)),$A$2:$A$73,0)),INDEX($M$2:$M$73,MATCH(VALUE(MID(N74,2,3)),$A$2:$A$73,0)),IF(INDEX($J$2:$J$73,MATCH(VALUE(MID(N74,2,3)),$A$2:$A$73,0))=INDEX($G$2:$G$73,MATCH(VALUE(MID(N74,2,3)),$A$2:$A$73,0)),INDEX($L$2:$L$73,MATCH(VALUE(MID(N74,2,3)),$A$2:$A$73,0)),N74)),N74),IFERROR(IF(VLOOKUP(RIGHT(N74,1)&LEFT(N74,1),Clasificacion!$O$2:$Q$49,3,FALSE)="",N74,VLOOKUP(RIGHT(N74,1)&LEFT(N74,1),Clasificacion!$O$2:$Q$49,3,FALSE)),N74))))) -> 2A | M74: =IF(O74="","",IF(LEFT(O74,1)="3",IFERROR(IF(VLOOKUP($A74&"V",Asignacion_3ros!$A$2:$G$9,7,FALSE)="",O74,VLOOKUP($A74&"V",Asignacion_3ros!$A$2:$G$9,7,FALSE)),O74),IF(LEFT(O74,1)="W",IFERROR(IF(INDEX($J$2:$J$73,MATCH(VALUE(MID(O74,2,3)),$A$2:$A$73,0))=INDEX($F$2:$F$73,MATCH(VALUE(MID(O74,2,3)),$A$2:$A$73,0)),INDEX($L$2:$L$73,MATCH(VALUE(MID(O74,2,3)),$A$2:$A$73,0)),IF(INDEX($J$2:$J$73,MATCH(VALUE(MID(O74,2,3)),$A$2:$A$73,0))=INDEX($G$2:$G$73,MATCH(VALUE(MID(O74,2,3)),$A$2:$A$73,0)),INDEX($M$2:$M$73,MATCH(VALUE(MID(O74,2,3)),$A$2:$A$73,0)),O74)),O74),IF(LEFT(O74,1)="L",IFERROR(IF(INDEX($J$2:$J$73,MATCH(VALUE(MID(O74,2,3)),$A$2:$A$73,0))=INDEX($F$2:$F$73,MATCH(VALUE(MID(O74,2,3)),$A$2:$A$73,0)),INDEX($M$2:$M$73,MATCH(VALUE(MID(O74,2,3)),$A$2:$A$73,0)),IF(INDEX($J$2:$J$73,MATCH(VALUE(MID(O74,2,3)),$A$2:$A$73,0))=INDEX($G$2:$G$73,MATCH(VALUE(MID(O74,2,3)),$A$2:$A$73,0)),INDEX($L$2:$L$73,MATCH(VALUE(MID(O74,2,3)),$A$2:$A$73,0)),O74)),O74),IFERROR(IF(VLOOKUP(RIGHT(O74,1)&LEFT(O74,1),Clasificacion!$O$2:$Q$49,3,FALSE)="",O74,VLOOKUP(RIGHT(O74,1)&LEFT(O74,1),Clasificacion!$O$2:$Q$49,3,FALSE)),O74))))) -> 2B | N74: 2A | O74: 2B | P74: FIFA/CBS
A75: 74 | B75: 46201 | C75: 16:30 | D75: Ronda de 32 | F75: =IF(N75="","",IF(LEFT(N75,1)="3",IFERROR(IF(VLOOKUP($A75&"L",Asignacion_3ros!$A$2:$G$9,6,FALSE)="",N75,VLOOKUP($A75&"L",Asignacion_3ros!$A$2:$G$9,6,FALSE)),N75),IF(LEFT(N75,1)="W",IFERROR(IF(INDEX($J$2:$J$74,MATCH(VALUE(MID(N75,2,3)),$A$2:$A$74,0))="",N75,INDEX($J$2:$J$74,MATCH(VALUE(MID(N75,2,3)),$A$2:$A$74,0))),N75),IF(LEFT(N75,1)="L",IFERROR(IF(INDEX($J$2:$J$74,MATCH(VALUE(MID(N75,2,3)),$A$2:$A$74,0))=INDEX($F$2:$F$74,MATCH(VALUE(MID(N75,2,3)),$A$2:$A$74,0)),INDEX($G$2:$G$74,MATCH(VALUE(MID(N75,2,3)),$A$2:$A$74,0)),IF(INDEX($J$2:$J$74,MATCH(VALUE(MID(N75,2,3)),$A$2:$A$74,0))=INDEX($G$2:$G$74,MATCH(VALUE(MID(N75,2,3)),$A$2:$A$74,0)),INDEX($F$2:$F$74,MATCH(VALUE(MID(N75,2,3)),$A$2:$A$74,0)),N75)),N75),IFERROR(IF(VLOOKUP(RIGHT(N75,1)&LEFT(N75,1),Clasificacion!$O$2:$Q$49,2,FALSE)="",N75,VLOOKUP(RIGHT(N75,1)&LEFT(N75,1),Clasificacion!$O$2:$Q$49,2,FALSE)),N75))))) -> 1E | G75: =IF(O75="","",IF(LEFT(O75,1)="3",IFERROR(IF(VLOOKUP($A75&"V",Asignacion_3ros!$A$2:$G$9,6,FALSE)="",O75,VLOOKUP($A75&"V",Asignacion_3ros!$A$2:$G$9,6,FALSE)),O75),IF(LEFT(O75,1)="W",IFERROR(IF(INDEX($J$2:$J$74,MATCH(VALUE(MID(O75,2,3)),$A$2:$A$74,0))="",O75,INDEX($J$2:$J$74,MATCH(VALUE(MID(O75,2,3)),$A$2:$A$74,0))),O75),IF(LEFT(O75,1)="L",IFERROR(IF(INDEX($J$2:$J$74,MATCH(VALUE(MID(O75,2,3)),$A$2:$A$74,0))=INDEX($F$2:$F$74,MATCH(VALUE(MID(O75,2,3)),$A$2:$A$74,0)),INDEX($G$2:$G$74,MATCH(VALUE(MID(O75,2,3)),$A$2:$A$74,0)),IF(INDEX($J$2:$J$74,MATCH(VALUE(MID(O75,2,3)),$A$2:$A$74,0))=INDEX($G$2:$G$74,MATCH(VALUE(MID(O75,2,3)),$A$2:$A$74,0)),INDEX($F$2:$F$74,MATCH(VALUE(MID(O75,2,3)),$A$2:$A$74,0)),O75)),O75),IFERROR(IF(VLOOKUP(RIGHT(O75,1)&LEFT(O75,1),Clasificacion!$O$2:$Q$49,2,FALSE)="",O75,VLOOKUP(RIGHT(O75,1)&LEFT(O75,1),Clasificacion!$O$2:$Q$49,2,FALSE)),O75))))) -> Corea República | J75: =IF(OR(H75="",I75=""),"",IF(H75>I75,F75,IF(I75>H75,G75,"Empate"))) | K75: Boston | L75: =IF(N75="","",IF(LEFT(N75,1)="3",IFERROR(IF(VLOOKUP($A75&"L",Asignacion_3ros!$A$2:$G$9,7,FALSE)="",N75,VLOOKUP($A75&"L",Asignacion_3ros!$A$2:$G$9,7,FALSE)),N75),IF(LEFT(N75,1)="W",IFERROR(IF(INDEX($J$2:$J$74,MATCH(VALUE(MID(N75,2,3)),$A$2:$A$74,0))=INDEX($F$2:$F$74,MATCH(VALUE(MID(N75,2,3)),$A$2:$A$74,0)),INDEX($L$2:$L$74,MATCH(VALUE(MID(N75,2,3)),$A$2:$A$74,0)),IF(INDEX($J$2:$J$74,MATCH(VALUE(MID(N75,2,3)),$A$2:$A$74,0))=INDEX($G$2:$G$74,MATCH(VALUE(MID(N75,2,3)),$A$2:$A$74,0)),INDEX($M$2:$M$74,MATCH(VALUE(MID(N75,2,3)),$A$2:$A$74,0)),N75)),N75),IF(LEFT(N75,1)="L",IFERROR(IF(INDEX($J$2:$J$74,MATCH(VALUE(MID(N75,2,3)),$A$2:$A$74,0))=INDEX($F$2:$F$74,MATCH(VALUE(MID(N75,2,3)),$A$2:$A$74,0)),INDEX($M$2:$M$74,MATCH(VALUE(MID(N75,2,3)),$A$2:$A$74,0)),IF(INDEX($J$2:$J$74,MATCH(VALUE(MID(N75,2,3)),$A$2:$A$74,0))=INDEX($G$2:$G$74,MATCH(VALUE(MID(N75,2,3)),$A$2:$A$74,0)),INDEX($L$2:$L$74,MATCH(VALUE(MID(N75,2,3)),$A$2:$A$74,0)),N75)),N75),IFERROR(IF(VLOOKUP(RIGHT(N75,1)&LEFT(N75,1),Clasificacion!$O$2:$Q$49,3,FALSE)="",N75,VLOOKUP(RIGHT(N75,1)&LEFT(N75,1),Clasificacion!$O$2:$Q$49,3,FALSE)),N75))))) -> 1E | M75: =IF(O75="","",IF(LEFT(O75,1)="3",IFERROR(IF(VLOOKUP($A75&"V",Asignacion_3ros!$A$2:$G$9,7,FALSE)="",O75,VLOOKUP($A75&"V",Asignacion_3ros!$A$2:$G$9,7,FALSE)),O75),IF(LEFT(O75,1)="W",IFERROR(IF(INDEX($J$2:$J$74,MATCH(VALUE(MID(O75,2,3)),$A$2:$A$74,0))=INDEX($F$2:$F$74,MATCH(VALUE(MID(O75,2,3)),$A$2:$A$74,0)),INDEX($L$2:$L$74,MATCH(VALUE(MID(O75,2,3)),$A$2:$A$74,0)),IF(INDEX($J$2:$J$74,MATCH(VALUE(MID(O75,2,3)),$A$2:$A$74,0))=INDEX($G$2:$G$74,MATCH(VALUE(MID(O75,2,3)),$A$2:$A$74,0)),INDEX($M$2:$M$74,MATCH(VALUE(MID(O75,2,3)),$A$2:$A$74,0)),O75)),O75),IF(LEFT(O75,1)="L",IFERROR(IF(INDEX($J$2:$J$74,MATCH(VALUE(MID(O75,2,3)),$A$2:$A$74,0))=INDEX($F$2:$F$74,MATCH(VALUE(MID(O75,2,3)),$A$2:$A$74,0)),INDEX($M$2:$M$74,MATCH(VALUE(MID(O75,2,3)),$A$2:$A$74,0)),IF(INDEX($J$2:$J$74,MATCH(VALUE(MID(O75,2,3)),$A$2:$A$74,0))=INDEX($G$2:$G$74,MATCH(VALUE(MID(O75,2,3)),$A$2:$A$74,0)),INDEX($L$2:$L$74,MATCH(VALUE(MID(O75,2,3)),$A$2:$A$74,0)),O75)),O75),IFERROR(IF(VLOOKUP(RIGHT(O75,1)&LEFT(O75,1),Clasificacion!$O$2:$Q$49,3,FALSE)="",O75,VLOOKUP(RIGHT(O75,1)&LEFT(O75,1),Clasificacion!$O$2:$Q$49,3,FALSE)),O75))))) -> KOR | N75: 1E | O75: 3A/B/C/D/F | P75: FIFA/CBS
A76: 75 | B76: 46202 | C76: 21:00 | D76: Ronda de 32 | F76: =IF(N76="","",IF(LEFT(N76,1)="3",IFERROR(IF(VLOOKUP($A76&"L",Asignacion_3ros!$A$2:$G$9,6,FALSE)="",N76,VLOOKUP($A76&"L",Asignacion_3ros!$A$2:$G$9,6,FALSE)),N76),IF(LEFT(N76,1)="W",IFERROR(IF(INDEX($J$2:$J$75,MATCH(VALUE(MID(N76,2,3)),$A$2:$A$75,0))="",N76,INDEX($J$2:$J$75,MATCH(VALUE(MID(N76,2,3)),$A$2:$A$75,0))),N76),IF(LEFT(N76,1)="L",IFERROR(IF(INDEX($J$2:$J$75,MATCH(VALUE(MID(N76,2,3)),$A$2:$A$75,0))=INDEX($F$2:$F$75,MATCH(VALUE(MID(N76,2,3)),$A$2:$A$75,0)),INDEX($G$2:$G$75,MATCH(VALUE(MID(N76,2,3)),$A$2:$A$75,0)),IF(INDEX($J$2:$J$75,MATCH(VALUE(MID(N76,2,3)),$A$2:$A$75,0))=INDEX($G$2:$G$75,MATCH(VALUE(MID(N76,2,3)),$A$2:$A$75,0)),INDEX($F$2:$F$75,MATCH(VALUE(MID(N76,2,3)),$A$2:$A$75,0)),N76)),N76),IFERROR(IF(VLOOKUP(RIGHT(N76,1)&LEFT(N76,1),Clasificacion!$O$2:$Q$49,2,FALSE)="",N76,VLOOKUP(RIGHT(N76,1)&LEFT(N76,1),Clasificacion!$O$2:$Q$49,2,FALSE)),N76))))) -> 1F | G76: =IF(O76="","",IF(LEFT(O76,1)="3",IFERROR(IF(VLOOKUP($A76&"V",Asignacion_3ros!$A$2:$G$9,6,FALSE)="",O76,VLOOKUP($A76&"V",Asignacion_3ros!$A$2:$G$9,6,FALSE)),O76),IF(LEFT(O76,1)="W",IFERROR(IF(INDEX($J$2:$J$75,MATCH(VALUE(MID(O76,2,3)),$A$2:$A$75,0))="",O76,INDEX($J$2:$J$75,MATCH(VALUE(MID(O76,2,3)),$A$2:$A$75,0))),O76),IF(LEFT(O76,1)="L",IFERROR(IF(INDEX($J$2:$J$75,MATCH(VALUE(MID(O76,2,3)),$A$2:$A$75,0))=INDEX($F$2:$F$75,MATCH(VALUE(MID(O76,2,3)),$A$2:$A$75,0)),INDEX($G$2:$G$75,MATCH(VALUE(MID(O76,2,3)),$A$2:$A$75,0)),IF(INDEX($J$2:$J$75,MATCH(VALUE(MID(O76,2,3)),$A$2:$A$75,0))=INDEX($G$2:$G$75,MATCH(VALUE(MID(O76,2,3)),$A$2:$A$75,0)),INDEX($F$2:$F$75,MATCH(VALUE(MID(O76,2,3)),$A$2:$A$75,0)),O76)),O76),IFERROR(IF(VLOOKUP(RIGHT(O76,1)&LEFT(O76,1),Clasificacion!$O$2:$Q$49,2,FALSE)="",O76,VLOOKUP(RIGHT(O76,1)&LEFT(O76,1),Clasificacion!$O$2:$Q$49,2,FALSE)),O76))))) -> 2C | J76: =IF(OR(H76="",I76=""),"",IF(H76>I76,F76,IF(I76>H76,G76,"Empate"))) | K76: Monterrey | L76: =IF(N76="","",IF(LEFT(N76,1)="3",IFERROR(IF(VLOOKUP($A76&"L",Asignacion_3ros!$A$2:$G$9,7,FALSE)="",N76,VLOOKUP($A76&"L",Asignacion_3ros!$A$2:$G$9,7,FALSE)),N76),IF(LEFT(N76,1)="W",IFERROR(IF(INDEX($J$2:$J$75,MATCH(VALUE(MID(N76,2,3)),$A$2:$A$75,0))=INDEX($F$2:$F$75,MATCH(VALUE(MID(N76,2,3)),$A$2:$A$75,0)),INDEX($L$2:$L$75,MATCH(VALUE(MID(N76,2,3)),$A$2:$A$75,0)),IF(INDEX($J$2:$J$75,MATCH(VALUE(MID(N76,2,3)),$A$2:$A$75,0))=INDEX($G$2:$G$75,MATCH(VALUE(MID(N76,2,3)),$A$2:$A$75,0)),INDEX($M$2:$M$75,MATCH(VALUE(MID(N76,2,3)),$A$2:$A$75,0)),N76)),N76),IF(LEFT(N76,1)="L",IFERROR(IF(INDEX($J$2:$J$75,MATCH(VALUE(MID(N76,2,3)),$A$2:$A$75,0))=INDEX($F$2:$F$75,MATCH(VALUE(MID(N76,2,3)),$A$2:$A$75,0)),INDEX($M$2:$M$75,MATCH(VALUE(MID(N76,2,3)),$A$2:$A$75,0)),IF(INDEX($J$2:$J$75,MATCH(VALUE(MID(N76,2,3)),$A$2:$A$75,0))=INDEX($G$2:$G$75,MATCH(VALUE(MID(N76,2,3)),$A$2:$A$75,0)),INDEX($L$2:$L$75,MATCH(VALUE(MID(N76,2,3)),$A$2:$A$75,0)),N76)),N76),IFERROR(IF(VLOOKUP(RIGHT(N76,1)&LEFT(N76,1),Clasificacion!$O$2:$Q$49,3,FALSE)="",N76,VLOOKUP(RIGHT(N76,1)&LEFT(N76,1),Clasificacion!$O$2:$Q$49,3,FALSE)),N76))))) -> 1F | M76: =IF(O76="","",IF(LEFT(O76,1)="3",IFERROR(IF(VLOOKUP($A76&"V",Asignacion_3ros!$A$2:$G$9,7,FALSE)="",O76,VLOOKUP($A76&"V",Asignacion_3ros!$A$2:$G$9,7,FALSE)),O76),IF(LEFT(O76,1)="W",IFERROR(IF(INDEX($J$2:$J$75,MATCH(VALUE(MID(O76,2,3)),$A$2:$A$75,0))=INDEX($F$2:$F$75,MATCH(VALUE(MID(O76,2,3)),$A$2:$A$75,0)),INDEX($L$2:$L$75,MATCH(VALUE(MID(O76,2,3)),$A$2:$A$75,0)),IF(INDEX($J$2:$J$75,MATCH(VALUE(MID(O76,2,3)),$A$2:$A$75,0))=INDEX($G$2:$G$75,MATCH(VALUE(MID(O76,2,3)),$A$2:$A$75,0)),INDEX($M$2:$M$75,MATCH(VALUE(MID(O76,2,3)),$A$2:$A$75,0)),O76)),O76),IF(LEFT(O76,1)="L",IFERROR(IF(INDEX($J$2:$J$75,MATCH(VALUE(MID(O76,2,3)),$A$2:$A$75,0))=INDEX($F$2:$F$75,MATCH(VALUE(MID(O76,2,3)),$A$2:$A$75,0)),INDEX($M$2:$M$75,MATCH(VALUE(MID(O76,2,3)),$A$2:$A$75,0)),IF(INDEX($J$2:$J$75,MATCH(VALUE(MID(O76,2,3)),$A$2:$A$75,0))=INDEX($G$2:$G$75,MATCH(VALUE(MID(O76,2,3)),$A$2:$A$75,0)),INDEX($L$2:$L$75,MATCH(VALUE(MID(O76,2,3)),$A$2:$A$75,0)),O76)),O76),IFERROR(IF(VLOOKUP(RIGHT(O76,1)&LEFT(O76,1),Clasificacion!$O$2:$Q$49,3,FALSE)="",O76,VLOOKUP(RIGHT(O76,1)&LEFT(O76,1),Clasificacion!$O$2:$Q$49,3,FALSE)),O76))))) -> 2C | N76: 1F | O76: 2C | P76: FIFA/CBS
A77: 76 | B77: 46202 | C77: 13:00 | D77: Ronda de 32 | F77: =IF(N77="","",IF(LEFT(N77,1)="3",IFERROR(IF(VLOOKUP($A77&"L",Asignacion_3ros!$A$2:$G$9,6,FALSE)="",N77,VLOOKUP($A77&"L",Asignacion_3ros!$A$2:$G$9,6,FALSE)),N77),IF(LEFT(N77,1)="W",IFERROR(IF(INDEX($J$2:$J$76,MATCH(VALUE(MID(N77,2,3)),$A$2:$A$76,0))="",N77,INDEX($J$2:$J$76,MATCH(VALUE(MID(N77,2,3)),$A$2:$A$76,0))),N77),IF(LEFT(N77,1)="L",IFERROR(IF(INDEX($J$2:$J$76,MATCH(VALUE(MID(N77,2,3)),$A$2:$A$76,0))=INDEX($F$2:$F$76,MATCH(VALUE(MID(N77,2,3)),$A$2:$A$76,0)),INDEX($G$2:$G$76,MATCH(VALUE(MID(N77,2,3)),$A$2:$A$76,0)),IF(INDEX($J$2:$J$76,MATCH(VALUE(MID(N77,2,3)),$A$2:$A$76,0))=INDEX($G$2:$G$76,MATCH(VALUE(MID(N77,2,3)),$A$2:$A$76,0)),INDEX($F$2:$F$76,MATCH(VALUE(MID(N77,2,3)),$A$2:$A$76,0)),N77)),N77),IFERROR(IF(VLOOKUP(RIGHT(N77,1)&LEFT(N77,1),Clasificacion!$O$2:$Q$49,2,FALSE)="",N77,VLOOKUP(RIGHT(N77,1)&LEFT(N77,1),Clasificacion!$O$2:$Q$49,2,FALSE)),N77))))) -> 1C | G77: =IF(O77="","",IF(LEFT(O77,1)="3",IFERROR(IF(VLOOKUP($A77&"V",Asignacion_3ros!$A$2:$G$9,6,FALSE)="",O77,VLOOKUP($A77&"V",Asignacion_3ros!$A$2:$G$9,6,FALSE)),O77),IF(LEFT(O77,1)="W",IFERROR(IF(INDEX($J$2:$J$76,MATCH(VALUE(MID(O77,2,3)),$A$2:$A$76,0))="",O77,INDEX($J$2:$J$76,MATCH(VALUE(MID(O77,2,3)),$A$2:$A$76,0))),O77),IF(LEFT(O77,1)="L",IFERROR(IF(INDEX($J$2:$J$76,MATCH(VALUE(MID(O77,2,3)),$A$2:$A$76,0))=INDEX($F$2:$F$76,MATCH(VALUE(MID(O77,2,3)),$A$2:$A$76,0)),INDEX($G$2:$G$76,MATCH(VALUE(MID(O77,2,3)),$A$2:$A$76,0)),IF(INDEX($J$2:$J$76,MATCH(VALUE(MID(O77,2,3)),$A$2:$A$76,0))=INDEX($G$2:$G$76,MATCH(VALUE(MID(O77,2,3)),$A$2:$A$76,0)),INDEX($F$2:$F$76,MATCH(VALUE(MID(O77,2,3)),$A$2:$A$76,0)),O77)),O77),IFERROR(IF(VLOOKUP(RIGHT(O77,1)&LEFT(O77,1),Clasificacion!$O$2:$Q$49,2,FALSE)="",O77,VLOOKUP(RIGHT(O77,1)&LEFT(O77,1),Clasificacion!$O$2:$Q$49,2,FALSE)),O77))))) -> 2F | J77: =IF(OR(H77="",I77=""),"",IF(H77>I77,F77,IF(I77>H77,G77,"Empate"))) | K77: Houston | L77: =IF(N77="","",IF(LEFT(N77,1)="3",IFERROR(IF(VLOOKUP($A77&"L",Asignacion_3ros!$A$2:$G$9,7,FALSE)="",N77,VLOOKUP($A77&"L",Asignacion_3ros!$A$2:$G$9,7,FALSE)),N77),IF(LEFT(N77,1)="W",IFERROR(IF(INDEX($J$2:$J$76,MATCH(VALUE(MID(N77,2,3)),$A$2:$A$76,0))=INDEX($F$2:$F$76,MATCH(VALUE(MID(N77,2,3)),$A$2:$A$76,0)),INDEX($L$2:$L$76,MATCH(VALUE(MID(N77,2,3)),$A$2:$A$76,0)),IF(INDEX($J$2:$J$76,MATCH(VALUE(MID(N77,2,3)),$A$2:$A$76,0))=INDEX($G$2:$G$76,MATCH(VALUE(MID(N77,2,3)),$A$2:$A$76,0)),INDEX($M$2:$M$76,MATCH(VALUE(MID(N77,2,3)),$A$2:$A$76,0)),N77)),N77),IF(LEFT(N77,1)="L",IFERROR(IF(INDEX($J$2:$J$76,MATCH(VALUE(MID(N77,2,3)),$A$2:$A$76,0))=INDEX($F$2:$F$76,MATCH(VALUE(MID(N77,2,3)),$A$2:$A$76,0)),INDEX($M$2:$M$76,MATCH(VALUE(MID(N77,2,3)),$A$2:$A$76,0)),IF(INDEX($J$2:$J$76,MATCH(VALUE(MID(N77,2,3)),$A$2:$A$76,0))=INDEX($G$2:$G$76,MATCH(VALUE(MID(N77,2,3)),$A$2:$A$76,0)),INDEX($L$2:$L$76,MATCH(VALUE(MID(N77,2,3)),$A$2:$A$76,0)),N77)),N77),IFERROR(IF(VLOOKUP(RIGHT(N77,1)&LEFT(N77,1),Clasificacion!$O$2:$Q$49,3,FALSE)="",N77,VLOOKUP(RIGHT(N77,1)&LEFT(N77,1),Clasificacion!$O$2:$Q$49,3,FALSE)),N77))))) -> 1C | M77: =IF(O77="","",IF(LEFT(O77,1)="3",IFERROR(IF(VLOOKUP($A77&"V",Asignacion_3ros!$A$2:$G$9,7,FALSE)="",O77,VLOOKUP($A77&"V",Asignacion_3ros!$A$2:$G$9,7,FALSE)),O77),IF(LEFT(O77,1)="W",IFERROR(IF(INDEX($J$2:$J$76,MATCH(VALUE(MID(O77,2,3)),$A$2:$A$76,0))=INDEX($F$2:$F$76,MATCH(VALUE(MID(O77,2,3)),$A$2:$A$76,0)),INDEX($L$2:$L$76,MATCH(VALUE(MID(O77,2,3)),$A$2:$A$76,0)),IF(INDEX($J$2:$J$76,MATCH(VALUE(MID(O77,2,3)),$A$2:$A$76,0))=INDEX($G$2:$G$76,MATCH(VALUE(MID(O77,2,3)),$A$2:$A$76,0)),INDEX($M$2:$M$76,MATCH(VALUE(MID(O77,2,3)),$A$2:$A$76,0)),O77)),O77),IF(LEFT(O77,1)="L",IFERROR(IF(INDEX($J$2:$J$76,MATCH(VALUE(MID(O77,2,3)),$A$2:$A$76,0))=INDEX($F$2:$F$76,MATCH(VALUE(MID(O77,2,3)),$A$2:$A$76,0)),INDEX($M$2:$M$76,MATCH(VALUE(MID(O77,2,3)),$A$2:$A$76,0)),IF(INDEX($J$2:$J$76,MATCH(VALUE(MID(O77,2,3)),$A$2:$A$76,0))=INDEX($G$2:$G$76,MATCH(VALUE(MID(O77,2,3)),$A$2:$A$76,0)),INDEX($L$2:$L$76,MATCH(VALUE(MID(O77,2,3)),$A$2:$A$76,0)),O77)),O77),IFERROR(IF(VLOOKUP(RIGHT(O77,1)&LEFT(O77,1),Clasificacion!$O$2:$Q$49,3,FALSE)="",O77,VLOOKUP(RIGHT(O77,1)&LEFT(O77,1),Clasificacion!$O$2:$Q$49,3,FALSE)),O77))))) -> 2F | N77: 1C | O77: 2F | P77: FIFA/CBS
A78: 77 | B78: 46202 | C78: 17:00 | D78: Ronda de 32 | F78: =IF(N78="","",IF(LEFT(N78,1)="3",IFERROR(IF(VLOOKUP($A78&"L",Asignacion_3ros!$A$2:$G$9,6,FALSE)="",N78,VLOOKUP($A78&"L",Asignacion_3ros!$A$2:$G$9,6,FALSE)),N78),IF(LEFT(N78,1)="W",IFERROR(IF(INDEX($J$2:$J$77,MATCH(VALUE(MID(N78,2,3)),$A$2:$A$77,0))="",N78,INDEX($J$2:$J$77,MATCH(VALUE(MID(N78,2,3)),$A$2:$A$77,0))),N78),IF(LEFT(N78,1)="L",IFERROR(IF(INDEX($J$2:$J$77,MATCH(VALUE(MID(N78,2,3)),$A$2:$A$77,0))=INDEX($F$2:$F$77,MATCH(VALUE(MID(N78,2,3)),$A$2:$A$77,0)),INDEX($G$2:$G$77,MATCH(VALUE(MID(N78,2,3)),$A$2:$A$77,0)),IF(INDEX($J$2:$J$77,MATCH(VALUE(MID(N78,2,3)),$A$2:$A$77,0))=INDEX($G$2:$G$77,MATCH(VALUE(MID(N78,2,3)),$A$2:$A$77,0)),INDEX($F$2:$F$77,MATCH(VALUE(MID(N78,2,3)),$A$2:$A$77,0)),N78)),N78),IFERROR(IF(VLOOKUP(RIGHT(N78,1)&LEFT(N78,1),Clasificacion!$O$2:$Q$49,2,FALSE)="",N78,VLOOKUP(RIGHT(N78,1)&LEFT(N78,1),Clasificacion!$O$2:$Q$49,2,FALSE)),N78))))) -> 1I | G78: =IF(O78="","",IF(LEFT(O78,1)="3",IFERROR(IF(VLOOKUP($A78&"V",Asignacion_3ros!$A$2:$G$9,6,FALSE)="",O78,VLOOKUP($A78&"V",Asignacion_3ros!$A$2:$G$9,6,FALSE)),O78),IF(LEFT(O78,1)="W",IFERROR(IF(INDEX($J$2:$J$77,MATCH(VALUE(MID(O78,2,3)),$A$2:$A$77,0))="",O78,INDEX($J$2:$J$77,MATCH(VALUE(MID(O78,2,3)),$A$2:$A$77,0))),O78),IF(LEFT(O78,1)="L",IFERROR(IF(INDEX($J$2:$J$77,MATCH(VALUE(MID(O78,2,3)),$A$2:$A$77,0))=INDEX($F$2:$F$77,MATCH(VALUE(MID(O78,2,3)),$A$2:$A$77,0)),INDEX($G$2:$G$77,MATCH(VALUE(MID(O78,2,3)),$A$2:$A$77,0)),IF(INDEX($J$2:$J$77,MATCH(VALUE(MID(O78,2,3)),$A$2:$A$77,0))=INDEX($G$2:$G$77,MATCH(VALUE(MID(O78,2,3)),$A$2:$A$77,0)),INDEX($F$2:$F$77,MATCH(VALUE(MID(O78,2,3)),$A$2:$A$77,0)),O78)),O78),IFERROR(IF(VLOOKUP(RIGHT(O78,1)&LEFT(O78,1),Clasificacion!$O$2:$Q$49,2,FALSE)="",O78,VLOOKUP(RIGHT(O78,1)&LEFT(O78,1),Clasificacion!$O$2:$Q$49,2,FALSE)),O78))))) -> Qatar | J78: =IF(OR(H78="",I78=""),"",IF(H78>I78,F78,IF(I78>H78,G78,"Empate"))) | K78: New York New Jersey | L78: =IF(N78="","",IF(LEFT(N78,1)="3",IFERROR(IF(VLOOKUP($A78&"L",Asignacion_3ros!$A$2:$G$9,7,FALSE)="",N78,VLOOKUP($A78&"L",Asignacion_3ros!$A$2:$G$9,7,FALSE)),N78),IF(LEFT(N78,1)="W",IFERROR(IF(INDEX($J$2:$J$77,MATCH(VALUE(MID(N78,2,3)),$A$2:$A$77,0))=INDEX($F$2:$F$77,MATCH(VALUE(MID(N78,2,3)),$A$2:$A$77,0)),INDEX($L$2:$L$77,MATCH(VALUE(MID(N78,2,3)),$A$2:$A$77,0)),IF(INDEX($J$2:$J$77,MATCH(VALUE(MID(N78,2,3)),$A$2:$A$77,0))=INDEX($G$2:$G$77,MATCH(VALUE(MID(N78,2,3)),$A$2:$A$77,0)),INDEX($M$2:$M$77,MATCH(VALUE(MID(N78,2,3)),$A$2:$A$77,0)),N78)),N78),IF(LEFT(N78,1)="L",IFERROR(IF(INDEX($J$2:$J$77,MATCH(VALUE(MID(N78,2,3)),$A$2:$A$77,0))=INDEX($F$2:$F$77,MATCH(VALUE(MID(N78,2,3)),$A$2:$A$77,0)),INDEX($M$2:$M$77,MATCH(VALUE(MID(N78,2,3)),$A$2:$A$77,0)),IF(INDEX($J$2:$J$77,MATCH(VALUE(MID(N78,2,3)),$A$2:$A$77,0))=INDEX($G$2:$G$77,MATCH(VALUE(MID(N78,2,3)),$A$2:$A$77,0)),INDEX($L$2:$L$77,MATCH(VALUE(MID(N78,2,3)),$A$2:$A$77,0)),N78)),N78),IFERROR(IF(VLOOKUP(RIGHT(N78,1)&LEFT(N78,1),Clasificacion!$O$2:$Q$49,3,FALSE)="",N78,VLOOKUP(RIGHT(N78,1)&LEFT(N78,1),Clasificacion!$O$2:$Q$49,3,FALSE)),N78))))) -> 1I | M78: =IF(O78="","",IF(LEFT(O78,1)="3",IFERROR(IF(VLOOKUP($A78&"V",Asignacion_3ros!$A$2:$G$9,7,FALSE)="",O78,VLOOKUP($A78&"V",Asignacion_3ros!$A$2:$G$9,7,FALSE)),O78),IF(LEFT(O78,1)="W",IFERROR(IF(INDEX($J$2:$J$77,MATCH(VALUE(MID(O78,2,3)),$A$2:$A$77,0))=INDEX($F$2:$F$77,MATCH(VALUE(MID(O78,2,3)),$A$2:$A$77,0)),INDEX($L$2:$L$77,MATCH(VALUE(MID(O78,2,3)),$A$2:$A$77,0)),IF(INDEX($J$2:$J$77,MATCH(VALUE(MID(O78,2,3)),$A$2:$A$77,0))=INDEX($G$2:$G$77,MATCH(VALUE(MID(O78,2,3)),$A$2:$A$77,0)),INDEX($M$2:$M$77,MATCH(VALUE(MID(O78,2,3)),$A$2:$A$77,0)),O78)),O78),IF(LEFT(O78,1)="L",IFERROR(IF(INDEX($J$2:$J$77,MATCH(VALUE(MID(O78,2,3)),$A$2:$A$77,0))=INDEX($F$2:$F$77,MATCH(VALUE(MID(O78,2,3)),$A$2:$A$77,0)),INDEX($M$2:$M$77,MATCH(VALUE(MID(O78,2,3)),$A$2:$A$77,0)),IF(INDEX($J$2:$J$77,MATCH(VALUE(MID(O78,2,3)),$A$2:$A$77,0))=INDEX($G$2:$G$77,MATCH(VALUE(MID(O78,2,3)),$A$2:$A$77,0)),INDEX($L$2:$L$77,MATCH(VALUE(MID(O78,2,3)),$A$2:$A$77,0)),O78)),O78),IFERROR(IF(VLOOKUP(RIGHT(O78,1)&LEFT(O78,1),Clasificacion!$O$2:$Q$49,3,FALSE)="",O78,VLOOKUP(RIGHT(O78,1)&LEFT(O78,1),Clasificacion!$O$2:$Q$49,3,FALSE)),O78))))) -> QAT | N78: 1I | O78: 3C/D/F/G/H | P78: FIFA/CBS
A79: 78 | B79: 46203 | C79: 13:00 | D79: Ronda de 32 | F79: =IF(N79="","",IF(LEFT(N79,1)="3",IFERROR(IF(VLOOKUP($A79&"L",Asignacion_3ros!$A$2:$G$9,6,FALSE)="",N79,VLOOKUP($A79&"L",Asignacion_3ros!$A$2:$G$9,6,FALSE)),N79),IF(LEFT(N79,1)="W",IFERROR(IF(INDEX($J$2:$J$78,MATCH(VALUE(MID(N79,2,3)),$A$2:$A$78,0))="",N79,INDEX($J$2:$J$78,MATCH(VALUE(MID(N79,2,3)),$A$2:$A$78,0))),N79),IF(LEFT(N79,1)="L",IFERROR(IF(INDEX($J$2:$J$78,MATCH(VALUE(MID(N79,2,3)),$A$2:$A$78,0))=INDEX($F$2:$F$78,MATCH(VALUE(MID(N79,2,3)),$A$2:$A$78,0)),INDEX($G$2:$G$78,MATCH(VALUE(MID(N79,2,3)),$A$2:$A$78,0)),IF(INDEX($J$2:$J$78,MATCH(VALUE(MID(N79,2,3)),$A$2:$A$78,0))=INDEX($G$2:$G$78,MATCH(VALUE(MID(N79,2,3)),$A$2:$A$78,0)),INDEX($F$2:$F$78,MATCH(VALUE(MID(N79,2,3)),$A$2:$A$78,0)),N79)),N79),IFERROR(IF(VLOOKUP(RIGHT(N79,1)&LEFT(N79,1),Clasificacion!$O$2:$Q$49,2,FALSE)="",N79,VLOOKUP(RIGHT(N79,1)&LEFT(N79,1),Clasificacion!$O$2:$Q$49,2,FALSE)),N79))))) -> 2E | G79: =IF(O79="","",IF(LEFT(O79,1)="3",IFERROR(IF(VLOOKUP($A79&"V",Asignacion_3ros!$A$2:$G$9,6,FALSE)="",O79,VLOOKUP($A79&"V",Asignacion_3ros!$A$2:$G$9,6,FALSE)),O79),IF(LEFT(O79,1)="W",IFERROR(IF(INDEX($J$2:$J$78,MATCH(VALUE(MID(O79,2,3)),$A$2:$A$78,0))="",O79,INDEX($J$2:$J$78,MATCH(VALUE(MID(O79,2,3)),$A$2:$A$78,0))),O79),IF(LEFT(O79,1)="L",IFERROR(IF(INDEX($J$2:$J$78,MATCH(VALUE(MID(O79,2,3)),$A$2:$A$78,0))=INDEX($F$2:$F$78,MATCH(VALUE(MID(O79,2,3)),$A$2:$A$78,0)),INDEX($G$2:$G$78,MATCH(VALUE(MID(O79,2,3)),$A$2:$A$78,0)),IF(INDEX($J$2:$J$78,MATCH(VALUE(MID(O79,2,3)),$A$2:$A$78,0))=INDEX($G$2:$G$78,MATCH(VALUE(MID(O79,2,3)),$A$2:$A$78,0)),INDEX($F$2:$F$78,MATCH(VALUE(MID(O79,2,3)),$A$2:$A$78,0)),O79)),O79),IFERROR(IF(VLOOKUP(RIGHT(O79,1)&LEFT(O79,1),Clasificacion!$O$2:$Q$49,2,FALSE)="",O79,VLOOKUP(RIGHT(O79,1)&LEFT(O79,1),Clasificacion!$O$2:$Q$49,2,FALSE)),O79))))) -> 2I | J79: =IF(OR(H79="",I79=""),"",IF(H79>I79,F79,IF(I79>H79,G79,"Empate"))) | K79: Dallas | L79: =IF(N79="","",IF(LEFT(N79,1)="3",IFERROR(IF(VLOOKUP($A79&"L",Asignacion_3ros!$A$2:$G$9,7,FALSE)="",N79,VLOOKUP($A79&"L",Asignacion_3ros!$A$2:$G$9,7,FALSE)),N79),IF(LEFT(N79,1)="W",IFERROR(IF(INDEX($J$2:$J$78,MATCH(VALUE(MID(N79,2,3)),$A$2:$A$78,0))=INDEX($F$2:$F$78,MATCH(VALUE(MID(N79,2,3)),$A$2:$A$78,0)),INDEX($L$2:$L$78,MATCH(VALUE(MID(N79,2,3)),$A$2:$A$78,0)),IF(INDEX($J$2:$J$78,MATCH(VALUE(MID(N79,2,3)),$A$2:$A$78,0))=INDEX($G$2:$G$78,MATCH(VALUE(MID(N79,2,3)),$A$2:$A$78,0)),INDEX($M$2:$M$78,MATCH(VALUE(MID(N79,2,3)),$A$2:$A$78,0)),N79)),N79),IF(LEFT(N79,1)="L",IFERROR(IF(INDEX($J$2:$J$78,MATCH(VALUE(MID(N79,2,3)),$A$2:$A$78,0))=INDEX($F$2:$F$78,MATCH(VALUE(MID(N79,2,3)),$A$2:$A$78,0)),INDEX($M$2:$M$78,MATCH(VALUE(MID(N79,2,3)),$A$2:$A$78,0)),IF(INDEX($J$2:$J$78,MATCH(VALUE(MID(N79,2,3)),$A$2:$A$78,0))=INDEX($G$2:$G$78,MATCH(VALUE(MID(N79,2,3)),$A$2:$A$78,0)),INDEX($L$2:$L$78,MATCH(VALUE(MID(N79,2,3)),$A$2:$A$78,0)),N79)),N79),IFERROR(IF(VLOOKUP(RIGHT(N79,1)&LEFT(N79,1),Clasificacion!$O$2:$Q$49,3,FALSE)="",N79,VLOOKUP(RIGHT(N79,1)&LEFT(N79,1),Clasificacion!$O$2:$Q$49,3,FALSE)),N79))))) -> 2E | M79: =IF(O79="","",IF(LEFT(O79,1)="3",IFERROR(IF(VLOOKUP($A79&"V",Asignacion_3ros!$A$2:$G$9,7,FALSE)="",O79,VLOOKUP($A79&"V",Asignacion_3ros!$A$2:$G$9,7,FALSE)),O79),IF(LEFT(O79,1)="W",IFERROR(IF(INDEX($J$2:$J$78,MATCH(VALUE(MID(O79,2,3)),$A$2:$A$78,0))=INDEX($F$2:$F$78,MATCH(VALUE(MID(O79,2,3)),$A$2:$A$78,0)),INDEX($L$2:$L$78,MATCH(VALUE(MID(O79,2,3)),$A$2:$A$78,0)),IF(INDEX($J$2:$J$78,MATCH(VALUE(MID(O79,2,3)),$A$2:$A$78,0))=INDEX($G$2:$G$78,MATCH(VALUE(MID(O79,2,3)),$A$2:$A$78,0)),INDEX($M$2:$M$78,MATCH(VALUE(MID(O79,2,3)),$A$2:$A$78,0)),O79)),O79),IF(LEFT(O79,1)="L",IFERROR(IF(INDEX($J$2:$J$78,MATCH(VALUE(MID(O79,2,3)),$A$2:$A$78,0))=INDEX($F$2:$F$78,MATCH(VALUE(MID(O79,2,3)),$A$2:$A$78,0)),INDEX($M$2:$M$78,MATCH(VALUE(MID(O79,2,3)),$A$2:$A$78,0)),IF(INDEX($J$2:$J$78,MATCH(VALUE(MID(O79,2,3)),$A$2:$A$78,0))=INDEX($G$2:$G$78,MATCH(VALUE(MID(O79,2,3)),$A$2:$A$78,0)),INDEX($L$2:$L$78,MATCH(VALUE(MID(O79,2,3)),$A$2:$A$78,0)),O79)),O79),IFERROR(IF(VLOOKUP(RIGHT(O79,1)&LEFT(O79,1),Clasificacion!$O$2:$Q$49,3,FALSE)="",O79,VLOOKUP(RIGHT(O79,1)&LEFT(O79,1),Clasificacion!$O$2:$Q$49,3,FALSE)),O79))))) -> 2I | N79: 2E | O79: 2I | P79: FIFA/CBS
A80: 79 | B80: 46203 | C80: 21:00 | D80: Ronda de 32 | F80: =IF(N80="","",IF(LEFT(N80,1)="3",IFERROR(IF(VLOOKUP($A80&"L",Asignacion_3ros!$A$2:$G$9,6,FALSE)="",N80,VLOOKUP($A80&"L",Asignacion_3ros!$A$2:$G$9,6,FALSE)),N80),IF(LEFT(N80,1)="W",IFERROR(IF(INDEX($J$2:$J$79,MATCH(VALUE(MID(N80,2,3)),$A$2:$A$79,0))="",N80,INDEX($J$2:$J$79,MATCH(VALUE(MID(N80,2,3)),$A$2:$A$79,0))),N80),IF(LEFT(N80,1)="L",IFERROR(IF(INDEX($J$2:$J$79,MATCH(VALUE(MID(N80,2,3)),$A$2:$A$79,0))=INDEX($F$2:$F$79,MATCH(VALUE(MID(N80,2,3)),$A$2:$A$79,0)),INDEX($G$2:$G$79,MATCH(VALUE(MID(N80,2,3)),$A$2:$A$79,0)),IF(INDEX($J$2:$J$79,MATCH(VALUE(MID(N80,2,3)),$A$2:$A$79,0))=INDEX($G$2:$G$79,MATCH(VALUE(MID(N80,2,3)),$A$2:$A$79,0)),INDEX($F$2:$F$79,MATCH(VALUE(MID(N80,2,3)),$A$2:$A$79,0)),N80)),N80),IFERROR(IF(VLOOKUP(RIGHT(N80,1)&LEFT(N80,1),Clasificacion!$O$2:$Q$49,2,FALSE)="",N80,VLOOKUP(RIGHT(N80,1)&LEFT(N80,1),Clasificacion!$O$2:$Q$49,2,FALSE)),N80))))) -> 1A | G80: =IF(O80="","",IF(LEFT(O80,1)="3",IFERROR(IF(VLOOKUP($A80&"V",Asignacion_3ros!$A$2:$G$9,6,FALSE)="",O80,VLOOKUP($A80&"V",Asignacion_3ros!$A$2:$G$9,6,FALSE)),O80),IF(LEFT(O80,1)="W",IFERROR(IF(INDEX($J$2:$J$79,MATCH(VALUE(MID(O80,2,3)),$A$2:$A$79,0))="",O80,INDEX($J$2:$J$79,MATCH(VALUE(MID(O80,2,3)),$A$2:$A$79,0))),O80),IF(LEFT(O80,1)="L",IFERROR(IF(INDEX($J$2:$J$79,MATCH(VALUE(MID(O80,2,3)),$A$2:$A$79,0))=INDEX($F$2:$F$79,MATCH(VALUE(MID(O80,2,3)),$A$2:$A$79,0)),INDEX($G$2:$G$79,MATCH(VALUE(MID(O80,2,3)),$A$2:$A$79,0)),IF(INDEX($J$2:$J$79,MATCH(VALUE(MID(O80,2,3)),$A$2:$A$79,0))=INDEX($G$2:$G$79,MATCH(VALUE(MID(O80,2,3)),$A$2:$A$79,0)),INDEX($F$2:$F$79,MATCH(VALUE(MID(O80,2,3)),$A$2:$A$79,0)),O80)),O80),IFERROR(IF(VLOOKUP(RIGHT(O80,1)&LEFT(O80,1),Clasificacion!$O$2:$Q$49,2,FALSE)="",O80,VLOOKUP(RIGHT(O80,1)&LEFT(O80,1),Clasificacion!$O$2:$Q$49,2,FALSE)),O80))))) -> Suiza | J80: =IF(OR(H80="",I80=""),"",IF(H80>I80,F80,IF(I80>H80,G80,"Empate"))) | K80: Mexico City | L80: =IF(N80="","",IF(LEFT(N80,1)="3",IFERROR(IF(VLOOKUP($A80&"L",Asignacion_3ros!$A$2:$G$9,7,FALSE)="",N80,VLOOKUP($A80&"L",Asignacion_3ros!$A$2:$G$9,7,FALSE)),N80),IF(LEFT(N80,1)="W",IFERROR(IF(INDEX($J$2:$J$79,MATCH(VALUE(MID(N80,2,3)),$A$2:$A$79,0))=INDEX($F$2:$F$79,MATCH(VALUE(MID(N80,2,3)),$A$2:$A$79,0)),INDEX($L$2:$L$79,MATCH(VALUE(MID(N80,2,3)),$A$2:$A$79,0)),IF(INDEX($J$2:$J$79,MATCH(VALUE(MID(N80,2,3)),$A$2:$A$79,0))=INDEX($G$2:$G$79,MATCH(VALUE(MID(N80,2,3)),$A$2:$A$79,0)),INDEX($M$2:$M$79,MATCH(VALUE(MID(N80,2,3)),$A$2:$A$79,0)),N80)),N80),IF(LEFT(N80,1)="L",IFERROR(IF(INDEX($J$2:$J$79,MATCH(VALUE(MID(N80,2,3)),$A$2:$A$79,0))=INDEX($F$2:$F$79,MATCH(VALUE(MID(N80,2,3)),$A$2:$A$79,0)),INDEX($M$2:$M$79,MATCH(VALUE(MID(N80,2,3)),$A$2:$A$79,0)),IF(INDEX($J$2:$J$79,MATCH(VALUE(MID(N80,2,3)),$A$2:$A$79,0))=INDEX($G$2:$G$79,MATCH(VALUE(MID(N80,2,3)),$A$2:$A$79,0)),INDEX($L$2:$L$79,MATCH(VALUE(MID(N80,2,3)),$A$2:$A$79,0)),N80)),N80),IFERROR(IF(VLOOKUP(RIGHT(N80,1)&LEFT(N80,1),Clasificacion!$O$2:$Q$49,3,FALSE)="",N80,VLOOKUP(RIGHT(N80,1)&LEFT(N80,1),Clasificacion!$O$2:$Q$49,3,FALSE)),N80))))) -> 1A | M80: =IF(O80="","",IF(LEFT(O80,1)="3",IFERROR(IF(VLOOKUP($A80&"V",Asignacion_3ros!$A$2:$G$9,7,FALSE)="",O80,VLOOKUP($A80&"V",Asignacion_3ros!$A$2:$G$9,7,FALSE)),O80),IF(LEFT(O80,1)="W",IFERROR(IF(INDEX($J$2:$J$79,MATCH(VALUE(MID(O80,2,3)),$A$2:$A$79,0))=INDEX($F$2:$F$79,MATCH(VALUE(MID(O80,2,3)),$A$2:$A$79,0)),INDEX($L$2:$L$79,MATCH(VALUE(MID(O80,2,3)),$A$2:$A$79,0)),IF(INDEX($J$2:$J$79,MATCH(VALUE(MID(O80,2,3)),$A$2:$A$79,0))=INDEX($G$2:$G$79,MATCH(VALUE(MID(O80,2,3)),$A$2:$A$79,0)),INDEX($M$2:$M$79,MATCH(VALUE(MID(O80,2,3)),$A$2:$A$79,0)),O80)),O80),IF(LEFT(O80,1)="L",IFERROR(IF(INDEX($J$2:$J$79,MATCH(VALUE(MID(O80,2,3)),$A$2:$A$79,0))=INDEX($F$2:$F$79,MATCH(VALUE(MID(O80,2,3)),$A$2:$A$79,0)),INDEX($M$2:$M$79,MATCH(VALUE(MID(O80,2,3)),$A$2:$A$79,0)),IF(INDEX($J$2:$J$79,MATCH(VALUE(MID(O80,2,3)),$A$2:$A$79,0))=INDEX($G$2:$G$79,MATCH(VALUE(MID(O80,2,3)),$A$2:$A$79,0)),INDEX($L$2:$L$79,MATCH(VALUE(MID(O80,2,3)),$A$2:$A$79,0)),O80)),O80),IFERROR(IF(VLOOKUP(RIGHT(O80,1)&LEFT(O80,1),Clasificacion!$O$2:$Q$49,3,FALSE)="",O80,VLOOKUP(RIGHT(O80,1)&LEFT(O80,1),Clasificacion!$O$2:$Q$49,3,FALSE)),O80))))) -> SUI | N80: 1A | O80: 3C/E/F/H/I | P80: FIFA/CBS
A81: 80 | B81: 46203 | C81: 12:00 | D81: Ronda de 32 | F81: =IF(N81="","",IF(LEFT(N81,1)="3",IFERROR(IF(VLOOKUP($A81&"L",Asignacion_3ros!$A$2:$G$9,6,FALSE)="",N81,VLOOKUP($A81&"L",Asignacion_3ros!$A$2:$G$9,6,FALSE)),N81),IF(LEFT(N81,1)="W",IFERROR(IF(INDEX($J$2:$J$80,MATCH(VALUE(MID(N81,2,3)),$A$2:$A$80,0))="",N81,INDEX($J$2:$J$80,MATCH(VALUE(MID(N81,2,3)),$A$2:$A$80,0))),N81),IF(LEFT(N81,1)="L",IFERROR(IF(INDEX($J$2:$J$80,MATCH(VALUE(MID(N81,2,3)),$A$2:$A$80,0))=INDEX($F$2:$F$80,MATCH(VALUE(MID(N81,2,3)),$A$2:$A$80,0)),INDEX($G$2:$G$80,MATCH(VALUE(MID(N81,2,3)),$A$2:$A$80,0)),IF(INDEX($J$2:$J$80,MATCH(VALUE(MID(N81,2,3)),$A$2:$A$80,0))=INDEX($G$2:$G$80,MATCH(VALUE(MID(N81,2,3)),$A$2:$A$80,0)),INDEX($F$2:$F$80,MATCH(VALUE(MID(N81,2,3)),$A$2:$A$80,0)),N81)),N81),IFERROR(IF(VLOOKUP(RIGHT(N81,1)&LEFT(N81,1),Clasificacion!$O$2:$Q$49,2,FALSE)="",N81,VLOOKUP(RIGHT(N81,1)&LEFT(N81,1),Clasificacion!$O$2:$Q$49,2,FALSE)),N81))))) -> 1L | G81: =IF(O81="","",IF(LEFT(O81,1)="3",IFERROR(IF(VLOOKUP($A81&"V",Asignacion_3ros!$A$2:$G$9,6,FALSE)="",O81,VLOOKUP($A81&"V",Asignacion_3ros!$A$2:$G$9,6,FALSE)),O81),IF(LEFT(O81,1)="W",IFERROR(IF(INDEX($J$2:$J$80,MATCH(VALUE(MID(O81,2,3)),$A$2:$A$80,0))="",O81,INDEX($J$2:$J$80,MATCH(VALUE(MID(O81,2,3)),$A$2:$A$80,0))),O81),IF(LEFT(O81,1)="L",IFERROR(IF(INDEX($J$2:$J$80,MATCH(VALUE(MID(O81,2,3)),$A$2:$A$80,0))=INDEX($F$2:$F$80,MATCH(VALUE(MID(O81,2,3)),$A$2:$A$80,0)),INDEX($G$2:$G$80,MATCH(VALUE(MID(O81,2,3)),$A$2:$A$80,0)),IF(INDEX($J$2:$J$80,MATCH(VALUE(MID(O81,2,3)),$A$2:$A$80,0))=INDEX($G$2:$G$80,MATCH(VALUE(MID(O81,2,3)),$A$2:$A$80,0)),INDEX($F$2:$F$80,MATCH(VALUE(MID(O81,2,3)),$A$2:$A$80,0)),O81)),O81),IFERROR(IF(VLOOKUP(RIGHT(O81,1)&LEFT(O81,1),Clasificacion!$O$2:$Q$49,2,FALSE)="",O81,VLOOKUP(RIGHT(O81,1)&LEFT(O81,1),Clasificacion!$O$2:$Q$49,2,FALSE)),O81))))) -> Canadá | J81: =IF(OR(H81="",I81=""),"",IF(H81>I81,F81,IF(I81>H81,G81,"Empate"))) | K81: Atlanta | L81: =IF(N81="","",IF(LEFT(N81,1)="3",IFERROR(IF(VLOOKUP($A81&"L",Asignacion_3ros!$A$2:$G$9,7,FALSE)="",N81,VLOOKUP($A81&"L",Asignacion_3ros!$A$2:$G$9,7,FALSE)),N81),IF(LEFT(N81,1)="W",IFERROR(IF(INDEX($J$2:$J$80,MATCH(VALUE(MID(N81,2,3)),$A$2:$A$80,0))=INDEX($F$2:$F$80,MATCH(VALUE(MID(N81,2,3)),$A$2:$A$80,0)),INDEX($L$2:$L$80,MATCH(VALUE(MID(N81,2,3)),$A$2:$A$80,0)),IF(INDEX($J$2:$J$80,MATCH(VALUE(MID(N81,2,3)),$A$2:$A$80,0))=INDEX($G$2:$G$80,MATCH(VALUE(MID(N81,2,3)),$A$2:$A$80,0)),INDEX($M$2:$M$80,MATCH(VALUE(MID(N81,2,3)),$A$2:$A$80,0)),N81)),N81),IF(LEFT(N81,1)="L",IFERROR(IF(INDEX($J$2:$J$80,MATCH(VALUE(MID(N81,2,3)),$A$2:$A$80,0))=INDEX($F$2:$F$80,MATCH(VALUE(MID(N81,2,3)),$A$2:$A$80,0)),INDEX($M$2:$M$80,MATCH(VALUE(MID(N81,2,3)),$A$2:$A$80,0)),IF(INDEX($J$2:$J$80,MATCH(VALUE(MID(N81,2,3)),$A$2:$A$80,0))=INDEX($G$2:$G$80,MATCH(VALUE(MID(N81,2,3)),$A$2:$A$80,0)),INDEX($L$2:$L$80,MATCH(VALUE(MID(N81,2,3)),$A$2:$A$80,0)),N81)),N81),IFERROR(IF(VLOOKUP(RIGHT(N81,1)&LEFT(N81,1),Clasificacion!$O$2:$Q$49,3,FALSE)="",N81,VLOOKUP(RIGHT(N81,1)&LEFT(N81,1),Clasificacion!$O$2:$Q$49,3,FALSE)),N81))))) -> 1L | M81: =IF(O81="","",IF(LEFT(O81,1)="3",IFERROR(IF(VLOOKUP($A81&"V",Asignacion_3ros!$A$2:$G$9,7,FALSE)="",O81,VLOOKUP($A81&"V",Asignacion_3ros!$A$2:$G$9,7,FALSE)),O81),IF(LEFT(O81,1)="W",IFERROR(IF(INDEX($J$2:$J$80,MATCH(VALUE(MID(O81,2,3)),$A$2:$A$80,0))=INDEX($F$2:$F$80,MATCH(VALUE(MID(O81,2,3)),$A$2:$A$80,0)),INDEX($L$2:$L$80,MATCH(VALUE(MID(O81,2,3)),$A$2:$A$80,0)),IF(INDEX($J$2:$J$80,MATCH(VALUE(MID(O81,2,3)),$A$2:$A$80,0))=INDEX($G$2:$G$80,MATCH(VALUE(MID(O81,2,3)),$A$2:$A$80,0)),INDEX($M$2:$M$80,MATCH(VALUE(MID(O81,2,3)),$A$2:$A$80,0)),O81)),O81),IF(LEFT(O81,1)="L",IFERROR(IF(INDEX($J$2:$J$80,MATCH(VALUE(MID(O81,2,3)),$A$2:$A$80,0))=INDEX($F$2:$F$80,MATCH(VALUE(MID(O81,2,3)),$A$2:$A$80,0)),INDEX($M$2:$M$80,MATCH(VALUE(MID(O81,2,3)),$A$2:$A$80,0)),IF(INDEX($J$2:$J$80,MATCH(VALUE(MID(O81,2,3)),$A$2:$A$80,0))=INDEX($G$2:$G$80,MATCH(VALUE(MID(O81,2,3)),$A$2:$A$80,0)),INDEX($L$2:$L$80,MATCH(VALUE(MID(O81,2,3)),$A$2:$A$80,0)),O81)),O81),IFERROR(IF(VLOOKUP(RIGHT(O81,1)&LEFT(O81,1),Clasificacion!$O$2:$Q$49,3,FALSE)="",O81,VLOOKUP(RIGHT(O81,1)&LEFT(O81,1),Clasificacion!$O$2:$Q$49,3,FALSE)),O81))))) -> CAN | N81: 1L | O81: 3E/H/I/J/K | P81: FIFA/CBS
A82: 81 | B82: 46204 | C82: 20:00 | D82: Ronda de 32 | F82: =IF(N82="","",IF(LEFT(N82,1)="3",IFERROR(IF(VLOOKUP($A82&"L",Asignacion_3ros!$A$2:$G$9,6,FALSE)="",N82,VLOOKUP($A82&"L",Asignacion_3ros!$A$2:$G$9,6,FALSE)),N82),IF(LEFT(N82,1)="W",IFERROR(IF(INDEX($J$2:$J$81,MATCH(VALUE(MID(N82,2,3)),$A$2:$A$81,0))="",N82,INDEX($J$2:$J$81,MATCH(VALUE(MID(N82,2,3)),$A$2:$A$81,0))),N82),IF(LEFT(N82,1)="L",IFERROR(IF(INDEX($J$2:$J$81,MATCH(VALUE(MID(N82,2,3)),$A$2:$A$81,0))=INDEX($F$2:$F$81,MATCH(VALUE(MID(N82,2,3)),$A$2:$A$81,0)),INDEX($G$2:$G$81,MATCH(VALUE(MID(N82,2,3)),$A$2:$A$81,0)),IF(INDEX($J$2:$J$81,MATCH(VALUE(MID(N82,2,3)),$A$2:$A$81,0))=INDEX($G$2:$G$81,MATCH(VALUE(MID(N82,2,3)),$A$2:$A$81,0)),INDEX($F$2:$F$81,MATCH(VALUE(MID(N82,2,3)),$A$2:$A$81,0)),N82)),N82),IFERROR(IF(VLOOKUP(RIGHT(N82,1)&LEFT(N82,1),Clasificacion!$O$2:$Q$49,2,FALSE)="",N82,VLOOKUP(RIGHT(N82,1)&LEFT(N82,1),Clasificacion!$O$2:$Q$49,2,FALSE)),N82))))) -> 1D | G82: =IF(O82="","",IF(LEFT(O82,1)="3",IFERROR(IF(VLOOKUP($A82&"V",Asignacion_3ros!$A$2:$G$9,6,FALSE)="",O82,VLOOKUP($A82&"V",Asignacion_3ros!$A$2:$G$9,6,FALSE)),O82),IF(LEFT(O82,1)="W",IFERROR(IF(INDEX($J$2:$J$81,MATCH(VALUE(MID(O82,2,3)),$A$2:$A$81,0))="",O82,INDEX($J$2:$J$81,MATCH(VALUE(MID(O82,2,3)),$A$2:$A$81,0))),O82),IF(LEFT(O82,1)="L",IFERROR(IF(INDEX($J$2:$J$81,MATCH(VALUE(MID(O82,2,3)),$A$2:$A$81,0))=INDEX($F$2:$F$81,MATCH(VALUE(MID(O82,2,3)),$A$2:$A$81,0)),INDEX($G$2:$G$81,MATCH(VALUE(MID(O82,2,3)),$A$2:$A$81,0)),IF(INDEX($J$2:$J$81,MATCH(VALUE(MID(O82,2,3)),$A$2:$A$81,0))=INDEX($G$2:$G$81,MATCH(VALUE(MID(O82,2,3)),$A$2:$A$81,0)),INDEX($F$2:$F$81,MATCH(VALUE(MID(O82,2,3)),$A$2:$A$81,0)),O82)),O82),IFERROR(IF(VLOOKUP(RIGHT(O82,1)&LEFT(O82,1),Clasificacion!$O$2:$Q$49,2,FALSE)="",O82,VLOOKUP(RIGHT(O82,1)&LEFT(O82,1),Clasificacion!$O$2:$Q$49,2,FALSE)),O82))))) -> Sudáfrica | J82: =IF(OR(H82="",I82=""),"",IF(H82>I82,F82,IF(I82>H82,G82,"Empate"))) | K82: San Francisco Bay Area | L82: =IF(N82="","",IF(LEFT(N82,1)="3",IFERROR(IF(VLOOKUP($A82&"L",Asignacion_3ros!$A$2:$G$9,7,FALSE)="",N82,VLOOKUP($A82&"L",Asignacion_3ros!$A$2:$G$9,7,FALSE)),N82),IF(LEFT(N82,1)="W",IFERROR(IF(INDEX($J$2:$J$81,MATCH(VALUE(MID(N82,2,3)),$A$2:$A$81,0))=INDEX($F$2:$F$81,MATCH(VALUE(MID(N82,2,3)),$A$2:$A$81,0)),INDEX($L$2:$L$81,MATCH(VALUE(MID(N82,2,3)),$A$2:$A$81,0)),IF(INDEX($J$2:$J$81,MATCH(VALUE(MID(N82,2,3)),$A$2:$A$81,0))=INDEX($G$2:$G$81,MATCH(VALUE(MID(N82,2,3)),$A$2:$A$81,0)),INDEX($M$2:$M$81,MATCH(VALUE(MID(N82,2,3)),$A$2:$A$81,0)),N82)),N82),IF(LEFT(N82,1)="L",IFERROR(IF(INDEX($J$2:$J$81,MATCH(VALUE(MID(N82,2,3)),$A$2:$A$81,0))=INDEX($F$2:$F$81,MATCH(VALUE(MID(N82,2,3)),$A$2:$A$81,0)),INDEX($M$2:$M$81,MATCH(VALUE(MID(N82,2,3)),$A$2:$A$81,0)),IF(INDEX($J$2:$J$81,MATCH(VALUE(MID(N82,2,3)),$A$2:$A$81,0))=INDEX($G$2:$G$81,MATCH(VALUE(MID(N82,2,3)),$A$2:$A$81,0)),INDEX($L$2:$L$81,MATCH(VALUE(MID(N82,2,3)),$A$2:$A$81,0)),N82)),N82),IFERROR(IF(VLOOKUP(RIGHT(N82,1)&LEFT(N82,1),Clasificacion!$O$2:$Q$49,3,FALSE)="",N82,VLOOKUP(RIGHT(N82,1)&LEFT(N82,1),Clasificacion!$O$2:$Q$49,3,FALSE)),N82))))) -> 1D | M82: =IF(O82="","",IF(LEFT(O82,1)="3",IFERROR(IF(VLOOKUP($A82&"V",Asignacion_3ros!$A$2:$G$9,7,FALSE)="",O82,VLOOKUP($A82&"V",Asignacion_3ros!$A$2:$G$9,7,FALSE)),O82),IF(LEFT(O82,1)="W",IFERROR(IF(INDEX($J$2:$J$81,MATCH(VALUE(MID(O82,2,3)),$A$2:$A$81,0))=INDEX($F$2:$F$81,MATCH(VALUE(MID(O82,2,3)),$A$2:$A$81,0)),INDEX($L$2:$L$81,MATCH(VALUE(MID(O82,2,3)),$A$2:$A$81,0)),IF(INDEX($J$2:$J$81,MATCH(VALUE(MID(O82,2,3)),$A$2:$A$81,0))=INDEX($G$2:$G$81,MATCH(VALUE(MID(O82,2,3)),$A$2:$A$81,0)),INDEX($M$2:$M$81,MATCH(VALUE(MID(O82,2,3)),$A$2:$A$81,0)),O82)),O82),IF(LEFT(O82,1)="L",IFERROR(IF(INDEX($J$2:$J$81,MATCH(VALUE(MID(O82,2,3)),$A$2:$A$81,0))=INDEX($F$2:$F$81,MATCH(VALUE(MID(O82,2,3)),$A$2:$A$81,0)),INDEX($M$2:$M$81,MATCH(VALUE(MID(O82,2,3)),$A$2:$A$81,0)),IF(INDEX($J$2:$J$81,MATCH(VALUE(MID(O82,2,3)),$A$2:$A$81,0))=INDEX($G$2:$G$81,MATCH(VALUE(MID(O82,2,3)),$A$2:$A$81,0)),INDEX($L$2:$L$81,MATCH(VALUE(MID(O82,2,3)),$A$2:$A$81,0)),O82)),O82),IFERROR(IF(VLOOKUP(RIGHT(O82,1)&LEFT(O82,1),Clasificacion!$O$2:$Q$49,3,FALSE)="",O82,VLOOKUP(RIGHT(O82,1)&LEFT(O82,1),Clasificacion!$O$2:$Q$49,3,FALSE)),O82))))) -> RSA | N82: 1D | O82: 3B/E/F/I/J | P82: FIFA/CBS
A83: 82 | B83: 46204 | C83: 16:00 | D83: Ronda de 32 | F83: =IF(N83="","",IF(LEFT(N83,1)="3",IFERROR(IF(VLOOKUP($A83&"L",Asignacion_3ros!$A$2:$G$9,6,FALSE)="",N83,VLOOKUP($A83&"L",Asignacion_3ros!$A$2:$G$9,6,FALSE)),N83),IF(LEFT(N83,1)="W",IFERROR(IF(INDEX($J$2:$J$82,MATCH(VALUE(MID(N83,2,3)),$A$2:$A$82,0))="",N83,INDEX($J$2:$J$82,MATCH(VALUE(MID(N83,2,3)),$A$2:$A$82,0))),N83),IF(LEFT(N83,1)="L",IFERROR(IF(INDEX($J$2:$J$82,MATCH(VALUE(MID(N83,2,3)),$A$2:$A$82,0))=INDEX($F$2:$F$82,MATCH(VALUE(MID(N83,2,3)),$A$2:$A$82,0)),INDEX($G$2:$G$82,MATCH(VALUE(MID(N83,2,3)),$A$2:$A$82,0)),IF(INDEX($J$2:$J$82,MATCH(VALUE(MID(N83,2,3)),$A$2:$A$82,0))=INDEX($G$2:$G$82,MATCH(VALUE(MID(N83,2,3)),$A$2:$A$82,0)),INDEX($F$2:$F$82,MATCH(VALUE(MID(N83,2,3)),$A$2:$A$82,0)),N83)),N83),IFERROR(IF(VLOOKUP(RIGHT(N83,1)&LEFT(N83,1),Clasificacion!$O$2:$Q$49,2,FALSE)="",N83,VLOOKUP(RIGHT(N83,1)&LEFT(N83,1),Clasificacion!$O$2:$Q$49,2,FALSE)),N83))))) -> 1G | G83: =IF(O83="","",IF(LEFT(O83,1)="3",IFERROR(IF(VLOOKUP($A83&"V",Asignacion_3ros!$A$2:$G$9,6,FALSE)="",O83,VLOOKUP($A83&"V",Asignacion_3ros!$A$2:$G$9,6,FALSE)),O83),IF(LEFT(O83,1)="W",IFERROR(IF(INDEX($J$2:$J$82,MATCH(VALUE(MID(O83,2,3)),$A$2:$A$82,0))="",O83,INDEX($J$2:$J$82,MATCH(VALUE(MID(O83,2,3)),$A$2:$A$82,0))),O83),IF(LEFT(O83,1)="L",IFERROR(IF(INDEX($J$2:$J$82,MATCH(VALUE(MID(O83,2,3)),$A$2:$A$82,0))=INDEX($F$2:$F$82,MATCH(VALUE(MID(O83,2,3)),$A$2:$A$82,0)),INDEX($G$2:$G$82,MATCH(VALUE(MID(O83,2,3)),$A$2:$A$82,0)),IF(INDEX($J$2:$J$82,MATCH(VALUE(MID(O83,2,3)),$A$2:$A$82,0))=INDEX($G$2:$G$82,MATCH(VALUE(MID(O83,2,3)),$A$2:$A$82,0)),INDEX($F$2:$F$82,MATCH(VALUE(MID(O83,2,3)),$A$2:$A$82,0)),O83)),O83),IFERROR(IF(VLOOKUP(RIGHT(O83,1)&LEFT(O83,1),Clasificacion!$O$2:$Q$49,2,FALSE)="",O83,VLOOKUP(RIGHT(O83,1)&LEFT(O83,1),Clasificacion!$O$2:$Q$49,2,FALSE)),O83))))) -> México | J83: =IF(OR(H83="",I83=""),"",IF(H83>I83,F83,IF(I83>H83,G83,"Empate"))) | K83: Seattle | L83: =IF(N83="","",IF(LEFT(N83,1)="3",IFERROR(IF(VLOOKUP($A83&"L",Asignacion_3ros!$A$2:$G$9,7,FALSE)="",N83,VLOOKUP($A83&"L",Asignacion_3ros!$A$2:$G$9,7,FALSE)),N83),IF(LEFT(N83,1)="W",IFERROR(IF(INDEX($J$2:$J$82,MATCH(VALUE(MID(N83,2,3)),$A$2:$A$82,0))=INDEX($F$2:$F$82,MATCH(VALUE(MID(N83,2,3)),$A$2:$A$82,0)),INDEX($L$2:$L$82,MATCH(VALUE(MID(N83,2,3)),$A$2:$A$82,0)),IF(INDEX($J$2:$J$82,MATCH(VALUE(MID(N83,2,3)),$A$2:$A$82,0))=INDEX($G$2:$G$82,MATCH(VALUE(MID(N83,2,3)),$A$2:$A$82,0)),INDEX($M$2:$M$82,MATCH(VALUE(MID(N83,2,3)),$A$2:$A$82,0)),N83)),N83),IF(LEFT(N83,1)="L",IFERROR(IF(INDEX($J$2:$J$82,MATCH(VALUE(MID(N83,2,3)),$A$2:$A$82,0))=INDEX($F$2:$F$82,MATCH(VALUE(MID(N83,2,3)),$A$2:$A$82,0)),INDEX($M$2:$M$82,MATCH(VALUE(MID(N83,2,3)),$A$2:$A$82,0)),IF(INDEX($J$2:$J$82,MATCH(VALUE(MID(N83,2,3)),$A$2:$A$82,0))=INDEX($G$2:$G$82,MATCH(VALUE(MID(N83,2,3)),$A$2:$A$82,0)),INDEX($L$2:$L$82,MATCH(VALUE(MID(N83,2,3)),$A$2:$A$82,0)),N83)),N83),IFERROR(IF(VLOOKUP(RIGHT(N83,1)&LEFT(N83,1),Clasificacion!$O$2:$Q$49,3,FALSE)="",N83,VLOOKUP(RIGHT(N83,1)&LEFT(N83,1),Clasificacion!$O$2:$Q$49,3,FALSE)),N83))))) -> 1G | M83: =IF(O83="","",IF(LEFT(O83,1)="3",IFERROR(IF(VLOOKUP($A83&"V",Asignacion_3ros!$A$2:$G$9,7,FALSE)="",O83,VLOOKUP($A83&"V",Asignacion_3ros!$A$2:$G$9,7,FALSE)),O83),IF(LEFT(O83,1)="W",IFERROR(IF(INDEX($J$2:$J$82,MATCH(VALUE(MID(O83,2,3)),$A$2:$A$82,0))=INDEX($F$2:$F$82,MATCH(VALUE(MID(O83,2,3)),$A$2:$A$82,0)),INDEX($L$2:$L$82,MATCH(VALUE(MID(O83,2,3)),$A$2:$A$82,0)),IF(INDEX($J$2:$J$82,MATCH(VALUE(MID(O83,2,3)),$A$2:$A$82,0))=INDEX($G$2:$G$82,MATCH(VALUE(MID(O83,2,3)),$A$2:$A$82,0)),INDEX($M$2:$M$82,MATCH(VALUE(MID(O83,2,3)),$A$2:$A$82,0)),O83)),O83),IF(LEFT(O83,1)="L",IFERROR(IF(INDEX($J$2:$J$82,MATCH(VALUE(MID(O83,2,3)),$A$2:$A$82,0))=INDEX($F$2:$F$82,MATCH(VALUE(MID(O83,2,3)),$A$2:$A$82,0)),INDEX($M$2:$M$82,MATCH(VALUE(MID(O83,2,3)),$A$2:$A$82,0)),IF(INDEX($J$2:$J$82,MATCH(VALUE(MID(O83,2,3)),$A$2:$A$82,0))=INDEX($G$2:$G$82,MATCH(VALUE(MID(O83,2,3)),$A$2:$A$82,0)),INDEX($L$2:$L$82,MATCH(VALUE(MID(O83,2,3)),$A$2:$A$82,0)),O83)),O83),IFERROR(IF(VLOOKUP(RIGHT(O83,1)&LEFT(O83,1),Clasificacion!$O$2:$Q$49,3,FALSE)="",O83,VLOOKUP(RIGHT(O83,1)&LEFT(O83,1),Clasificacion!$O$2:$Q$49,3,FALSE)),O83))))) -> MEX | N83: 1G | O83: 3A/E/H/I/J | P83: FIFA/CBS
A84: 83 | B84: 46205 | C84: 19:00 | D84: Ronda de 32 | F84: =IF(N84="","",IF(LEFT(N84,1)="3",IFERROR(IF(VLOOKUP($A84&"L",Asignacion_3ros!$A$2:$G$9,6,FALSE)="",N84,VLOOKUP($A84&"L",Asignacion_3ros!$A$2:$G$9,6,FALSE)),N84),IF(LEFT(N84,1)="W",IFERROR(IF(INDEX($J$2:$J$83,MATCH(VALUE(MID(N84,2,3)),$A$2:$A$83,0))="",N84,INDEX($J$2:$J$83,MATCH(VALUE(MID(N84,2,3)),$A$2:$A$83,0))),N84),IF(LEFT(N84,1)="L",IFERROR(IF(INDEX($J$2:$J$83,MATCH(VALUE(MID(N84,2,3)),$A$2:$A$83,0))=INDEX($F$2:$F$83,MATCH(VALUE(MID(N84,2,3)),$A$2:$A$83,0)),INDEX($G$2:$G$83,MATCH(VALUE(MID(N84,2,3)),$A$2:$A$83,0)),IF(INDEX($J$2:$J$83,MATCH(VALUE(MID(N84,2,3)),$A$2:$A$83,0))=INDEX($G$2:$G$83,MATCH(VALUE(MID(N84,2,3)),$A$2:$A$83,0)),INDEX($F$2:$F$83,MATCH(VALUE(MID(N84,2,3)),$A$2:$A$83,0)),N84)),N84),IFERROR(IF(VLOOKUP(RIGHT(N84,1)&LEFT(N84,1),Clasificacion!$O$2:$Q$49,2,FALSE)="",N84,VLOOKUP(RIGHT(N84,1)&LEFT(N84,1),Clasificacion!$O$2:$Q$49,2,FALSE)),N84))))) -> 2K | G84: =IF(O84="","",IF(LEFT(O84,1)="3",IFERROR(IF(VLOOKUP($A84&"V",Asignacion_3ros!$A$2:$G$9,6,FALSE)="",O84,VLOOKUP($A84&"V",Asignacion_3ros!$A$2:$G$9,6,FALSE)),O84),IF(LEFT(O84,1)="W",IFERROR(IF(INDEX($J$2:$J$83,MATCH(VALUE(MID(O84,2,3)),$A$2:$A$83,0))="",O84,INDEX($J$2:$J$83,MATCH(VALUE(MID(O84,2,3)),$A$2:$A$83,0))),O84),IF(LEFT(O84,1)="L",IFERROR(IF(INDEX($J$2:$J$83,MATCH(VALUE(MID(O84,2,3)),$A$2:$A$83,0))=INDEX($F$2:$F$83,MATCH(VALUE(MID(O84,2,3)),$A$2:$A$83,0)),INDEX($G$2:$G$83,MATCH(VALUE(MID(O84,2,3)),$A$2:$A$83,0)),IF(INDEX($J$2:$J$83,MATCH(VALUE(MID(O84,2,3)),$A$2:$A$83,0))=INDEX($G$2:$G$83,MATCH(VALUE(MID(O84,2,3)),$A$2:$A$83,0)),INDEX($F$2:$F$83,MATCH(VALUE(MID(O84,2,3)),$A$2:$A$83,0)),O84)),O84),IFERROR(IF(VLOOKUP(RIGHT(O84,1)&LEFT(O84,1),Clasificacion!$O$2:$Q$49,2,FALSE)="",O84,VLOOKUP(RIGHT(O84,1)&LEFT(O84,1),Clasificacion!$O$2:$Q$49,2,FALSE)),O84))))) -> 2L | J84: =IF(OR(H84="",I84=""),"",IF(H84>I84,F84,IF(I84>H84,G84,"Empate"))) | K84: Toronto | L84: =IF(N84="","",IF(LEFT(N84,1)="3",IFERROR(IF(VLOOKUP($A84&"L",Asignacion_3ros!$A$2:$G$9,7,FALSE)="",N84,VLOOKUP($A84&"L",Asignacion_3ros!$A$2:$G$9,7,FALSE)),N84),IF(LEFT(N84,1)="W",IFERROR(IF(INDEX($J$2:$J$83,MATCH(VALUE(MID(N84,2,3)),$A$2:$A$83,0))=INDEX($F$2:$F$83,MATCH(VALUE(MID(N84,2,3)),$A$2:$A$83,0)),INDEX($L$2:$L$83,MATCH(VALUE(MID(N84,2,3)),$A$2:$A$83,0)),IF(INDEX($J$2:$J$83,MATCH(VALUE(MID(N84,2,3)),$A$2:$A$83,0))=INDEX($G$2:$G$83,MATCH(VALUE(MID(N84,2,3)),$A$2:$A$83,0)),INDEX($M$2:$M$83,MATCH(VALUE(MID(N84,2,3)),$A$2:$A$83,0)),N84)),N84),IF(LEFT(N84,1)="L",IFERROR(IF(INDEX($J$2:$J$83,MATCH(VALUE(MID(N84,2,3)),$A$2:$A$83,0))=INDEX($F$2:$F$83,MATCH(VALUE(MID(N84,2,3)),$A$2:$A$83,0)),INDEX($M$2:$M$83,MATCH(VALUE(MID(N84,2,3)),$A$2:$A$83,0)),IF(INDEX($J$2:$J$83,MATCH(VALUE(MID(N84,2,3)),$A$2:$A$83,0))=INDEX($G$2:$G$83,MATCH(VALUE(MID(N84,2,3)),$A$2:$A$83,0)),INDEX($L$2:$L$83,MATCH(VALUE(MID(N84,2,3)),$A$2:$A$83,0)),N84)),N84),IFERROR(IF(VLOOKUP(RIGHT(N84,1)&LEFT(N84,1),Clasificacion!$O$2:$Q$49,3,FALSE)="",N84,VLOOKUP(RIGHT(N84,1)&LEFT(N84,1),Clasificacion!$O$2:$Q$49,3,FALSE)),N84))))) -> 2K | M84: =IF(O84="","",IF(LEFT(O84,1)="3",IFERROR(IF(VLOOKUP($A84&"V",Asignacion_3ros!$A$2:$G$9,7,FALSE)="",O84,VLOOKUP($A84&"V",Asignacion_3ros!$A$2:$G$9,7,FALSE)),O84),IF(LEFT(O84,1)="W",IFERROR(IF(INDEX($J$2:$J$83,MATCH(VALUE(MID(O84,2,3)),$A$2:$A$83,0))=INDEX($F$2:$F$83,MATCH(VALUE(MID(O84,2,3)),$A$2:$A$83,0)),INDEX($L$2:$L$83,MATCH(VALUE(MID(O84,2,3)),$A$2:$A$83,0)),IF(INDEX($J$2:$J$83,MATCH(VALUE(MID(O84,2,3)),$A$2:$A$83,0))=INDEX($G$2:$G$83,MATCH(VALUE(MID(O84,2,3)),$A$2:$A$83,0)),INDEX($M$2:$M$83,MATCH(VALUE(MID(O84,2,3)),$A$2:$A$83,0)),O84)),O84),IF(LEFT(O84,1)="L",IFERROR(IF(INDEX($J$2:$J$83,MATCH(VALUE(MID(O84,2,3)),$A$2:$A$83,0))=INDEX($F$2:$F$83,MATCH(VALUE(MID(O84,2,3)),$A$2:$A$83,0)),INDEX($M$2:$M$83,MATCH(VALUE(MID(O84,2,3)),$A$2:$A$83,0)),IF(INDEX($J$2:$J$83,MATCH(VALUE(MID(O84,2,3)),$A$2:$A$83,0))=INDEX($G$2:$G$83,MATCH(VALUE(MID(O84,2,3)),$A$2:$A$83,0)),INDEX($L$2:$L$83,MATCH(VALUE(MID(O84,2,3)),$A$2:$A$83,0)),O84)),O84),IFERROR(IF(VLOOKUP(RIGHT(O84,1)&LEFT(O84,1),Clasificacion!$O$2:$Q$49,3,FALSE)="",O84,VLOOKUP(RIGHT(O84,1)&LEFT(O84,1),Clasificacion!$O$2:$Q$49,3,FALSE)),O84))))) -> 2L | N84: 2K | O84: 2L | P84: FIFA/CBS
A85: 84 | B85: 46205 | C85: 15:00 | D85: Ronda de 32 | F85: =IF(N85="","",IF(LEFT(N85,1)="3",IFERROR(IF(VLOOKUP($A85&"L",Asignacion_3ros!$A$2:$G$9,6,FALSE)="",N85,VLOOKUP($A85&"L",Asignacion_3ros!$A$2:$G$9,6,FALSE)),N85),IF(LEFT(N85,1)="W",IFERROR(IF(INDEX($J$2:$J$84,MATCH(VALUE(MID(N85,2,3)),$A$2:$A$84,0))="",N85,INDEX($J$2:$J$84,MATCH(VALUE(MID(N85,2,3)),$A$2:$A$84,0))),N85),IF(LEFT(N85,1)="L",IFERROR(IF(INDEX($J$2:$J$84,MATCH(VALUE(MID(N85,2,3)),$A$2:$A$84,0))=INDEX($F$2:$F$84,MATCH(VALUE(MID(N85,2,3)),$A$2:$A$84,0)),INDEX($G$2:$G$84,MATCH(VALUE(MID(N85,2,3)),$A$2:$A$84,0)),IF(INDEX($J$2:$J$84,MATCH(VALUE(MID(N85,2,3)),$A$2:$A$84,0))=INDEX($G$2:$G$84,MATCH(VALUE(MID(N85,2,3)),$A$2:$A$84,0)),INDEX($F$2:$F$84,MATCH(VALUE(MID(N85,2,3)),$A$2:$A$84,0)),N85)),N85),IFERROR(IF(VLOOKUP(RIGHT(N85,1)&LEFT(N85,1),Clasificacion!$O$2:$Q$49,2,FALSE)="",N85,VLOOKUP(RIGHT(N85,1)&LEFT(N85,1),Clasificacion!$O$2:$Q$49,2,FALSE)),N85))))) -> 1H | G85: =IF(O85="","",IF(LEFT(O85,1)="3",IFERROR(IF(VLOOKUP($A85&"V",Asignacion_3ros!$A$2:$G$9,6,FALSE)="",O85,VLOOKUP($A85&"V",Asignacion_3ros!$A$2:$G$9,6,FALSE)),O85),IF(LEFT(O85,1)="W",IFERROR(IF(INDEX($J$2:$J$84,MATCH(VALUE(MID(O85,2,3)),$A$2:$A$84,0))="",O85,INDEX($J$2:$J$84,MATCH(VALUE(MID(O85,2,3)),$A$2:$A$84,0))),O85),IF(LEFT(O85,1)="L",IFERROR(IF(INDEX($J$2:$J$84,MATCH(VALUE(MID(O85,2,3)),$A$2:$A$84,0))=INDEX($F$2:$F$84,MATCH(VALUE(MID(O85,2,3)),$A$2:$A$84,0)),INDEX($G$2:$G$84,MATCH(VALUE(MID(O85,2,3)),$A$2:$A$84,0)),IF(INDEX($J$2:$J$84,MATCH(VALUE(MID(O85,2,3)),$A$2:$A$84,0))=INDEX($G$2:$G$84,MATCH(VALUE(MID(O85,2,3)),$A$2:$A$84,0)),INDEX($F$2:$F$84,MATCH(VALUE(MID(O85,2,3)),$A$2:$A$84,0)),O85)),O85),IFERROR(IF(VLOOKUP(RIGHT(O85,1)&LEFT(O85,1),Clasificacion!$O$2:$Q$49,2,FALSE)="",O85,VLOOKUP(RIGHT(O85,1)&LEFT(O85,1),Clasificacion!$O$2:$Q$49,2,FALSE)),O85))))) -> 2J | J85: =IF(OR(H85="",I85=""),"",IF(H85>I85,F85,IF(I85>H85,G85,"Empate"))) | K85: Los Angeles | L85: =IF(N85="","",IF(LEFT(N85,1)="3",IFERROR(IF(VLOOKUP($A85&"L",Asignacion_3ros!$A$2:$G$9,7,FALSE)="",N85,VLOOKUP($A85&"L",Asignacion_3ros!$A$2:$G$9,7,FALSE)),N85),IF(LEFT(N85,1)="W",IFERROR(IF(INDEX($J$2:$J$84,MATCH(VALUE(MID(N85,2,3)),$A$2:$A$84,0))=INDEX($F$2:$F$84,MATCH(VALUE(MID(N85,2,3)),$A$2:$A$84,0)),INDEX($L$2:$L$84,MATCH(VALUE(MID(N85,2,3)),$A$2:$A$84,0)),IF(INDEX($J$2:$J$84,MATCH(VALUE(MID(N85,2,3)),$A$2:$A$84,0))=INDEX($G$2:$G$84,MATCH(VALUE(MID(N85,2,3)),$A$2:$A$84,0)),INDEX($M$2:$M$84,MATCH(VALUE(MID(N85,2,3)),$A$2:$A$84,0)),N85)),N85),IF(LEFT(N85,1)="L",IFERROR(IF(INDEX($J$2:$J$84,MATCH(VALUE(MID(N85,2,3)),$A$2:$A$84,0))=INDEX($F$2:$F$84,MATCH(VALUE(MID(N85,2,3)),$A$2:$A$84,0)),INDEX($M$2:$M$84,MATCH(VALUE(MID(N85,2,3)),$A$2:$A$84,0)),IF(INDEX($J$2:$J$84,MATCH(VALUE(MID(N85,2,3)),$A$2:$A$84,0))=INDEX($G$2:$G$84,MATCH(VALUE(MID(N85,2,3)),$A$2:$A$84,0)),INDEX($L$2:$L$84,MATCH(VALUE(MID(N85,2,3)),$A$2:$A$84,0)),N85)),N85),IFERROR(IF(VLOOKUP(RIGHT(N85,1)&LEFT(N85,1),Clasificacion!$O$2:$Q$49,3,FALSE)="",N85,VLOOKUP(RIGHT(N85,1)&LEFT(N85,1),Clasificacion!$O$2:$Q$49,3,FALSE)),N85))))) -> 1H | M85: =IF(O85="","",IF(LEFT(O85,1)="3",IFERROR(IF(VLOOKUP($A85&"V",Asignacion_3ros!$A$2:$G$9,7,FALSE)="",O85,VLOOKUP($A85&"V",Asignacion_3ros!$A$2:$G$9,7,FALSE)),O85),IF(LEFT(O85,1)="W",IFERROR(IF(INDEX($J$2:$J$84,MATCH(VALUE(MID(O85,2,3)),$A$2:$A$84,0))=INDEX($F$2:$F$84,MATCH(VALUE(MID(O85,2,3)),$A$2:$A$84,0)),INDEX($L$2:$L$84,MATCH(VALUE(MID(O85,2,3)),$A$2:$A$84,0)),IF(INDEX($J$2:$J$84,MATCH(VALUE(MID(O85,2,3)),$A$2:$A$84,0))=INDEX($G$2:$G$84,MATCH(VALUE(MID(O85,2,3)),$A$2:$A$84,0)),INDEX($M$2:$M$84,MATCH(VALUE(MID(O85,2,3)),$A$2:$A$84,0)),O85)),O85),IF(LEFT(O85,1)="L",IFERROR(IF(INDEX($J$2:$J$84,MATCH(VALUE(MID(O85,2,3)),$A$2:$A$84,0))=INDEX($F$2:$F$84,MATCH(VALUE(MID(O85,2,3)),$A$2:$A$84,0)),INDEX($M$2:$M$84,MATCH(VALUE(MID(O85,2,3)),$A$2:$A$84,0)),IF(INDEX($J$2:$J$84,MATCH(VALUE(MID(O85,2,3)),$A$2:$A$84,0))=INDEX($G$2:$G$84,MATCH(VALUE(MID(O85,2,3)),$A$2:$A$84,0)),INDEX($L$2:$L$84,MATCH(VALUE(MID(O85,2,3)),$A$2:$A$84,0)),O85)),O85),IFERROR(IF(VLOOKUP(RIGHT(O85,1)&LEFT(O85,1),Clasificacion!$O$2:$Q$49,3,FALSE)="",O85,VLOOKUP(RIGHT(O85,1)&LEFT(O85,1),Clasificacion!$O$2:$Q$49,3,FALSE)),O85))))) -> 2J | N85: 1H | O85: 2J | P85: FIFA/CBS
A86: 85 | B86: 46206 | C86: 23:00 | D86: Ronda de 32 | F86: =IF(N86="","",IF(LEFT(N86,1)="3",IFERROR(IF(VLOOKUP($A86&"L",Asignacion_3ros!$A$2:$G$9,6,FALSE)="",N86,VLOOKUP($A86&"L",Asignacion_3ros!$A$2:$G$9,6,FALSE)),N86),IF(LEFT(N86,1)="W",IFERROR(IF(INDEX($J$2:$J$85,MATCH(VALUE(MID(N86,2,3)),$A$2:$A$85,0))="",N86,INDEX($J$2:$J$85,MATCH(VALUE(MID(N86,2,3)),$A$2:$A$85,0))),N86),IF(LEFT(N86,1)="L",IFERROR(IF(INDEX($J$2:$J$85,MATCH(VALUE(MID(N86,2,3)),$A$2:$A$85,0))=INDEX($F$2:$F$85,MATCH(VALUE(MID(N86,2,3)),$A$2:$A$85,0)),INDEX($G$2:$G$85,MATCH(VALUE(MID(N86,2,3)),$A$2:$A$85,0)),IF(INDEX($J$2:$J$85,MATCH(VALUE(MID(N86,2,3)),$A$2:$A$85,0))=INDEX($G$2:$G$85,MATCH(VALUE(MID(N86,2,3)),$A$2:$A$85,0)),INDEX($F$2:$F$85,MATCH(VALUE(MID(N86,2,3)),$A$2:$A$85,0)),N86)),N86),IFERROR(IF(VLOOKUP(RIGHT(N86,1)&LEFT(N86,1),Clasificacion!$O$2:$Q$49,2,FALSE)="",N86,VLOOKUP(RIGHT(N86,1)&LEFT(N86,1),Clasificacion!$O$2:$Q$49,2,FALSE)),N86))))) -> 1B | G86: =IF(O86="","",IF(LEFT(O86,1)="3",IFERROR(IF(VLOOKUP($A86&"V",Asignacion_3ros!$A$2:$G$9,6,FALSE)="",O86,VLOOKUP($A86&"V",Asignacion_3ros!$A$2:$G$9,6,FALSE)),O86),IF(LEFT(O86,1)="W",IFERROR(IF(INDEX($J$2:$J$85,MATCH(VALUE(MID(O86,2,3)),$A$2:$A$85,0))="",O86,INDEX($J$2:$J$85,MATCH(VALUE(MID(O86,2,3)),$A$2:$A$85,0))),O86),IF(LEFT(O86,1)="L",IFERROR(IF(INDEX($J$2:$J$85,MATCH(VALUE(MID(O86,2,3)),$A$2:$A$85,0))=INDEX($F$2:$F$85,MATCH(VALUE(MID(O86,2,3)),$A$2:$A$85,0)),INDEX($G$2:$G$85,MATCH(VALUE(MID(O86,2,3)),$A$2:$A$85,0)),IF(INDEX($J$2:$J$85,MATCH(VALUE(MID(O86,2,3)),$A$2:$A$85,0))=INDEX($G$2:$G$85,MATCH(VALUE(MID(O86,2,3)),$A$2:$A$85,0)),INDEX($F$2:$F$85,MATCH(VALUE(MID(O86,2,3)),$A$2:$A$85,0)),O86)),O86),IFERROR(IF(VLOOKUP(RIGHT(O86,1)&LEFT(O86,1),Clasificacion!$O$2:$Q$49,2,FALSE)="",O86,VLOOKUP(RIGHT(O86,1)&LEFT(O86,1),Clasificacion!$O$2:$Q$49,2,FALSE)),O86))))) -> Bosnia y Herzegovina | J86: =IF(OR(H86="",I86=""),"",IF(H86>I86,F86,IF(I86>H86,G86,"Empate"))) | K86: Vancouver | L86: =IF(N86="","",IF(LEFT(N86,1)="3",IFERROR(IF(VLOOKUP($A86&"L",Asignacion_3ros!$A$2:$G$9,7,FALSE)="",N86,VLOOKUP($A86&"L",Asignacion_3ros!$A$2:$G$9,7,FALSE)),N86),IF(LEFT(N86,1)="W",IFERROR(IF(INDEX($J$2:$J$85,MATCH(VALUE(MID(N86,2,3)),$A$2:$A$85,0))=INDEX($F$2:$F$85,MATCH(VALUE(MID(N86,2,3)),$A$2:$A$85,0)),INDEX($L$2:$L$85,MATCH(VALUE(MID(N86,2,3)),$A$2:$A$85,0)),IF(INDEX($J$2:$J$85,MATCH(VALUE(MID(N86,2,3)),$A$2:$A$85,0))=INDEX($G$2:$G$85,MATCH(VALUE(MID(N86,2,3)),$A$2:$A$85,0)),INDEX($M$2:$M$85,MATCH(VALUE(MID(N86,2,3)),$A$2:$A$85,0)),N86)),N86),IF(LEFT(N86,1)="L",IFERROR(IF(INDEX($J$2:$J$85,MATCH(VALUE(MID(N86,2,3)),$A$2:$A$85,0))=INDEX($F$2:$F$85,MATCH(VALUE(MID(N86,2,3)),$A$2:$A$85,0)),INDEX($M$2:$M$85,MATCH(VALUE(MID(N86,2,3)),$A$2:$A$85,0)),IF(INDEX($J$2:$J$85,MATCH(VALUE(MID(N86,2,3)),$A$2:$A$85,0))=INDEX($G$2:$G$85,MATCH(VALUE(MID(N86,2,3)),$A$2:$A$85,0)),INDEX($L$2:$L$85,MATCH(VALUE(MID(N86,2,3)),$A$2:$A$85,0)),N86)),N86),IFERROR(IF(VLOOKUP(RIGHT(N86,1)&LEFT(N86,1),Clasificacion!$O$2:$Q$49,3,FALSE)="",N86,VLOOKUP(RIGHT(N86,1)&LEFT(N86,1),Clasificacion!$O$2:$Q$49,3,FALSE)),N86))))) -> 1B | M86: =IF(O86="","",IF(LEFT(O86,1)="3",IFERROR(IF(VLOOKUP($A86&"V",Asignacion_3ros!$A$2:$G$9,7,FALSE)="",O86,VLOOKUP($A86&"V",Asignacion_3ros!$A$2:$G$9,7,FALSE)),O86),IF(LEFT(O86,1)="W",IFERROR(IF(INDEX($J$2:$J$85,MATCH(VALUE(MID(O86,2,3)),$A$2:$A$85,0))=INDEX($F$2:$F$85,MATCH(VALUE(MID(O86,2,3)),$A$2:$A$85,0)),INDEX($L$2:$L$85,MATCH(VALUE(MID(O86,2,3)),$A$2:$A$85,0)),IF(INDEX($J$2:$J$85,MATCH(VALUE(MID(O86,2,3)),$A$2:$A$85,0))=INDEX($G$2:$G$85,MATCH(VALUE(MID(O86,2,3)),$A$2:$A$85,0)),INDEX($M$2:$M$85,MATCH(VALUE(MID(O86,2,3)),$A$2:$A$85,0)),O86)),O86),IF(LEFT(O86,1)="L",IFERROR(IF(INDEX($J$2:$J$85,MATCH(VALUE(MID(O86,2,3)),$A$2:$A$85,0))=INDEX($F$2:$F$85,MATCH(VALUE(MID(O86,2,3)),$A$2:$A$85,0)),INDEX($M$2:$M$85,MATCH(VALUE(MID(O86,2,3)),$A$2:$A$85,0)),IF(INDEX($J$2:$J$85,MATCH(VALUE(MID(O86,2,3)),$A$2:$A$85,0))=INDEX($G$2:$G$85,MATCH(VALUE(MID(O86,2,3)),$A$2:$A$85,0)),INDEX($L$2:$L$85,MATCH(VALUE(MID(O86,2,3)),$A$2:$A$85,0)),O86)),O86),IFERROR(IF(VLOOKUP(RIGHT(O86,1)&LEFT(O86,1),Clasificacion!$O$2:$Q$49,3,FALSE)="",O86,VLOOKUP(RIGHT(O86,1)&LEFT(O86,1),Clasificacion!$O$2:$Q$49,3,FALSE)),O86))))) -> BIH | N86: 1B | O86: 3E/F/G/I/J | P86: FIFA/CBS
A87: 86 | B87: 46206 | C87: 18:00 | D87: Ronda de 32 | F87: =IF(N87="","",IF(LEFT(N87,1)="3",IFERROR(IF(VLOOKUP($A87&"L",Asignacion_3ros!$A$2:$G$9,6,FALSE)="",N87,VLOOKUP($A87&"L",Asignacion_3ros!$A$2:$G$9,6,FALSE)),N87),IF(LEFT(N87,1)="W",IFERROR(IF(INDEX($J$2:$J$86,MATCH(VALUE(MID(N87,2,3)),$A$2:$A$86,0))="",N87,INDEX($J$2:$J$86,MATCH(VALUE(MID(N87,2,3)),$A$2:$A$86,0))),N87),IF(LEFT(N87,1)="L",IFERROR(IF(INDEX($J$2:$J$86,MATCH(VALUE(MID(N87,2,3)),$A$2:$A$86,0))=INDEX($F$2:$F$86,MATCH(VALUE(MID(N87,2,3)),$A$2:$A$86,0)),INDEX($G$2:$G$86,MATCH(VALUE(MID(N87,2,3)),$A$2:$A$86,0)),IF(INDEX($J$2:$J$86,MATCH(VALUE(MID(N87,2,3)),$A$2:$A$86,0))=INDEX($G$2:$G$86,MATCH(VALUE(MID(N87,2,3)),$A$2:$A$86,0)),INDEX($F$2:$F$86,MATCH(VALUE(MID(N87,2,3)),$A$2:$A$86,0)),N87)),N87),IFERROR(IF(VLOOKUP(RIGHT(N87,1)&LEFT(N87,1),Clasificacion!$O$2:$Q$49,2,FALSE)="",N87,VLOOKUP(RIGHT(N87,1)&LEFT(N87,1),Clasificacion!$O$2:$Q$49,2,FALSE)),N87))))) -> 1J | G87: =IF(O87="","",IF(LEFT(O87,1)="3",IFERROR(IF(VLOOKUP($A87&"V",Asignacion_3ros!$A$2:$G$9,6,FALSE)="",O87,VLOOKUP($A87&"V",Asignacion_3ros!$A$2:$G$9,6,FALSE)),O87),IF(LEFT(O87,1)="W",IFERROR(IF(INDEX($J$2:$J$86,MATCH(VALUE(MID(O87,2,3)),$A$2:$A$86,0))="",O87,INDEX($J$2:$J$86,MATCH(VALUE(MID(O87,2,3)),$A$2:$A$86,0))),O87),IF(LEFT(O87,1)="L",IFERROR(IF(INDEX($J$2:$J$86,MATCH(VALUE(MID(O87,2,3)),$A$2:$A$86,0))=INDEX($F$2:$F$86,MATCH(VALUE(MID(O87,2,3)),$A$2:$A$86,0)),INDEX($G$2:$G$86,MATCH(VALUE(MID(O87,2,3)),$A$2:$A$86,0)),IF(INDEX($J$2:$J$86,MATCH(VALUE(MID(O87,2,3)),$A$2:$A$86,0))=INDEX($G$2:$G$86,MATCH(VALUE(MID(O87,2,3)),$A$2:$A$86,0)),INDEX($F$2:$F$86,MATCH(VALUE(MID(O87,2,3)),$A$2:$A$86,0)),O87)),O87),IFERROR(IF(VLOOKUP(RIGHT(O87,1)&LEFT(O87,1),Clasificacion!$O$2:$Q$49,2,FALSE)="",O87,VLOOKUP(RIGHT(O87,1)&LEFT(O87,1),Clasificacion!$O$2:$Q$49,2,FALSE)),O87))))) -> 2H | J87: =IF(OR(H87="",I87=""),"",IF(H87>I87,F87,IF(I87>H87,G87,"Empate"))) | K87: Miami | L87: =IF(N87="","",IF(LEFT(N87,1)="3",IFERROR(IF(VLOOKUP($A87&"L",Asignacion_3ros!$A$2:$G$9,7,FALSE)="",N87,VLOOKUP($A87&"L",Asignacion_3ros!$A$2:$G$9,7,FALSE)),N87),IF(LEFT(N87,1)="W",IFERROR(IF(INDEX($J$2:$J$86,MATCH(VALUE(MID(N87,2,3)),$A$2:$A$86,0))=INDEX($F$2:$F$86,MATCH(VALUE(MID(N87,2,3)),$A$2:$A$86,0)),INDEX($L$2:$L$86,MATCH(VALUE(MID(N87,2,3)),$A$2:$A$86,0)),IF(INDEX($J$2:$J$86,MATCH(VALUE(MID(N87,2,3)),$A$2:$A$86,0))=INDEX($G$2:$G$86,MATCH(VALUE(MID(N87,2,3)),$A$2:$A$86,0)),INDEX($M$2:$M$86,MATCH(VALUE(MID(N87,2,3)),$A$2:$A$86,0)),N87)),N87),IF(LEFT(N87,1)="L",IFERROR(IF(INDEX($J$2:$J$86,MATCH(VALUE(MID(N87,2,3)),$A$2:$A$86,0))=INDEX($F$2:$F$86,MATCH(VALUE(MID(N87,2,3)),$A$2:$A$86,0)),INDEX($M$2:$M$86,MATCH(VALUE(MID(N87,2,3)),$A$2:$A$86,0)),IF(INDEX($J$2:$J$86,MATCH(VALUE(MID(N87,2,3)),$A$2:$A$86,0))=INDEX($G$2:$G$86,MATCH(VALUE(MID(N87,2,3)),$A$2:$A$86,0)),INDEX($L$2:$L$86,MATCH(VALUE(MID(N87,2,3)),$A$2:$A$86,0)),N87)),N87),IFERROR(IF(VLOOKUP(RIGHT(N87,1)&LEFT(N87,1),Clasificacion!$O$2:$Q$49,3,FALSE)="",N87,VLOOKUP(RIGHT(N87,1)&LEFT(N87,1),Clasificacion!$O$2:$Q$49,3,FALSE)),N87))))) -> 1J | M87: =IF(O87="","",IF(LEFT(O87,1)="3",IFERROR(IF(VLOOKUP($A87&"V",Asignacion_3ros!$A$2:$G$9,7,FALSE)="",O87,VLOOKUP($A87&"V",Asignacion_3ros!$A$2:$G$9,7,FALSE)),O87),IF(LEFT(O87,1)="W",IFERROR(IF(INDEX($J$2:$J$86,MATCH(VALUE(MID(O87,2,3)),$A$2:$A$86,0))=INDEX($F$2:$F$86,MATCH(VALUE(MID(O87,2,3)),$A$2:$A$86,0)),INDEX($L$2:$L$86,MATCH(VALUE(MID(O87,2,3)),$A$2:$A$86,0)),IF(INDEX($J$2:$J$86,MATCH(VALUE(MID(O87,2,3)),$A$2:$A$86,0))=INDEX($G$2:$G$86,MATCH(VALUE(MID(O87,2,3)),$A$2:$A$86,0)),INDEX($M$2:$M$86,MATCH(VALUE(MID(O87,2,3)),$A$2:$A$86,0)),O87)),O87),IF(LEFT(O87,1)="L",IFERROR(IF(INDEX($J$2:$J$86,MATCH(VALUE(MID(O87,2,3)),$A$2:$A$86,0))=INDEX($F$2:$F$86,MATCH(VALUE(MID(O87,2,3)),$A$2:$A$86,0)),INDEX($M$2:$M$86,MATCH(VALUE(MID(O87,2,3)),$A$2:$A$86,0)),IF(INDEX($J$2:$J$86,MATCH(VALUE(MID(O87,2,3)),$A$2:$A$86,0))=INDEX($G$2:$G$86,MATCH(VALUE(MID(O87,2,3)),$A$2:$A$86,0)),INDEX($L$2:$L$86,MATCH(VALUE(MID(O87,2,3)),$A$2:$A$86,0)),O87)),O87),IFERROR(IF(VLOOKUP(RIGHT(O87,1)&LEFT(O87,1),Clasificacion!$O$2:$Q$49,3,FALSE)="",O87,VLOOKUP(RIGHT(O87,1)&LEFT(O87,1),Clasificacion!$O$2:$Q$49,3,FALSE)),O87))))) -> 2H | N87: 1J | O87: 2H | P87: FIFA/CBS
A88: 87 | B88: 46206 | C88: 21:30 | D88: Ronda de 32 | F88: =IF(N88="","",IF(LEFT(N88,1)="3",IFERROR(IF(VLOOKUP($A88&"L",Asignacion_3ros!$A$2:$G$9,6,FALSE)="",N88,VLOOKUP($A88&"L",Asignacion_3ros!$A$2:$G$9,6,FALSE)),N88),IF(LEFT(N88,1)="W",IFERROR(IF(INDEX($J$2:$J$87,MATCH(VALUE(MID(N88,2,3)),$A$2:$A$87,0))="",N88,INDEX($J$2:$J$87,MATCH(VALUE(MID(N88,2,3)),$A$2:$A$87,0))),N88),IF(LEFT(N88,1)="L",IFERROR(IF(INDEX($J$2:$J$87,MATCH(VALUE(MID(N88,2,3)),$A$2:$A$87,0))=INDEX($F$2:$F$87,MATCH(VALUE(MID(N88,2,3)),$A$2:$A$87,0)),INDEX($G$2:$G$87,MATCH(VALUE(MID(N88,2,3)),$A$2:$A$87,0)),IF(INDEX($J$2:$J$87,MATCH(VALUE(MID(N88,2,3)),$A$2:$A$87,0))=INDEX($G$2:$G$87,MATCH(VALUE(MID(N88,2,3)),$A$2:$A$87,0)),INDEX($F$2:$F$87,MATCH(VALUE(MID(N88,2,3)),$A$2:$A$87,0)),N88)),N88),IFERROR(IF(VLOOKUP(RIGHT(N88,1)&LEFT(N88,1),Clasificacion!$O$2:$Q$49,2,FALSE)="",N88,VLOOKUP(RIGHT(N88,1)&LEFT(N88,1),Clasificacion!$O$2:$Q$49,2,FALSE)),N88))))) -> 1K | G88: =IF(O88="","",IF(LEFT(O88,1)="3",IFERROR(IF(VLOOKUP($A88&"V",Asignacion_3ros!$A$2:$G$9,6,FALSE)="",O88,VLOOKUP($A88&"V",Asignacion_3ros!$A$2:$G$9,6,FALSE)),O88),IF(LEFT(O88,1)="W",IFERROR(IF(INDEX($J$2:$J$87,MATCH(VALUE(MID(O88,2,3)),$A$2:$A$87,0))="",O88,INDEX($J$2:$J$87,MATCH(VALUE(MID(O88,2,3)),$A$2:$A$87,0))),O88),IF(LEFT(O88,1)="L",IFERROR(IF(INDEX($J$2:$J$87,MATCH(VALUE(MID(O88,2,3)),$A$2:$A$87,0))=INDEX($F$2:$F$87,MATCH(VALUE(MID(O88,2,3)),$A$2:$A$87,0)),INDEX($G$2:$G$87,MATCH(VALUE(MID(O88,2,3)),$A$2:$A$87,0)),IF(INDEX($J$2:$J$87,MATCH(VALUE(MID(O88,2,3)),$A$2:$A$87,0))=INDEX($G$2:$G$87,MATCH(VALUE(MID(O88,2,3)),$A$2:$A$87,0)),INDEX($F$2:$F$87,MATCH(VALUE(MID(O88,2,3)),$A$2:$A$87,0)),O88)),O88),IFERROR(IF(VLOOKUP(RIGHT(O88,1)&LEFT(O88,1),Clasificacion!$O$2:$Q$49,2,FALSE)="",O88,VLOOKUP(RIGHT(O88,1)&LEFT(O88,1),Clasificacion!$O$2:$Q$49,2,FALSE)),O88))))) -> Chequia | J88: =IF(OR(H88="",I88=""),"",IF(H88>I88,F88,IF(I88>H88,G88,"Empate"))) | K88: Kansas City | L88: =IF(N88="","",IF(LEFT(N88,1)="3",IFERROR(IF(VLOOKUP($A88&"L",Asignacion_3ros!$A$2:$G$9,7,FALSE)="",N88,VLOOKUP($A88&"L",Asignacion_3ros!$A$2:$G$9,7,FALSE)),N88),IF(LEFT(N88,1)="W",IFERROR(IF(INDEX($J$2:$J$87,MATCH(VALUE(MID(N88,2,3)),$A$2:$A$87,0))=INDEX($F$2:$F$87,MATCH(VALUE(MID(N88,2,3)),$A$2:$A$87,0)),INDEX($L$2:$L$87,MATCH(VALUE(MID(N88,2,3)),$A$2:$A$87,0)),IF(INDEX($J$2:$J$87,MATCH(VALUE(MID(N88,2,3)),$A$2:$A$87,0))=INDEX($G$2:$G$87,MATCH(VALUE(MID(N88,2,3)),$A$2:$A$87,0)),INDEX($M$2:$M$87,MATCH(VALUE(MID(N88,2,3)),$A$2:$A$87,0)),N88)),N88),IF(LEFT(N88,1)="L",IFERROR(IF(INDEX($J$2:$J$87,MATCH(VALUE(MID(N88,2,3)),$A$2:$A$87,0))=INDEX($F$2:$F$87,MATCH(VALUE(MID(N88,2,3)),$A$2:$A$87,0)),INDEX($M$2:$M$87,MATCH(VALUE(MID(N88,2,3)),$A$2:$A$87,0)),IF(INDEX($J$2:$J$87,MATCH(VALUE(MID(N88,2,3)),$A$2:$A$87,0))=INDEX($G$2:$G$87,MATCH(VALUE(MID(N88,2,3)),$A$2:$A$87,0)),INDEX($L$2:$L$87,MATCH(VALUE(MID(N88,2,3)),$A$2:$A$87,0)),N88)),N88),IFERROR(IF(VLOOKUP(RIGHT(N88,1)&LEFT(N88,1),Clasificacion!$O$2:$Q$49,3,FALSE)="",N88,VLOOKUP(RIGHT(N88,1)&LEFT(N88,1),Clasificacion!$O$2:$Q$49,3,FALSE)),N88))))) -> 1K | M88: =IF(O88="","",IF(LEFT(O88,1)="3",IFERROR(IF(VLOOKUP($A88&"V",Asignacion_3ros!$A$2:$G$9,7,FALSE)="",O88,VLOOKUP($A88&"V",Asignacion_3ros!$A$2:$G$9,7,FALSE)),O88),IF(LEFT(O88,1)="W",IFERROR(IF(INDEX($J$2:$J$87,MATCH(VALUE(MID(O88,2,3)),$A$2:$A$87,0))=INDEX($F$2:$F$87,MATCH(VALUE(MID(O88,2,3)),$A$2:$A$87,0)),INDEX($L$2:$L$87,MATCH(VALUE(MID(O88,2,3)),$A$2:$A$87,0)),IF(INDEX($J$2:$J$87,MATCH(VALUE(MID(O88,2,3)),$A$2:$A$87,0))=INDEX($G$2:$G$87,MATCH(VALUE(MID(O88,2,3)),$A$2:$A$87,0)),INDEX($M$2:$M$87,MATCH(VALUE(MID(O88,2,3)),$A$2:$A$87,0)),O88)),O88),IF(LEFT(O88,1)="L",IFERROR(IF(INDEX($J$2:$J$87,MATCH(VALUE(MID(O88,2,3)),$A$2:$A$87,0))=INDEX($F$2:$F$87,MATCH(VALUE(MID(O88,2,3)),$A$2:$A$87,0)),INDEX($M$2:$M$87,MATCH(VALUE(MID(O88,2,3)),$A$2:$A$87,0)),IF(INDEX($J$2:$J$87,MATCH(VALUE(MID(O88,2,3)),$A$2:$A$87,0))=INDEX($G$2:$G$87,MATCH(VALUE(MID(O88,2,3)),$A$2:$A$87,0)),INDEX($L$2:$L$87,MATCH(VALUE(MID(O88,2,3)),$A$2:$A$87,0)),O88)),O88),IFERROR(IF(VLOOKUP(RIGHT(O88,1)&LEFT(O88,1),Clasificacion!$O$2:$Q$49,3,FALSE)="",O88,VLOOKUP(RIGHT(O88,1)&LEFT(O88,1),Clasificacion!$O$2:$Q$49,3,FALSE)),O88))))) -> CZE | N88: 1K | O88: 3D/E/I/J/L | P88: FIFA/CBS
A89: 88 | B89: 46206 | C89: 14:00 | D89: Ronda de 32 | F89: =IF(N89="","",IF(LEFT(N89,1)="3",IFERROR(IF(VLOOKUP($A89&"L",Asignacion_3ros!$A$2:$G$9,6,FALSE)="",N89,VLOOKUP($A89&"L",Asignacion_3ros!$A$2:$G$9,6,FALSE)),N89),IF(LEFT(N89,1)="W",IFERROR(IF(INDEX($J$2:$J$88,MATCH(VALUE(MID(N89,2,3)),$A$2:$A$88,0))="",N89,INDEX($J$2:$J$88,MATCH(VALUE(MID(N89,2,3)),$A$2:$A$88,0))),N89),IF(LEFT(N89,1)="L",IFERROR(IF(INDEX($J$2:$J$88,MATCH(VALUE(MID(N89,2,3)),$A$2:$A$88,0))=INDEX($F$2:$F$88,MATCH(VALUE(MID(N89,2,3)),$A$2:$A$88,0)),INDEX($G$2:$G$88,MATCH(VALUE(MID(N89,2,3)),$A$2:$A$88,0)),IF(INDEX($J$2:$J$88,MATCH(VALUE(MID(N89,2,3)),$A$2:$A$88,0))=INDEX($G$2:$G$88,MATCH(VALUE(MID(N89,2,3)),$A$2:$A$88,0)),INDEX($F$2:$F$88,MATCH(VALUE(MID(N89,2,3)),$A$2:$A$88,0)),N89)),N89),IFERROR(IF(VLOOKUP(RIGHT(N89,1)&LEFT(N89,1),Clasificacion!$O$2:$Q$49,2,FALSE)="",N89,VLOOKUP(RIGHT(N89,1)&LEFT(N89,1),Clasificacion!$O$2:$Q$49,2,FALSE)),N89))))) -> 2D | G89: =IF(O89="","",IF(LEFT(O89,1)="3",IFERROR(IF(VLOOKUP($A89&"V",Asignacion_3ros!$A$2:$G$9,6,FALSE)="",O89,VLOOKUP($A89&"V",Asignacion_3ros!$A$2:$G$9,6,FALSE)),O89),IF(LEFT(O89,1)="W",IFERROR(IF(INDEX($J$2:$J$88,MATCH(VALUE(MID(O89,2,3)),$A$2:$A$88,0))="",O89,INDEX($J$2:$J$88,MATCH(VALUE(MID(O89,2,3)),$A$2:$A$88,0))),O89),IF(LEFT(O89,1)="L",IFERROR(IF(INDEX($J$2:$J$88,MATCH(VALUE(MID(O89,2,3)),$A$2:$A$88,0))=INDEX($F$2:$F$88,MATCH(VALUE(MID(O89,2,3)),$A$2:$A$88,0)),INDEX($G$2:$G$88,MATCH(VALUE(MID(O89,2,3)),$A$2:$A$88,0)),IF(INDEX($J$2:$J$88,MATCH(VALUE(MID(O89,2,3)),$A$2:$A$88,0))=INDEX($G$2:$G$88,MATCH(VALUE(MID(O89,2,3)),$A$2:$A$88,0)),INDEX($F$2:$F$88,MATCH(VALUE(MID(O89,2,3)),$A$2:$A$88,0)),O89)),O89),IFERROR(IF(VLOOKUP(RIGHT(O89,1)&LEFT(O89,1),Clasificacion!$O$2:$Q$49,2,FALSE)="",O89,VLOOKUP(RIGHT(O89,1)&LEFT(O89,1),Clasificacion!$O$2:$Q$49,2,FALSE)),O89))))) -> 2G | J89: =IF(OR(H89="",I89=""),"",IF(H89>I89,F89,IF(I89>H89,G89,"Empate"))) | K89: Dallas | L89: =IF(N89="","",IF(LEFT(N89,1)="3",IFERROR(IF(VLOOKUP($A89&"L",Asignacion_3ros!$A$2:$G$9,7,FALSE)="",N89,VLOOKUP($A89&"L",Asignacion_3ros!$A$2:$G$9,7,FALSE)),N89),IF(LEFT(N89,1)="W",IFERROR(IF(INDEX($J$2:$J$88,MATCH(VALUE(MID(N89,2,3)),$A$2:$A$88,0))=INDEX($F$2:$F$88,MATCH(VALUE(MID(N89,2,3)),$A$2:$A$88,0)),INDEX($L$2:$L$88,MATCH(VALUE(MID(N89,2,3)),$A$2:$A$88,0)),IF(INDEX($J$2:$J$88,MATCH(VALUE(MID(N89,2,3)),$A$2:$A$88,0))=INDEX($G$2:$G$88,MATCH(VALUE(MID(N89,2,3)),$A$2:$A$88,0)),INDEX($M$2:$M$88,MATCH(VALUE(MID(N89,2,3)),$A$2:$A$88,0)),N89)),N89),IF(LEFT(N89,1)="L",IFERROR(IF(INDEX($J$2:$J$88,MATCH(VALUE(MID(N89,2,3)),$A$2:$A$88,0))=INDEX($F$2:$F$88,MATCH(VALUE(MID(N89,2,3)),$A$2:$A$88,0)),INDEX($M$2:$M$88,MATCH(VALUE(MID(N89,2,3)),$A$2:$A$88,0)),IF(INDEX($J$2:$J$88,MATCH(VALUE(MID(N89,2,3)),$A$2:$A$88,0))=INDEX($G$2:$G$88,MATCH(VALUE(MID(N89,2,3)),$A$2:$A$88,0)),INDEX($L$2:$L$88,MATCH(VALUE(MID(N89,2,3)),$A$2:$A$88,0)),N89)),N89),IFERROR(IF(VLOOKUP(RIGHT(N89,1)&LEFT(N89,1),Clasificacion!$O$2:$Q$49,3,FALSE)="",N89,VLOOKUP(RIGHT(N89,1)&LEFT(N89,1),Clasificacion!$O$2:$Q$49,3,FALSE)),N89))))) -> 2D | M89: =IF(O89="","",IF(LEFT(O89,1)="3",IFERROR(IF(VLOOKUP($A89&"V",Asignacion_3ros!$A$2:$G$9,7,FALSE)="",O89,VLOOKUP($A89&"V",Asignacion_3ros!$A$2:$G$9,7,FALSE)),O89),IF(LEFT(O89,1)="W",IFERROR(IF(INDEX($J$2:$J$88,MATCH(VALUE(MID(O89,2,3)),$A$2:$A$88,0))=INDEX($F$2:$F$88,MATCH(VALUE(MID(O89,2,3)),$A$2:$A$88,0)),INDEX($L$2:$L$88,MATCH(VALUE(MID(O89,2,3)),$A$2:$A$88,0)),IF(INDEX($J$2:$J$88,MATCH(VALUE(MID(O89,2,3)),$A$2:$A$88,0))=INDEX($G$2:$G$88,MATCH(VALUE(MID(O89,2,3)),$A$2:$A$88,0)),INDEX($M$2:$M$88,MATCH(VALUE(MID(O89,2,3)),$A$2:$A$88,0)),O89)),O89),IF(LEFT(O89,1)="L",IFERROR(IF(INDEX($J$2:$J$88,MATCH(VALUE(MID(O89,2,3)),$A$2:$A$88,0))=INDEX($F$2:$F$88,MATCH(VALUE(MID(O89,2,3)),$A$2:$A$88,0)),INDEX($M$2:$M$88,MATCH(VALUE(MID(O89,2,3)),$A$2:$A$88,0)),IF(INDEX($J$2:$J$88,MATCH(VALUE(MID(O89,2,3)),$A$2:$A$88,0))=INDEX($G$2:$G$88,MATCH(VALUE(MID(O89,2,3)),$A$2:$A$88,0)),INDEX($L$2:$L$88,MATCH(VALUE(MID(O89,2,3)),$A$2:$A$88,0)),O89)),O89),IFERROR(IF(VLOOKUP(RIGHT(O89,1)&LEFT(O89,1),Clasificacion!$O$2:$Q$49,3,FALSE)="",O89,VLOOKUP(RIGHT(O89,1)&LEFT(O89,1),Clasificacion!$O$2:$Q$49,3,FALSE)),O89))))) -> 2G | N89: 2D | O89: 2G | P89: FIFA/CBS
A90: 89 | B90: 46207 | C90: 17:00 | D90: Octavos | F90: =IF(N90="","",IF(LEFT(N90,1)="3",IFERROR(IF(VLOOKUP($A90&"L",Asignacion_3ros!$A$2:$G$9,6,FALSE)="",N90,VLOOKUP($A90&"L",Asignacion_3ros!$A$2:$G$9,6,FALSE)),N90),IF(LEFT(N90,1)="W",IFERROR(IF(INDEX($J$2:$J$89,MATCH(VALUE(MID(N90,2,3)),$A$2:$A$89,0))="",N90,INDEX($J$2:$J$89,MATCH(VALUE(MID(N90,2,3)),$A$2:$A$89,0))),N90),IF(LEFT(N90,1)="L",IFERROR(IF(INDEX($J$2:$J$89,MATCH(VALUE(MID(N90,2,3)),$A$2:$A$89,0))=INDEX($F$2:$F$89,MATCH(VALUE(MID(N90,2,3)),$A$2:$A$89,0)),INDEX($G$2:$G$89,MATCH(VALUE(MID(N90,2,3)),$A$2:$A$89,0)),IF(INDEX($J$2:$J$89,MATCH(VALUE(MID(N90,2,3)),$A$2:$A$89,0))=INDEX($G$2:$G$89,MATCH(VALUE(MID(N90,2,3)),$A$2:$A$89,0)),INDEX($F$2:$F$89,MATCH(VALUE(MID(N90,2,3)),$A$2:$A$89,0)),N90)),N90),IFERROR(IF(VLOOKUP(RIGHT(N90,1)&LEFT(N90,1),Clasificacion!$O$2:$Q$49,2,FALSE)="",N90,VLOOKUP(RIGHT(N90,1)&LEFT(N90,1),Clasificacion!$O$2:$Q$49,2,FALSE)),N90))))) -> W74 | G90: =IF(O90="","",IF(LEFT(O90,1)="3",IFERROR(IF(VLOOKUP($A90&"V",Asignacion_3ros!$A$2:$G$9,6,FALSE)="",O90,VLOOKUP($A90&"V",Asignacion_3ros!$A$2:$G$9,6,FALSE)),O90),IF(LEFT(O90,1)="W",IFERROR(IF(INDEX($J$2:$J$89,MATCH(VALUE(MID(O90,2,3)),$A$2:$A$89,0))="",O90,INDEX($J$2:$J$89,MATCH(VALUE(MID(O90,2,3)),$A$2:$A$89,0))),O90),IF(LEFT(O90,1)="L",IFERROR(IF(INDEX($J$2:$J$89,MATCH(VALUE(MID(O90,2,3)),$A$2:$A$89,0))=INDEX($F$2:$F$89,MATCH(VALUE(MID(O90,2,3)),$A$2:$A$89,0)),INDEX($G$2:$G$89,MATCH(VALUE(MID(O90,2,3)),$A$2:$A$89,0)),IF(INDEX($J$2:$J$89,MATCH(VALUE(MID(O90,2,3)),$A$2:$A$89,0))=INDEX($G$2:$G$89,MATCH(VALUE(MID(O90,2,3)),$A$2:$A$89,0)),INDEX($F$2:$F$89,MATCH(VALUE(MID(O90,2,3)),$A$2:$A$89,0)),O90)),O90),IFERROR(IF(VLOOKUP(RIGHT(O90,1)&LEFT(O90,1),Clasificacion!$O$2:$Q$49,2,FALSE)="",O90,VLOOKUP(RIGHT(O90,1)&LEFT(O90,1),Clasificacion!$O$2:$Q$49,2,FALSE)),O90))))) -> W77 | J90: =IF(OR(H90="",I90=""),"",IF(H90>I90,F90,IF(I90>H90,G90,"Empate"))) | K90: Philadelphia | L90: =IF(N90="","",IF(LEFT(N90,1)="3",IFERROR(IF(VLOOKUP($A90&"L",Asignacion_3ros!$A$2:$G$9,7,FALSE)="",N90,VLOOKUP($A90&"L",Asignacion_3ros!$A$2:$G$9,7,FALSE)),N90),IF(LEFT(N90,1)="W",IFERROR(IF(INDEX($J$2:$J$89,MATCH(VALUE(MID(N90,2,3)),$A$2:$A$89,0))=INDEX($F$2:$F$89,MATCH(VALUE(MID(N90,2,3)),$A$2:$A$89,0)),INDEX($L$2:$L$89,MATCH(VALUE(MID(N90,2,3)),$A$2:$A$89,0)),IF(INDEX($J$2:$J$89,MATCH(VALUE(MID(N90,2,3)),$A$2:$A$89,0))=INDEX($G$2:$G$89,MATCH(VALUE(MID(N90,2,3)),$A$2:$A$89,0)),INDEX($M$2:$M$89,MATCH(VALUE(MID(N90,2,3)),$A$2:$A$89,0)),N90)),N90),IF(LEFT(N90,1)="L",IFERROR(IF(INDEX($J$2:$J$89,MATCH(VALUE(MID(N90,2,3)),$A$2:$A$89,0))=INDEX($F$2:$F$89,MATCH(VALUE(MID(N90,2,3)),$A$2:$A$89,0)),INDEX($M$2:$M$89,MATCH(VALUE(MID(N90,2,3)),$A$2:$A$89,0)),IF(INDEX($J$2:$J$89,MATCH(VALUE(MID(N90,2,3)),$A$2:$A$89,0))=INDEX($G$2:$G$89,MATCH(VALUE(MID(N90,2,3)),$A$2:$A$89,0)),INDEX($L$2:$L$89,MATCH(VALUE(MID(N90,2,3)),$A$2:$A$89,0)),N90)),N90),IFERROR(IF(VLOOKUP(RIGHT(N90,1)&LEFT(N90,1),Clasificacion!$O$2:$Q$49,3,FALSE)="",N90,VLOOKUP(RIGHT(N90,1)&LEFT(N90,1),Clasificacion!$O$2:$Q$49,3,FALSE)),N90))))) -> W74 | M90: =IF(O90="","",IF(LEFT(O90,1)="3",IFERROR(IF(VLOOKUP($A90&"V",Asignacion_3ros!$A$2:$G$9,7,FALSE)="",O90,VLOOKUP($A90&"V",Asignacion_3ros!$A$2:$G$9,7,FALSE)),O90),IF(LEFT(O90,1)="W",IFERROR(IF(INDEX($J$2:$J$89,MATCH(VALUE(MID(O90,2,3)),$A$2:$A$89,0))=INDEX($F$2:$F$89,MATCH(VALUE(MID(O90,2,3)),$A$2:$A$89,0)),INDEX($L$2:$L$89,MATCH(VALUE(MID(O90,2,3)),$A$2:$A$89,0)),IF(INDEX($J$2:$J$89,MATCH(VALUE(MID(O90,2,3)),$A$2:$A$89,0))=INDEX($G$2:$G$89,MATCH(VALUE(MID(O90,2,3)),$A$2:$A$89,0)),INDEX($M$2:$M$89,MATCH(VALUE(MID(O90,2,3)),$A$2:$A$89,0)),O90)),O90),IF(LEFT(O90,1)="L",IFERROR(IF(INDEX($J$2:$J$89,MATCH(VALUE(MID(O90,2,3)),$A$2:$A$89,0))=INDEX($F$2:$F$89,MATCH(VALUE(MID(O90,2,3)),$A$2:$A$89,0)),INDEX($M$2:$M$89,MATCH(VALUE(MID(O90,2,3)),$A$2:$A$89,0)),IF(INDEX($J$2:$J$89,MATCH(VALUE(MID(O90,2,3)),$A$2:$A$89,0))=INDEX($G$2:$G$89,MATCH(VALUE(MID(O90,2,3)),$A$2:$A$89,0)),INDEX($L$2:$L$89,MATCH(VALUE(MID(O90,2,3)),$A$2:$A$89,0)),O90)),O90),IFERROR(IF(VLOOKUP(RIGHT(O90,1)&LEFT(O90,1),Clasificacion!$O$2:$Q$49,3,FALSE)="",O90,VLOOKUP(RIGHT(O90,1)&LEFT(O90,1),Clasificacion!$O$2:$Q$49,3,FALSE)),O90))))) -> W77 | N90: W74 | O90: W77 | P90: FIFA/CBS
A91: 90 | B91: 46207 | C91: 13:00 | D91: Octavos | F91: =IF(N91="","",IF(LEFT(N91,1)="3",IFERROR(IF(VLOOKUP($A91&"L",Asignacion_3ros!$A$2:$G$9,6,FALSE)="",N91,VLOOKUP($A91&"L",Asignacion_3ros!$A$2:$G$9,6,FALSE)),N91),IF(LEFT(N91,1)="W",IFERROR(IF(INDEX($J$2:$J$90,MATCH(VALUE(MID(N91,2,3)),$A$2:$A$90,0))="",N91,INDEX($J$2:$J$90,MATCH(VALUE(MID(N91,2,3)),$A$2:$A$90,0))),N91),IF(LEFT(N91,1)="L",IFERROR(IF(INDEX($J$2:$J$90,MATCH(VALUE(MID(N91,2,3)),$A$2:$A$90,0))=INDEX($F$2:$F$90,MATCH(VALUE(MID(N91,2,3)),$A$2:$A$90,0)),INDEX($G$2:$G$90,MATCH(VALUE(MID(N91,2,3)),$A$2:$A$90,0)),IF(INDEX($J$2:$J$90,MATCH(VALUE(MID(N91,2,3)),$A$2:$A$90,0))=INDEX($G$2:$G$90,MATCH(VALUE(MID(N91,2,3)),$A$2:$A$90,0)),INDEX($F$2:$F$90,MATCH(VALUE(MID(N91,2,3)),$A$2:$A$90,0)),N91)),N91),IFERROR(IF(VLOOKUP(RIGHT(N91,1)&LEFT(N91,1),Clasificacion!$O$2:$Q$49,2,FALSE)="",N91,VLOOKUP(RIGHT(N91,1)&LEFT(N91,1),Clasificacion!$O$2:$Q$49,2,FALSE)),N91))))) -> W73 | G91: =IF(O91="","",IF(LEFT(O91,1)="3",IFERROR(IF(VLOOKUP($A91&"V",Asignacion_3ros!$A$2:$G$9,6,FALSE)="",O91,VLOOKUP($A91&"V",Asignacion_3ros!$A$2:$G$9,6,FALSE)),O91),IF(LEFT(O91,1)="W",IFERROR(IF(INDEX($J$2:$J$90,MATCH(VALUE(MID(O91,2,3)),$A$2:$A$90,0))="",O91,INDEX($J$2:$J$90,MATCH(VALUE(MID(O91,2,3)),$A$2:$A$90,0))),O91),IF(LEFT(O91,1)="L",IFERROR(IF(INDEX($J$2:$J$90,MATCH(VALUE(MID(O91,2,3)),$A$2:$A$90,0))=INDEX($F$2:$F$90,MATCH(VALUE(MID(O91,2,3)),$A$2:$A$90,0)),INDEX($G$2:$G$90,MATCH(VALUE(MID(O91,2,3)),$A$2:$A$90,0)),IF(INDEX($J$2:$J$90,MATCH(VALUE(MID(O91,2,3)),$A$2:$A$90,0))=INDEX($G$2:$G$90,MATCH(VALUE(MID(O91,2,3)),$A$2:$A$90,0)),INDEX($F$2:$F$90,MATCH(VALUE(MID(O91,2,3)),$A$2:$A$90,0)),O91)),O91),IFERROR(IF(VLOOKUP(RIGHT(O91,1)&LEFT(O91,1),Clasificacion!$O$2:$Q$49,2,FALSE)="",O91,VLOOKUP(RIGHT(O91,1)&LEFT(O91,1),Clasificacion!$O$2:$Q$49,2,FALSE)),O91))))) -> W75 | J91: =IF(OR(H91="",I91=""),"",IF(H91>I91,F91,IF(I91>H91,G91,"Empate"))) | K91: Houston | L91: =IF(N91="","",IF(LEFT(N91,1)="3",IFERROR(IF(VLOOKUP($A91&"L",Asignacion_3ros!$A$2:$G$9,7,FALSE)="",N91,VLOOKUP($A91&"L",Asignacion_3ros!$A$2:$G$9,7,FALSE)),N91),IF(LEFT(N91,1)="W",IFERROR(IF(INDEX($J$2:$J$90,MATCH(VALUE(MID(N91,2,3)),$A$2:$A$90,0))=INDEX($F$2:$F$90,MATCH(VALUE(MID(N91,2,3)),$A$2:$A$90,0)),INDEX($L$2:$L$90,MATCH(VALUE(MID(N91,2,3)),$A$2:$A$90,0)),IF(INDEX($J$2:$J$90,MATCH(VALUE(MID(N91,2,3)),$A$2:$A$90,0))=INDEX($G$2:$G$90,MATCH(VALUE(MID(N91,2,3)),$A$2:$A$90,0)),INDEX($M$2:$M$90,MATCH(VALUE(MID(N91,2,3)),$A$2:$A$90,0)),N91)),N91),IF(LEFT(N91,1)="L",IFERROR(IF(INDEX($J$2:$J$90,MATCH(VALUE(MID(N91,2,3)),$A$2:$A$90,0))=INDEX($F$2:$F$90,MATCH(VALUE(MID(N91,2,3)),$A$2:$A$90,0)),INDEX($M$2:$M$90,MATCH(VALUE(MID(N91,2,3)),$A$2:$A$90,0)),IF(INDEX($J$2:$J$90,MATCH(VALUE(MID(N91,2,3)),$A$2:$A$90,0))=INDEX($G$2:$G$90,MATCH(VALUE(MID(N91,2,3)),$A$2:$A$90,0)),INDEX($L$2:$L$90,MATCH(VALUE(MID(N91,2,3)),$A$2:$A$90,0)),N91)),N91),IFERROR(IF(VLOOKUP(RIGHT(N91,1)&LEFT(N91,1),Clasificacion!$O$2:$Q$49,3,FALSE)="",N91,VLOOKUP(RIGHT(N91,1)&LEFT(N91,1),Clasificacion!$O$2:$Q$49,3,FALSE)),N91))))) -> W73 | M91: =IF(O91="","",IF(LEFT(O91,1)="3",IFERROR(IF(VLOOKUP($A91&"V",Asignacion_3ros!$A$2:$G$9,7,FALSE)="",O91,VLOOKUP($A91&"V",Asignacion_3ros!$A$2:$G$9,7,FALSE)),O91),IF(LEFT(O91,1)="W",IFERROR(IF(INDEX($J$2:$J$90,MATCH(VALUE(MID(O91,2,3)),$A$2:$A$90,0))=INDEX($F$2:$F$90,MATCH(VALUE(MID(O91,2,3)),$A$2:$A$90,0)),INDEX($L$2:$L$90,MATCH(VALUE(MID(O91,2,3)),$A$2:$A$90,0)),IF(INDEX($J$2:$J$90,MATCH(VALUE(MID(O91,2,3)),$A$2:$A$90,0))=INDEX($G$2:$G$90,MATCH(VALUE(MID(O91,2,3)),$A$2:$A$90,0)),INDEX($M$2:$M$90,MATCH(VALUE(MID(O91,2,3)),$A$2:$A$90,0)),O91)),O91),IF(LEFT(O91,1)="L",IFERROR(IF(INDEX($J$2:$J$90,MATCH(VALUE(MID(O91,2,3)),$A$2:$A$90,0))=INDEX($F$2:$F$90,MATCH(VALUE(MID(O91,2,3)),$A$2:$A$90,0)),INDEX($M$2:$M$90,MATCH(VALUE(MID(O91,2,3)),$A$2:$A$90,0)),IF(INDEX($J$2:$J$90,MATCH(VALUE(MID(O91,2,3)),$A$2:$A$90,0))=INDEX($G$2:$G$90,MATCH(VALUE(MID(O91,2,3)),$A$2:$A$90,0)),INDEX($L$2:$L$90,MATCH(VALUE(MID(O91,2,3)),$A$2:$A$90,0)),O91)),O91),IFERROR(IF(VLOOKUP(RIGHT(O91,1)&LEFT(O91,1),Clasificacion!$O$2:$Q$49,3,FALSE)="",O91,VLOOKUP(RIGHT(O91,1)&LEFT(O91,1),Clasificacion!$O$2:$Q$49,3,FALSE)),O91))))) -> W75 | N91: W73 | O91: W75 | P91: FIFA/CBS
A92: 91 | B92: 46208 | C92: 16:00 | D92: Octavos | F92: =IF(N92="","",IF(LEFT(N92,1)="3",IFERROR(IF(VLOOKUP($A92&"L",Asignacion_3ros!$A$2:$G$9,6,FALSE)="",N92,VLOOKUP($A92&"L",Asignacion_3ros!$A$2:$G$9,6,FALSE)),N92),IF(LEFT(N92,1)="W",IFERROR(IF(INDEX($J$2:$J$91,MATCH(VALUE(MID(N92,2,3)),$A$2:$A$91,0))="",N92,INDEX($J$2:$J$91,MATCH(VALUE(MID(N92,2,3)),$A$2:$A$91,0))),N92),IF(LEFT(N92,1)="L",IFERROR(IF(INDEX($J$2:$J$91,MATCH(VALUE(MID(N92,2,3)),$A$2:$A$91,0))=INDEX($F$2:$F$91,MATCH(VALUE(MID(N92,2,3)),$A$2:$A$91,0)),INDEX($G$2:$G$91,MATCH(VALUE(MID(N92,2,3)),$A$2:$A$91,0)),IF(INDEX($J$2:$J$91,MATCH(VALUE(MID(N92,2,3)),$A$2:$A$91,0))=INDEX($G$2:$G$91,MATCH(VALUE(MID(N92,2,3)),$A$2:$A$91,0)),INDEX($F$2:$F$91,MATCH(VALUE(MID(N92,2,3)),$A$2:$A$91,0)),N92)),N92),IFERROR(IF(VLOOKUP(RIGHT(N92,1)&LEFT(N92,1),Clasificacion!$O$2:$Q$49,2,FALSE)="",N92,VLOOKUP(RIGHT(N92,1)&LEFT(N92,1),Clasificacion!$O$2:$Q$49,2,FALSE)),N92))))) -> W76 | G92: =IF(O92="","",IF(LEFT(O92,1)="3",IFERROR(IF(VLOOKUP($A92&"V",Asignacion_3ros!$A$2:$G$9,6,FALSE)="",O92,VLOOKUP($A92&"V",Asignacion_3ros!$A$2:$G$9,6,FALSE)),O92),IF(LEFT(O92,1)="W",IFERROR(IF(INDEX($J$2:$J$91,MATCH(VALUE(MID(O92,2,3)),$A$2:$A$91,0))="",O92,INDEX($J$2:$J$91,MATCH(VALUE(MID(O92,2,3)),$A$2:$A$91,0))),O92),IF(LEFT(O92,1)="L",IFERROR(IF(INDEX($J$2:$J$91,MATCH(VALUE(MID(O92,2,3)),$A$2:$A$91,0))=INDEX($F$2:$F$91,MATCH(VALUE(MID(O92,2,3)),$A$2:$A$91,0)),INDEX($G$2:$G$91,MATCH(VALUE(MID(O92,2,3)),$A$2:$A$91,0)),IF(INDEX($J$2:$J$91,MATCH(VALUE(MID(O92,2,3)),$A$2:$A$91,0))=INDEX($G$2:$G$91,MATCH(VALUE(MID(O92,2,3)),$A$2:$A$91,0)),INDEX($F$2:$F$91,MATCH(VALUE(MID(O92,2,3)),$A$2:$A$91,0)),O92)),O92),IFERROR(IF(VLOOKUP(RIGHT(O92,1)&LEFT(O92,1),Clasificacion!$O$2:$Q$49,2,FALSE)="",O92,VLOOKUP(RIGHT(O92,1)&LEFT(O92,1),Clasificacion!$O$2:$Q$49,2,FALSE)),O92))))) -> W78 | J92: =IF(OR(H92="",I92=""),"",IF(H92>I92,F92,IF(I92>H92,G92,"Empate"))) | K92: New York New Jersey | L92: =IF(N92="","",IF(LEFT(N92,1)="3",IFERROR(IF(VLOOKUP($A92&"L",Asignacion_3ros!$A$2:$G$9,7,FALSE)="",N92,VLOOKUP($A92&"L",Asignacion_3ros!$A$2:$G$9,7,FALSE)),N92),IF(LEFT(N92,1)="W",IFERROR(IF(INDEX($J$2:$J$91,MATCH(VALUE(MID(N92,2,3)),$A$2:$A$91,0))=INDEX($F$2:$F$91,MATCH(VALUE(MID(N92,2,3)),$A$2:$A$91,0)),INDEX($L$2:$L$91,MATCH(VALUE(MID(N92,2,3)),$A$2:$A$91,0)),IF(INDEX($J$2:$J$91,MATCH(VALUE(MID(N92,2,3)),$A$2:$A$91,0))=INDEX($G$2:$G$91,MATCH(VALUE(MID(N92,2,3)),$A$2:$A$91,0)),INDEX($M$2:$M$91,MATCH(VALUE(MID(N92,2,3)),$A$2:$A$91,0)),N92)),N92),IF(LEFT(N92,1)="L",IFERROR(IF(INDEX($J$2:$J$91,MATCH(VALUE(MID(N92,2,3)),$A$2:$A$91,0))=INDEX($F$2:$F$91,MATCH(VALUE(MID(N92,2,3)),$A$2:$A$91,0)),INDEX($M$2:$M$91,MATCH(VALUE(MID(N92,2,3)),$A$2:$A$91,0)),IF(INDEX($J$2:$J$91,MATCH(VALUE(MID(N92,2,3)),$A$2:$A$91,0))=INDEX($G$2:$G$91,MATCH(VALUE(MID(N92,2,3)),$A$2:$A$91,0)),INDEX($L$2:$L$91,MATCH(VALUE(MID(N92,2,3)),$A$2:$A$91,0)),N92)),N92),IFERROR(IF(VLOOKUP(RIGHT(N92,1)&LEFT(N92,1),Clasificacion!$O$2:$Q$49,3,FALSE)="",N92,VLOOKUP(RIGHT(N92,1)&LEFT(N92,1),Clasificacion!$O$2:$Q$49,3,FALSE)),N92))))) -> W76 | M92: =IF(O92="","",IF(LEFT(O92,1)="3",IFERROR(IF(VLOOKUP($A92&"V",Asignacion_3ros!$A$2:$G$9,7,FALSE)="",O92,VLOOKUP($A92&"V",Asignacion_3ros!$A$2:$G$9,7,FALSE)),O92),IF(LEFT(O92,1)="W",IFERROR(IF(INDEX($J$2:$J$91,MATCH(VALUE(MID(O92,2,3)),$A$2:$A$91,0))=INDEX($F$2:$F$91,MATCH(VALUE(MID(O92,2,3)),$A$2:$A$91,0)),INDEX($L$2:$L$91,MATCH(VALUE(MID(O92,2,3)),$A$2:$A$91,0)),IF(INDEX($J$2:$J$91,MATCH(VALUE(MID(O92,2,3)),$A$2:$A$91,0))=INDEX($G$2:$G$91,MATCH(VALUE(MID(O92,2,3)),$A$2:$A$91,0)),INDEX($M$2:$M$91,MATCH(VALUE(MID(O92,2,3)),$A$2:$A$91,0)),O92)),O92),IF(LEFT(O92,1)="L",IFERROR(IF(INDEX($J$2:$J$91,MATCH(VALUE(MID(O92,2,3)),$A$2:$A$91,0))=INDEX($F$2:$F$91,MATCH(VALUE(MID(O92,2,3)),$A$2:$A$91,0)),INDEX($M$2:$M$91,MATCH(VALUE(MID(O92,2,3)),$A$2:$A$91,0)),IF(INDEX($J$2:$J$91,MATCH(VALUE(MID(O92,2,3)),$A$2:$A$91,0))=INDEX($G$2:$G$91,MATCH(VALUE(MID(O92,2,3)),$A$2:$A$91,0)),INDEX($L$2:$L$91,MATCH(VALUE(MID(O92,2,3)),$A$2:$A$91,0)),O92)),O92),IFERROR(IF(VLOOKUP(RIGHT(O92,1)&LEFT(O92,1),Clasificacion!$O$2:$Q$49,3,FALSE)="",O92,VLOOKUP(RIGHT(O92,1)&LEFT(O92,1),Clasificacion!$O$2:$Q$49,3,FALSE)),O92))))) -> W78 | N92: W76 | O92: W78 | P92: FIFA/CBS
A93: 92 | B93: 46208 | C93: 20:00 | D93: Octavos | F93: =IF(N93="","",IF(LEFT(N93,1)="3",IFERROR(IF(VLOOKUP($A93&"L",Asignacion_3ros!$A$2:$G$9,6,FALSE)="",N93,VLOOKUP($A93&"L",Asignacion_3ros!$A$2:$G$9,6,FALSE)),N93),IF(LEFT(N93,1)="W",IFERROR(IF(INDEX($J$2:$J$92,MATCH(VALUE(MID(N93,2,3)),$A$2:$A$92,0))="",N93,INDEX($J$2:$J$92,MATCH(VALUE(MID(N93,2,3)),$A$2:$A$92,0))),N93),IF(LEFT(N93,1)="L",IFERROR(IF(INDEX($J$2:$J$92,MATCH(VALUE(MID(N93,2,3)),$A$2:$A$92,0))=INDEX($F$2:$F$92,MATCH(VALUE(MID(N93,2,3)),$A$2:$A$92,0)),INDEX($G$2:$G$92,MATCH(VALUE(MID(N93,2,3)),$A$2:$A$92,0)),IF(INDEX($J$2:$J$92,MATCH(VALUE(MID(N93,2,3)),$A$2:$A$92,0))=INDEX($G$2:$G$92,MATCH(VALUE(MID(N93,2,3)),$A$2:$A$92,0)),INDEX($F$2:$F$92,MATCH(VALUE(MID(N93,2,3)),$A$2:$A$92,0)),N93)),N93),IFERROR(IF(VLOOKUP(RIGHT(N93,1)&LEFT(N93,1),Clasificacion!$O$2:$Q$49,2,FALSE)="",N93,VLOOKUP(RIGHT(N93,1)&LEFT(N93,1),Clasificacion!$O$2:$Q$49,2,FALSE)),N93))))) -> W79 | G93: =IF(O93="","",IF(LEFT(O93,1)="3",IFERROR(IF(VLOOKUP($A93&"V",Asignacion_3ros!$A$2:$G$9,6,FALSE)="",O93,VLOOKUP($A93&"V",Asignacion_3ros!$A$2:$G$9,6,FALSE)),O93),IF(LEFT(O93,1)="W",IFERROR(IF(INDEX($J$2:$J$92,MATCH(VALUE(MID(O93,2,3)),$A$2:$A$92,0))="",O93,INDEX($J$2:$J$92,MATCH(VALUE(MID(O93,2,3)),$A$2:$A$92,0))),O93),IF(LEFT(O93,1)="L",IFERROR(IF(INDEX($J$2:$J$92,MATCH(VALUE(MID(O93,2,3)),$A$2:$A$92,0))=INDEX($F$2:$F$92,MATCH(VALUE(MID(O93,2,3)),$A$2:$A$92,0)),INDEX($G$2:$G$92,MATCH(VALUE(MID(O93,2,3)),$A$2:$A$92,0)),IF(INDEX($J$2:$J$92,MATCH(VALUE(MID(O93,2,3)),$A$2:$A$92,0))=INDEX($G$2:$G$92,MATCH(VALUE(MID(O93,2,3)),$A$2:$A$92,0)),INDEX($F$2:$F$92,MATCH(VALUE(MID(O93,2,3)),$A$2:$A$92,0)),O93)),O93),IFERROR(IF(VLOOKUP(RIGHT(O93,1)&LEFT(O93,1),Clasificacion!$O$2:$Q$49,2,FALSE)="",O93,VLOOKUP(RIGHT(O93,1)&LEFT(O93,1),Clasificacion!$O$2:$Q$49,2,FALSE)),O93))))) -> W80 | J93: =IF(OR(H93="",I93=""),"",IF(H93>I93,F93,IF(I93>H93,G93,"Empate"))) | K93: Mexico City | L93: =IF(N93="","",IF(LEFT(N93,1)="3",IFERROR(IF(VLOOKUP($A93&"L",Asignacion_3ros!$A$2:$G$9,7,FALSE)="",N93,VLOOKUP($A93&"L",Asignacion_3ros!$A$2:$G$9,7,FALSE)),N93),IF(LEFT(N93,1)="W",IFERROR(IF(INDEX($J$2:$J$92,MATCH(VALUE(MID(N93,2,3)),$A$2:$A$92,0))=INDEX($F$2:$F$92,MATCH(VALUE(MID(N93,2,3)),$A$2:$A$92,0)),INDEX($L$2:$L$92,MATCH(VALUE(MID(N93,2,3)),$A$2:$A$92,0)),IF(INDEX($J$2:$J$92,MATCH(VALUE(MID(N93,2,3)),$A$2:$A$92,0))=INDEX($G$2:$G$92,MATCH(VALUE(MID(N93,2,3)),$A$2:$A$92,0)),INDEX($M$2:$M$92,MATCH(VALUE(MID(N93,2,3)),$A$2:$A$92,0)),N93)),N93),IF(LEFT(N93,1)="L",IFERROR(IF(INDEX($J$2:$J$92,MATCH(VALUE(MID(N93,2,3)),$A$2:$A$92,0))=INDEX($F$2:$F$92,MATCH(VALUE(MID(N93,2,3)),$A$2:$A$92,0)),INDEX($M$2:$M$92,MATCH(VALUE(MID(N93,2,3)),$A$2:$A$92,0)),IF(INDEX($J$2:$J$92,MATCH(VALUE(MID(N93,2,3)),$A$2:$A$92,0))=INDEX($G$2:$G$92,MATCH(VALUE(MID(N93,2,3)),$A$2:$A$92,0)),INDEX($L$2:$L$92,MATCH(VALUE(MID(N93,2,3)),$A$2:$A$92,0)),N93)),N93),IFERROR(IF(VLOOKUP(RIGHT(N93,1)&LEFT(N93,1),Clasificacion!$O$2:$Q$49,3,FALSE)="",N93,VLOOKUP(RIGHT(N93,1)&LEFT(N93,1),Clasificacion!$O$2:$Q$49,3,FALSE)),N93))))) -> W79 | M93: =IF(O93="","",IF(LEFT(O93,1)="3",IFERROR(IF(VLOOKUP($A93&"V",Asignacion_3ros!$A$2:$G$9,7,FALSE)="",O93,VLOOKUP($A93&"V",Asignacion_3ros!$A$2:$G$9,7,FALSE)),O93),IF(LEFT(O93,1)="W",IFERROR(IF(INDEX($J$2:$J$92,MATCH(VALUE(MID(O93,2,3)),$A$2:$A$92,0))=INDEX($F$2:$F$92,MATCH(VALUE(MID(O93,2,3)),$A$2:$A$92,0)),INDEX($L$2:$L$92,MATCH(VALUE(MID(O93,2,3)),$A$2:$A$92,0)),IF(INDEX($J$2:$J$92,MATCH(VALUE(MID(O93,2,3)),$A$2:$A$92,0))=INDEX($G$2:$G$92,MATCH(VALUE(MID(O93,2,3)),$A$2:$A$92,0)),INDEX($M$2:$M$92,MATCH(VALUE(MID(O93,2,3)),$A$2:$A$92,0)),O93)),O93),IF(LEFT(O93,1)="L",IFERROR(IF(INDEX($J$2:$J$92,MATCH(VALUE(MID(O93,2,3)),$A$2:$A$92,0))=INDEX($F$2:$F$92,MATCH(VALUE(MID(O93,2,3)),$A$2:$A$92,0)),INDEX($M$2:$M$92,MATCH(VALUE(MID(O93,2,3)),$A$2:$A$92,0)),IF(INDEX($J$2:$J$92,MATCH(VALUE(MID(O93,2,3)),$A$2:$A$92,0))=INDEX($G$2:$G$92,MATCH(VALUE(MID(O93,2,3)),$A$2:$A$92,0)),INDEX($L$2:$L$92,MATCH(VALUE(MID(O93,2,3)),$A$2:$A$92,0)),O93)),O93),IFERROR(IF(VLOOKUP(RIGHT(O93,1)&LEFT(O93,1),Clasificacion!$O$2:$Q$49,3,FALSE)="",O93,VLOOKUP(RIGHT(O93,1)&LEFT(O93,1),Clasificacion!$O$2:$Q$49,3,FALSE)),O93))))) -> W80 | N93: W79 | O93: W80 | P93: FIFA/CBS
A94: 93 | B94: 46209 | C94: 15:00 | D94: Octavos | F94: =IF(N94="","",IF(LEFT(N94,1)="3",IFERROR(IF(VLOOKUP($A94&"L",Asignacion_3ros!$A$2:$G$9,6,FALSE)="",N94,VLOOKUP($A94&"L",Asignacion_3ros!$A$2:$G$9,6,FALSE)),N94),IF(LEFT(N94,1)="W",IFERROR(IF(INDEX($J$2:$J$93,MATCH(VALUE(MID(N94,2,3)),$A$2:$A$93,0))="",N94,INDEX($J$2:$J$93,MATCH(VALUE(MID(N94,2,3)),$A$2:$A$93,0))),N94),IF(LEFT(N94,1)="L",IFERROR(IF(INDEX($J$2:$J$93,MATCH(VALUE(MID(N94,2,3)),$A$2:$A$93,0))=INDEX($F$2:$F$93,MATCH(VALUE(MID(N94,2,3)),$A$2:$A$93,0)),INDEX($G$2:$G$93,MATCH(VALUE(MID(N94,2,3)),$A$2:$A$93,0)),IF(INDEX($J$2:$J$93,MATCH(VALUE(MID(N94,2,3)),$A$2:$A$93,0))=INDEX($G$2:$G$93,MATCH(VALUE(MID(N94,2,3)),$A$2:$A$93,0)),INDEX($F$2:$F$93,MATCH(VALUE(MID(N94,2,3)),$A$2:$A$93,0)),N94)),N94),IFERROR(IF(VLOOKUP(RIGHT(N94,1)&LEFT(N94,1),Clasificacion!$O$2:$Q$49,2,FALSE)="",N94,VLOOKUP(RIGHT(N94,1)&LEFT(N94,1),Clasificacion!$O$2:$Q$49,2,FALSE)),N94))))) -> W83 | G94: =IF(O94="","",IF(LEFT(O94,1)="3",IFERROR(IF(VLOOKUP($A94&"V",Asignacion_3ros!$A$2:$G$9,6,FALSE)="",O94,VLOOKUP($A94&"V",Asignacion_3ros!$A$2:$G$9,6,FALSE)),O94),IF(LEFT(O94,1)="W",IFERROR(IF(INDEX($J$2:$J$93,MATCH(VALUE(MID(O94,2,3)),$A$2:$A$93,0))="",O94,INDEX($J$2:$J$93,MATCH(VALUE(MID(O94,2,3)),$A$2:$A$93,0))),O94),IF(LEFT(O94,1)="L",IFERROR(IF(INDEX($J$2:$J$93,MATCH(VALUE(MID(O94,2,3)),$A$2:$A$93,0))=INDEX($F$2:$F$93,MATCH(VALUE(MID(O94,2,3)),$A$2:$A$93,0)),INDEX($G$2:$G$93,MATCH(VALUE(MID(O94,2,3)),$A$2:$A$93,0)),IF(INDEX($J$2:$J$93,MATCH(VALUE(MID(O94,2,3)),$A$2:$A$93,0))=INDEX($G$2:$G$93,MATCH(VALUE(MID(O94,2,3)),$A$2:$A$93,0)),INDEX($F$2:$F$93,MATCH(VALUE(MID(O94,2,3)),$A$2:$A$93,0)),O94)),O94),IFERROR(IF(VLOOKUP(RIGHT(O94,1)&LEFT(O94,1),Clasificacion!$O$2:$Q$49,2,FALSE)="",O94,VLOOKUP(RIGHT(O94,1)&LEFT(O94,1),Clasificacion!$O$2:$Q$49,2,FALSE)),O94))))) -> W84 | J94: =IF(OR(H94="",I94=""),"",IF(H94>I94,F94,IF(I94>H94,G94,"Empate"))) | K94: Dallas | L94: =IF(N94="","",IF(LEFT(N94,1)="3",IFERROR(IF(VLOOKUP($A94&"L",Asignacion_3ros!$A$2:$G$9,7,FALSE)="",N94,VLOOKUP($A94&"L",Asignacion_3ros!$A$2:$G$9,7,FALSE)),N94),IF(LEFT(N94,1)="W",IFERROR(IF(INDEX($J$2:$J$93,MATCH(VALUE(MID(N94,2,3)),$A$2:$A$93,0))=INDEX($F$2:$F$93,MATCH(VALUE(MID(N94,2,3)),$A$2:$A$93,0)),INDEX($L$2:$L$93,MATCH(VALUE(MID(N94,2,3)),$A$2:$A$93,0)),IF(INDEX($J$2:$J$93,MATCH(VALUE(MID(N94,2,3)),$A$2:$A$93,0))=INDEX($G$2:$G$93,MATCH(VALUE(MID(N94,2,3)),$A$2:$A$93,0)),INDEX($M$2:$M$93,MATCH(VALUE(MID(N94,2,3)),$A$2:$A$93,0)),N94)),N94),IF(LEFT(N94,1)="L",IFERROR(IF(INDEX($J$2:$J$93,MATCH(VALUE(MID(N94,2,3)),$A$2:$A$93,0))=INDEX($F$2:$F$93,MATCH(VALUE(MID(N94,2,3)),$A$2:$A$93,0)),INDEX($M$2:$M$93,MATCH(VALUE(MID(N94,2,3)),$A$2:$A$93,0)),IF(INDEX($J$2:$J$93,MATCH(VALUE(MID(N94,2,3)),$A$2:$A$93,0))=INDEX($G$2:$G$93,MATCH(VALUE(MID(N94,2,3)),$A$2:$A$93,0)),INDEX($L$2:$L$93,MATCH(VALUE(MID(N94,2,3)),$A$2:$A$93,0)),N94)),N94),IFERROR(IF(VLOOKUP(RIGHT(N94,1)&LEFT(N94,1),Clasificacion!$O$2:$Q$49,3,FALSE)="",N94,VLOOKUP(RIGHT(N94,1)&LEFT(N94,1),Clasificacion!$O$2:$Q$49,3,FALSE)),N94))))) -> W83 | M94: =IF(O94="","",IF(LEFT(O94,1)="3",IFERROR(IF(VLOOKUP($A94&"V",Asignacion_3ros!$A$2:$G$9,7,FALSE)="",O94,VLOOKUP($A94&"V",Asignacion_3ros!$A$2:$G$9,7,FALSE)),O94),IF(LEFT(O94,1)="W",IFERROR(IF(INDEX($J$2:$J$93,MATCH(VALUE(MID(O94,2,3)),$A$2:$A$93,0))=INDEX($F$2:$F$93,MATCH(VALUE(MID(O94,2,3)),$A$2:$A$93,0)),INDEX($L$2:$L$93,MATCH(VALUE(MID(O94,2,3)),$A$2:$A$93,0)),IF(INDEX($J$2:$J$93,MATCH(VALUE(MID(O94,2,3)),$A$2:$A$93,0))=INDEX($G$2:$G$93,MATCH(VALUE(MID(O94,2,3)),$A$2:$A$93,0)),INDEX($M$2:$M$93,MATCH(VALUE(MID(O94,2,3)),$A$2:$A$93,0)),O94)),O94),IF(LEFT(O94,1)="L",IFERROR(IF(INDEX($J$2:$J$93,MATCH(VALUE(MID(O94,2,3)),$A$2:$A$93,0))=INDEX($F$2:$F$93,MATCH(VALUE(MID(O94,2,3)),$A$2:$A$93,0)),INDEX($M$2:$M$93,MATCH(VALUE(MID(O94,2,3)),$A$2:$A$93,0)),IF(INDEX($J$2:$J$93,MATCH(VALUE(MID(O94,2,3)),$A$2:$A$93,0))=INDEX($G$2:$G$93,MATCH(VALUE(MID(O94,2,3)),$A$2:$A$93,0)),INDEX($L$2:$L$93,MATCH(VALUE(MID(O94,2,3)),$A$2:$A$93,0)),O94)),O94),IFERROR(IF(VLOOKUP(RIGHT(O94,1)&LEFT(O94,1),Clasificacion!$O$2:$Q$49,3,FALSE)="",O94,VLOOKUP(RIGHT(O94,1)&LEFT(O94,1),Clasificacion!$O$2:$Q$49,3,FALSE)),O94))))) -> W84 | N94: W83 | O94: W84 | P94: FIFA/CBS
A95: 94 | B95: 46209 | C95: 20:00 | D95: Octavos | F95: =IF(N95="","",IF(LEFT(N95,1)="3",IFERROR(IF(VLOOKUP($A95&"L",Asignacion_3ros!$A$2:$G$9,6,FALSE)="",N95,VLOOKUP($A95&"L",Asignacion_3ros!$A$2:$G$9,6,FALSE)),N95),IF(LEFT(N95,1)="W",IFERROR(IF(INDEX($J$2:$J$94,MATCH(VALUE(MID(N95,2,3)),$A$2:$A$94,0))="",N95,INDEX($J$2:$J$94,MATCH(VALUE(MID(N95,2,3)),$A$2:$A$94,0))),N95),IF(LEFT(N95,1)="L",IFERROR(IF(INDEX($J$2:$J$94,MATCH(VALUE(MID(N95,2,3)),$A$2:$A$94,0))=INDEX($F$2:$F$94,MATCH(VALUE(MID(N95,2,3)),$A$2:$A$94,0)),INDEX($G$2:$G$94,MATCH(VALUE(MID(N95,2,3)),$A$2:$A$94,0)),IF(INDEX($J$2:$J$94,MATCH(VALUE(MID(N95,2,3)),$A$2:$A$94,0))=INDEX($G$2:$G$94,MATCH(VALUE(MID(N95,2,3)),$A$2:$A$94,0)),INDEX($F$2:$F$94,MATCH(VALUE(MID(N95,2,3)),$A$2:$A$94,0)),N95)),N95),IFERROR(IF(VLOOKUP(RIGHT(N95,1)&LEFT(N95,1),Clasificacion!$O$2:$Q$49,2,FALSE)="",N95,VLOOKUP(RIGHT(N95,1)&LEFT(N95,1),Clasificacion!$O$2:$Q$49,2,FALSE)),N95))))) -> W81 | G95: =IF(O95="","",IF(LEFT(O95,1)="3",IFERROR(IF(VLOOKUP($A95&"V",Asignacion_3ros!$A$2:$G$9,6,FALSE)="",O95,VLOOKUP($A95&"V",Asignacion_3ros!$A$2:$G$9,6,FALSE)),O95),IF(LEFT(O95,1)="W",IFERROR(IF(INDEX($J$2:$J$94,MATCH(VALUE(MID(O95,2,3)),$A$2:$A$94,0))="",O95,INDEX($J$2:$J$94,MATCH(VALUE(MID(O95,2,3)),$A$2:$A$94,0))),O95),IF(LEFT(O95,1)="L",IFERROR(IF(INDEX($J$2:$J$94,MATCH(VALUE(MID(O95,2,3)),$A$2:$A$94,0))=INDEX($F$2:$F$94,MATCH(VALUE(MID(O95,2,3)),$A$2:$A$94,0)),INDEX($G$2:$G$94,MATCH(VALUE(MID(O95,2,3)),$A$2:$A$94,0)),IF(INDEX($J$2:$J$94,MATCH(VALUE(MID(O95,2,3)),$A$2:$A$94,0))=INDEX($G$2:$G$94,MATCH(VALUE(MID(O95,2,3)),$A$2:$A$94,0)),INDEX($F$2:$F$94,MATCH(VALUE(MID(O95,2,3)),$A$2:$A$94,0)),O95)),O95),IFERROR(IF(VLOOKUP(RIGHT(O95,1)&LEFT(O95,1),Clasificacion!$O$2:$Q$49,2,FALSE)="",O95,VLOOKUP(RIGHT(O95,1)&LEFT(O95,1),Clasificacion!$O$2:$Q$49,2,FALSE)),O95))))) -> W82 | J95: =IF(OR(H95="",I95=""),"",IF(H95>I95,F95,IF(I95>H95,G95,"Empate"))) | K95: Seattle | L95: =IF(N95="","",IF(LEFT(N95,1)="3",IFERROR(IF(VLOOKUP($A95&"L",Asignacion_3ros!$A$2:$G$9,7,FALSE)="",N95,VLOOKUP($A95&"L",Asignacion_3ros!$A$2:$G$9,7,FALSE)),N95),IF(LEFT(N95,1)="W",IFERROR(IF(INDEX($J$2:$J$94,MATCH(VALUE(MID(N95,2,3)),$A$2:$A$94,0))=INDEX($F$2:$F$94,MATCH(VALUE(MID(N95,2,3)),$A$2:$A$94,0)),INDEX($L$2:$L$94,MATCH(VALUE(MID(N95,2,3)),$A$2:$A$94,0)),IF(INDEX($J$2:$J$94,MATCH(VALUE(MID(N95,2,3)),$A$2:$A$94,0))=INDEX($G$2:$G$94,MATCH(VALUE(MID(N95,2,3)),$A$2:$A$94,0)),INDEX($M$2:$M$94,MATCH(VALUE(MID(N95,2,3)),$A$2:$A$94,0)),N95)),N95),IF(LEFT(N95,1)="L",IFERROR(IF(INDEX($J$2:$J$94,MATCH(VALUE(MID(N95,2,3)),$A$2:$A$94,0))=INDEX($F$2:$F$94,MATCH(VALUE(MID(N95,2,3)),$A$2:$A$94,0)),INDEX($M$2:$M$94,MATCH(VALUE(MID(N95,2,3)),$A$2:$A$94,0)),IF(INDEX($J$2:$J$94,MATCH(VALUE(MID(N95,2,3)),$A$2:$A$94,0))=INDEX($G$2:$G$94,MATCH(VALUE(MID(N95,2,3)),$A$2:$A$94,0)),INDEX($L$2:$L$94,MATCH(VALUE(MID(N95,2,3)),$A$2:$A$94,0)),N95)),N95),IFERROR(IF(VLOOKUP(RIGHT(N95,1)&LEFT(N95,1),Clasificacion!$O$2:$Q$49,3,FALSE)="",N95,VLOOKUP(RIGHT(N95,1)&LEFT(N95,1),Clasificacion!$O$2:$Q$49,3,FALSE)),N95))))) -> W81 | M95: =IF(O95="","",IF(LEFT(O95,1)="3",IFERROR(IF(VLOOKUP($A95&"V",Asignacion_3ros!$A$2:$G$9,7,FALSE)="",O95,VLOOKUP($A95&"V",Asignacion_3ros!$A$2:$G$9,7,FALSE)),O95),IF(LEFT(O95,1)="W",IFERROR(IF(INDEX($J$2:$J$94,MATCH(VALUE(MID(O95,2,3)),$A$2:$A$94,0))=INDEX($F$2:$F$94,MATCH(VALUE(MID(O95,2,3)),$A$2:$A$94,0)),INDEX($L$2:$L$94,MATCH(VALUE(MID(O95,2,3)),$A$2:$A$94,0)),IF(INDEX($J$2:$J$94,MATCH(VALUE(MID(O95,2,3)),$A$2:$A$94,0))=INDEX($G$2:$G$94,MATCH(VALUE(MID(O95,2,3)),$A$2:$A$94,0)),INDEX($M$2:$M$94,MATCH(VALUE(MID(O95,2,3)),$A$2:$A$94,0)),O95)),O95),IF(LEFT(O95,1)="L",IFERROR(IF(INDEX($J$2:$J$94,MATCH(VALUE(MID(O95,2,3)),$A$2:$A$94,0))=INDEX($F$2:$F$94,MATCH(VALUE(MID(O95,2,3)),$A$2:$A$94,0)),INDEX($M$2:$M$94,MATCH(VALUE(MID(O95,2,3)),$A$2:$A$94,0)),IF(INDEX($J$2:$J$94,MATCH(VALUE(MID(O95,2,3)),$A$2:$A$94,0))=INDEX($G$2:$G$94,MATCH(VALUE(MID(O95,2,3)),$A$2:$A$94,0)),INDEX($L$2:$L$94,MATCH(VALUE(MID(O95,2,3)),$A$2:$A$94,0)),O95)),O95),IFERROR(IF(VLOOKUP(RIGHT(O95,1)&LEFT(O95,1),Clasificacion!$O$2:$Q$49,3,FALSE)="",O95,VLOOKUP(RIGHT(O95,1)&LEFT(O95,1),Clasificacion!$O$2:$Q$49,3,FALSE)),O95))))) -> W82 | N95: W81 | O95: W82 | P95: FIFA/CBS
A96: 95 | B96: 46210 | C96: 12:00 | D96: Octavos | F96: =IF(N96="","",IF(LEFT(N96,1)="3",IFERROR(IF(VLOOKUP($A96&"L",Asignacion_3ros!$A$2:$G$9,6,FALSE)="",N96,VLOOKUP($A96&"L",Asignacion_3ros!$A$2:$G$9,6,FALSE)),N96),IF(LEFT(N96,1)="W",IFERROR(IF(INDEX($J$2:$J$95,MATCH(VALUE(MID(N96,2,3)),$A$2:$A$95,0))="",N96,INDEX($J$2:$J$95,MATCH(VALUE(MID(N96,2,3)),$A$2:$A$95,0))),N96),IF(LEFT(N96,1)="L",IFERROR(IF(INDEX($J$2:$J$95,MATCH(VALUE(MID(N96,2,3)),$A$2:$A$95,0))=INDEX($F$2:$F$95,MATCH(VALUE(MID(N96,2,3)),$A$2:$A$95,0)),INDEX($G$2:$G$95,MATCH(VALUE(MID(N96,2,3)),$A$2:$A$95,0)),IF(INDEX($J$2:$J$95,MATCH(VALUE(MID(N96,2,3)),$A$2:$A$95,0))=INDEX($G$2:$G$95,MATCH(VALUE(MID(N96,2,3)),$A$2:$A$95,0)),INDEX($F$2:$F$95,MATCH(VALUE(MID(N96,2,3)),$A$2:$A$95,0)),N96)),N96),IFERROR(IF(VLOOKUP(RIGHT(N96,1)&LEFT(N96,1),Clasificacion!$O$2:$Q$49,2,FALSE)="",N96,VLOOKUP(RIGHT(N96,1)&LEFT(N96,1),Clasificacion!$O$2:$Q$49,2,FALSE)),N96))))) -> W86 | G96: =IF(O96="","",IF(LEFT(O96,1)="3",IFERROR(IF(VLOOKUP($A96&"V",Asignacion_3ros!$A$2:$G$9,6,FALSE)="",O96,VLOOKUP($A96&"V",Asignacion_3ros!$A$2:$G$9,6,FALSE)),O96),IF(LEFT(O96,1)="W",IFERROR(IF(INDEX($J$2:$J$95,MATCH(VALUE(MID(O96,2,3)),$A$2:$A$95,0))="",O96,INDEX($J$2:$J$95,MATCH(VALUE(MID(O96,2,3)),$A$2:$A$95,0))),O96),IF(LEFT(O96,1)="L",IFERROR(IF(INDEX($J$2:$J$95,MATCH(VALUE(MID(O96,2,3)),$A$2:$A$95,0))=INDEX($F$2:$F$95,MATCH(VALUE(MID(O96,2,3)),$A$2:$A$95,0)),INDEX($G$2:$G$95,MATCH(VALUE(MID(O96,2,3)),$A$2:$A$95,0)),IF(INDEX($J$2:$J$95,MATCH(VALUE(MID(O96,2,3)),$A$2:$A$95,0))=INDEX($G$2:$G$95,MATCH(VALUE(MID(O96,2,3)),$A$2:$A$95,0)),INDEX($F$2:$F$95,MATCH(VALUE(MID(O96,2,3)),$A$2:$A$95,0)),O96)),O96),IFERROR(IF(VLOOKUP(RIGHT(O96,1)&LEFT(O96,1),Clasificacion!$O$2:$Q$49,2,FALSE)="",O96,VLOOKUP(RIGHT(O96,1)&LEFT(O96,1),Clasificacion!$O$2:$Q$49,2,FALSE)),O96))))) -> W88 | J96: =IF(OR(H96="",I96=""),"",IF(H96>I96,F96,IF(I96>H96,G96,"Empate"))) | K96: Atlanta | L96: =IF(N96="","",IF(LEFT(N96,1)="3",IFERROR(IF(VLOOKUP($A96&"L",Asignacion_3ros!$A$2:$G$9,7,FALSE)="",N96,VLOOKUP($A96&"L",Asignacion_3ros!$A$2:$G$9,7,FALSE)),N96),IF(LEFT(N96,1)="W",IFERROR(IF(INDEX($J$2:$J$95,MATCH(VALUE(MID(N96,2,3)),$A$2:$A$95,0))=INDEX($F$2:$F$95,MATCH(VALUE(MID(N96,2,3)),$A$2:$A$95,0)),INDEX($L$2:$L$95,MATCH(VALUE(MID(N96,2,3)),$A$2:$A$95,0)),IF(INDEX($J$2:$J$95,MATCH(VALUE(MID(N96,2,3)),$A$2:$A$95,0))=INDEX($G$2:$G$95,MATCH(VALUE(MID(N96,2,3)),$A$2:$A$95,0)),INDEX($M$2:$M$95,MATCH(VALUE(MID(N96,2,3)),$A$2:$A$95,0)),N96)),N96),IF(LEFT(N96,1)="L",IFERROR(IF(INDEX($J$2:$J$95,MATCH(VALUE(MID(N96,2,3)),$A$2:$A$95,0))=INDEX($F$2:$F$95,MATCH(VALUE(MID(N96,2,3)),$A$2:$A$95,0)),INDEX($M$2:$M$95,MATCH(VALUE(MID(N96,2,3)),$A$2:$A$95,0)),IF(INDEX($J$2:$J$95,MATCH(VALUE(MID(N96,2,3)),$A$2:$A$95,0))=INDEX($G$2:$G$95,MATCH(VALUE(MID(N96,2,3)),$A$2:$A$95,0)),INDEX($L$2:$L$95,MATCH(VALUE(MID(N96,2,3)),$A$2:$A$95,0)),N96)),N96),IFERROR(IF(VLOOKUP(RIGHT(N96,1)&LEFT(N96,1),Clasificacion!$O$2:$Q$49,3,FALSE)="",N96,VLOOKUP(RIGHT(N96,1)&LEFT(N96,1),Clasificacion!$O$2:$Q$49,3,FALSE)),N96))))) -> W86 | M96: =IF(O96="","",IF(LEFT(O96,1)="3",IFERROR(IF(VLOOKUP($A96&"V",Asignacion_3ros!$A$2:$G$9,7,FALSE)="",O96,VLOOKUP($A96&"V",Asignacion_3ros!$A$2:$G$9,7,FALSE)),O96),IF(LEFT(O96,1)="W",IFERROR(IF(INDEX($J$2:$J$95,MATCH(VALUE(MID(O96,2,3)),$A$2:$A$95,0))=INDEX($F$2:$F$95,MATCH(VALUE(MID(O96,2,3)),$A$2:$A$95,0)),INDEX($L$2:$L$95,MATCH(VALUE(MID(O96,2,3)),$A$2:$A$95,0)),IF(INDEX($J$2:$J$95,MATCH(VALUE(MID(O96,2,3)),$A$2:$A$95,0))=INDEX($G$2:$G$95,MATCH(VALUE(MID(O96,2,3)),$A$2:$A$95,0)),INDEX($M$2:$M$95,MATCH(VALUE(MID(O96,2,3)),$A$2:$A$95,0)),O96)),O96),IF(LEFT(O96,1)="L",IFERROR(IF(INDEX($J$2:$J$95,MATCH(VALUE(MID(O96,2,3)),$A$2:$A$95,0))=INDEX($F$2:$F$95,MATCH(VALUE(MID(O96,2,3)),$A$2:$A$95,0)),INDEX($M$2:$M$95,MATCH(VALUE(MID(O96,2,3)),$A$2:$A$95,0)),IF(INDEX($J$2:$J$95,MATCH(VALUE(MID(O96,2,3)),$A$2:$A$95,0))=INDEX($G$2:$G$95,MATCH(VALUE(MID(O96,2,3)),$A$2:$A$95,0)),INDEX($L$2:$L$95,MATCH(VALUE(MID(O96,2,3)),$A$2:$A$95,0)),O96)),O96),IFERROR(IF(VLOOKUP(RIGHT(O96,1)&LEFT(O96,1),Clasificacion!$O$2:$Q$49,3,FALSE)="",O96,VLOOKUP(RIGHT(O96,1)&LEFT(O96,1),Clasificacion!$O$2:$Q$49,3,FALSE)),O96))))) -> W88 | N96: W86 | O96: W88 | P96: FIFA/CBS
A97: 96 | B97: 46210 | C97: 16:00 | D97: Octavos | F97: =IF(N97="","",IF(LEFT(N97,1)="3",IFERROR(IF(VLOOKUP($A97&"L",Asignacion_3ros!$A$2:$G$9,6,FALSE)="",N97,VLOOKUP($A97&"L",Asignacion_3ros!$A$2:$G$9,6,FALSE)),N97),IF(LEFT(N97,1)="W",IFERROR(IF(INDEX($J$2:$J$96,MATCH(VALUE(MID(N97,2,3)),$A$2:$A$96,0))="",N97,INDEX($J$2:$J$96,MATCH(VALUE(MID(N97,2,3)),$A$2:$A$96,0))),N97),IF(LEFT(N97,1)="L",IFERROR(IF(INDEX($J$2:$J$96,MATCH(VALUE(MID(N97,2,3)),$A$2:$A$96,0))=INDEX($F$2:$F$96,MATCH(VALUE(MID(N97,2,3)),$A$2:$A$96,0)),INDEX($G$2:$G$96,MATCH(VALUE(MID(N97,2,3)),$A$2:$A$96,0)),IF(INDEX($J$2:$J$96,MATCH(VALUE(MID(N97,2,3)),$A$2:$A$96,0))=INDEX($G$2:$G$96,MATCH(VALUE(MID(N97,2,3)),$A$2:$A$96,0)),INDEX($F$2:$F$96,MATCH(VALUE(MID(N97,2,3)),$A$2:$A$96,0)),N97)),N97),IFERROR(IF(VLOOKUP(RIGHT(N97,1)&LEFT(N97,1),Clasificacion!$O$2:$Q$49,2,FALSE)="",N97,VLOOKUP(RIGHT(N97,1)&LEFT(N97,1),Clasificacion!$O$2:$Q$49,2,FALSE)),N97))))) -> W85 | G97: =IF(O97="","",IF(LEFT(O97,1)="3",IFERROR(IF(VLOOKUP($A97&"V",Asignacion_3ros!$A$2:$G$9,6,FALSE)="",O97,VLOOKUP($A97&"V",Asignacion_3ros!$A$2:$G$9,6,FALSE)),O97),IF(LEFT(O97,1)="W",IFERROR(IF(INDEX($J$2:$J$96,MATCH(VALUE(MID(O97,2,3)),$A$2:$A$96,0))="",O97,INDEX($J$2:$J$96,MATCH(VALUE(MID(O97,2,3)),$A$2:$A$96,0))),O97),IF(LEFT(O97,1)="L",IFERROR(IF(INDEX($J$2:$J$96,MATCH(VALUE(MID(O97,2,3)),$A$2:$A$96,0))=INDEX($F$2:$F$96,MATCH(VALUE(MID(O97,2,3)),$A$2:$A$96,0)),INDEX($G$2:$G$96,MATCH(VALUE(MID(O97,2,3)),$A$2:$A$96,0)),IF(INDEX($J$2:$J$96,MATCH(VALUE(MID(O97,2,3)),$A$2:$A$96,0))=INDEX($G$2:$G$96,MATCH(VALUE(MID(O97,2,3)),$A$2:$A$96,0)),INDEX($F$2:$F$96,MATCH(VALUE(MID(O97,2,3)),$A$2:$A$96,0)),O97)),O97),IFERROR(IF(VLOOKUP(RIGHT(O97,1)&LEFT(O97,1),Clasificacion!$O$2:$Q$49,2,FALSE)="",O97,VLOOKUP(RIGHT(O97,1)&LEFT(O97,1),Clasificacion!$O$2:$Q$49,2,FALSE)),O97))))) -> W87 | J97: =IF(OR(H97="",I97=""),"",IF(H97>I97,F97,IF(I97>H97,G97,"Empate"))) | K97: Vancouver | L97: =IF(N97="","",IF(LEFT(N97,1)="3",IFERROR(IF(VLOOKUP($A97&"L",Asignacion_3ros!$A$2:$G$9,7,FALSE)="",N97,VLOOKUP($A97&"L",Asignacion_3ros!$A$2:$G$9,7,FALSE)),N97),IF(LEFT(N97,1)="W",IFERROR(IF(INDEX($J$2:$J$96,MATCH(VALUE(MID(N97,2,3)),$A$2:$A$96,0))=INDEX($F$2:$F$96,MATCH(VALUE(MID(N97,2,3)),$A$2:$A$96,0)),INDEX($L$2:$L$96,MATCH(VALUE(MID(N97,2,3)),$A$2:$A$96,0)),IF(INDEX($J$2:$J$96,MATCH(VALUE(MID(N97,2,3)),$A$2:$A$96,0))=INDEX($G$2:$G$96,MATCH(VALUE(MID(N97,2,3)),$A$2:$A$96,0)),INDEX($M$2:$M$96,MATCH(VALUE(MID(N97,2,3)),$A$2:$A$96,0)),N97)),N97),IF(LEFT(N97,1)="L",IFERROR(IF(INDEX($J$2:$J$96,MATCH(VALUE(MID(N97,2,3)),$A$2:$A$96,0))=INDEX($F$2:$F$96,MATCH(VALUE(MID(N97,2,3)),$A$2:$A$96,0)),INDEX($M$2:$M$96,MATCH(VALUE(MID(N97,2,3)),$A$2:$A$96,0)),IF(INDEX($J$2:$J$96,MATCH(VALUE(MID(N97,2,3)),$A$2:$A$96,0))=INDEX($G$2:$G$96,MATCH(VALUE(MID(N97,2,3)),$A$2:$A$96,0)),INDEX($L$2:$L$96,MATCH(VALUE(MID(N97,2,3)),$A$2:$A$96,0)),N97)),N97),IFERROR(IF(VLOOKUP(RIGHT(N97,1)&LEFT(N97,1),Clasificacion!$O$2:$Q$49,3,FALSE)="",N97,VLOOKUP(RIGHT(N97,1)&LEFT(N97,1),Clasificacion!$O$2:$Q$49,3,FALSE)),N97))))) -> W85 | M97: =IF(O97="","",IF(LEFT(O97,1)="3",IFERROR(IF(VLOOKUP($A97&"V",Asignacion_3ros!$A$2:$G$9,7,FALSE)="",O97,VLOOKUP($A97&"V",Asignacion_3ros!$A$2:$G$9,7,FALSE)),O97),IF(LEFT(O97,1)="W",IFERROR(IF(INDEX($J$2:$J$96,MATCH(VALUE(MID(O97,2,3)),$A$2:$A$96,0))=INDEX($F$2:$F$96,MATCH(VALUE(MID(O97,2,3)),$A$2:$A$96,0)),INDEX($L$2:$L$96,MATCH(VALUE(MID(O97,2,3)),$A$2:$A$96,0)),IF(INDEX($J$2:$J$96,MATCH(VALUE(MID(O97,2,3)),$A$2:$A$96,0))=INDEX($G$2:$G$96,MATCH(VALUE(MID(O97,2,3)),$A$2:$A$96,0)),INDEX($M$2:$M$96,MATCH(VALUE(MID(O97,2,3)),$A$2:$A$96,0)),O97)),O97),IF(LEFT(O97,1)="L",IFERROR(IF(INDEX($J$2:$J$96,MATCH(VALUE(MID(O97,2,3)),$A$2:$A$96,0))=INDEX($F$2:$F$96,MATCH(VALUE(MID(O97,2,3)),$A$2:$A$96,0)),INDEX($M$2:$M$96,MATCH(VALUE(MID(O97,2,3)),$A$2:$A$96,0)),IF(INDEX($J$2:$J$96,MATCH(VALUE(MID(O97,2,3)),$A$2:$A$96,0))=INDEX($G$2:$G$96,MATCH(VALUE(MID(O97,2,3)),$A$2:$A$96,0)),INDEX($L$2:$L$96,MATCH(VALUE(MID(O97,2,3)),$A$2:$A$96,0)),O97)),O97),IFERROR(IF(VLOOKUP(RIGHT(O97,1)&LEFT(O97,1),Clasificacion!$O$2:$Q$49,3,FALSE)="",O97,VLOOKUP(RIGHT(O97,1)&LEFT(O97,1),Clasificacion!$O$2:$Q$49,3,FALSE)),O97))))) -> W87 | N97: W85 | O97: W87 | P97: FIFA/CBS
A98: 97 | B98: 46212 | C98: 16:00 | D98: Cuartos | F98: =IF(N98="","",IF(LEFT(N98,1)="3",IFERROR(IF(VLOOKUP($A98&"L",Asignacion_3ros!$A$2:$G$9,6,FALSE)="",N98,VLOOKUP($A98&"L",Asignacion_3ros!$A$2:$G$9,6,FALSE)),N98),IF(LEFT(N98,1)="W",IFERROR(IF(INDEX($J$2:$J$97,MATCH(VALUE(MID(N98,2,3)),$A$2:$A$97,0))="",N98,INDEX($J$2:$J$97,MATCH(VALUE(MID(N98,2,3)),$A$2:$A$97,0))),N98),IF(LEFT(N98,1)="L",IFERROR(IF(INDEX($J$2:$J$97,MATCH(VALUE(MID(N98,2,3)),$A$2:$A$97,0))=INDEX($F$2:$F$97,MATCH(VALUE(MID(N98,2,3)),$A$2:$A$97,0)),INDEX($G$2:$G$97,MATCH(VALUE(MID(N98,2,3)),$A$2:$A$97,0)),IF(INDEX($J$2:$J$97,MATCH(VALUE(MID(N98,2,3)),$A$2:$A$97,0))=INDEX($G$2:$G$97,MATCH(VALUE(MID(N98,2,3)),$A$2:$A$97,0)),INDEX($F$2:$F$97,MATCH(VALUE(MID(N98,2,3)),$A$2:$A$97,0)),N98)),N98),IFERROR(IF(VLOOKUP(RIGHT(N98,1)&LEFT(N98,1),Clasificacion!$O$2:$Q$49,2,FALSE)="",N98,VLOOKUP(RIGHT(N98,1)&LEFT(N98,1),Clasificacion!$O$2:$Q$49,2,FALSE)),N98))))) -> W89 | G98: =IF(O98="","",IF(LEFT(O98,1)="3",IFERROR(IF(VLOOKUP($A98&"V",Asignacion_3ros!$A$2:$G$9,6,FALSE)="",O98,VLOOKUP($A98&"V",Asignacion_3ros!$A$2:$G$9,6,FALSE)),O98),IF(LEFT(O98,1)="W",IFERROR(IF(INDEX($J$2:$J$97,MATCH(VALUE(MID(O98,2,3)),$A$2:$A$97,0))="",O98,INDEX($J$2:$J$97,MATCH(VALUE(MID(O98,2,3)),$A$2:$A$97,0))),O98),IF(LEFT(O98,1)="L",IFERROR(IF(INDEX($J$2:$J$97,MATCH(VALUE(MID(O98,2,3)),$A$2:$A$97,0))=INDEX($F$2:$F$97,MATCH(VALUE(MID(O98,2,3)),$A$2:$A$97,0)),INDEX($G$2:$G$97,MATCH(VALUE(MID(O98,2,3)),$A$2:$A$97,0)),IF(INDEX($J$2:$J$97,MATCH(VALUE(MID(O98,2,3)),$A$2:$A$97,0))=INDEX($G$2:$G$97,MATCH(VALUE(MID(O98,2,3)),$A$2:$A$97,0)),INDEX($F$2:$F$97,MATCH(VALUE(MID(O98,2,3)),$A$2:$A$97,0)),O98)),O98),IFERROR(IF(VLOOKUP(RIGHT(O98,1)&LEFT(O98,1),Clasificacion!$O$2:$Q$49,2,FALSE)="",O98,VLOOKUP(RIGHT(O98,1)&LEFT(O98,1),Clasificacion!$O$2:$Q$49,2,FALSE)),O98))))) -> W90 | J98: =IF(OR(H98="",I98=""),"",IF(H98>I98,F98,IF(I98>H98,G98,"Empate"))) | K98: Boston | L98: =IF(N98="","",IF(LEFT(N98,1)="3",IFERROR(IF(VLOOKUP($A98&"L",Asignacion_3ros!$A$2:$G$9,7,FALSE)="",N98,VLOOKUP($A98&"L",Asignacion_3ros!$A$2:$G$9,7,FALSE)),N98),IF(LEFT(N98,1)="W",IFERROR(IF(INDEX($J$2:$J$97,MATCH(VALUE(MID(N98,2,3)),$A$2:$A$97,0))=INDEX($F$2:$F$97,MATCH(VALUE(MID(N98,2,3)),$A$2:$A$97,0)),INDEX($L$2:$L$97,MATCH(VALUE(MID(N98,2,3)),$A$2:$A$97,0)),IF(INDEX($J$2:$J$97,MATCH(VALUE(MID(N98,2,3)),$A$2:$A$97,0))=INDEX($G$2:$G$97,MATCH(VALUE(MID(N98,2,3)),$A$2:$A$97,0)),INDEX($M$2:$M$97,MATCH(VALUE(MID(N98,2,3)),$A$2:$A$97,0)),N98)),N98),IF(LEFT(N98,1)="L",IFERROR(IF(INDEX($J$2:$J$97,MATCH(VALUE(MID(N98,2,3)),$A$2:$A$97,0))=INDEX($F$2:$F$97,MATCH(VALUE(MID(N98,2,3)),$A$2:$A$97,0)),INDEX($M$2:$M$97,MATCH(VALUE(MID(N98,2,3)),$A$2:$A$97,0)),IF(INDEX($J$2:$J$97,MATCH(VALUE(MID(N98,2,3)),$A$2:$A$97,0))=INDEX($G$2:$G$97,MATCH(VALUE(MID(N98,2,3)),$A$2:$A$97,0)),INDEX($L$2:$L$97,MATCH(VALUE(MID(N98,2,3)),$A$2:$A$97,0)),N98)),N98),IFERROR(IF(VLOOKUP(RIGHT(N98,1)&LEFT(N98,1),Clasificacion!$O$2:$Q$49,3,FALSE)="",N98,VLOOKUP(RIGHT(N98,1)&LEFT(N98,1),Clasificacion!$O$2:$Q$49,3,FALSE)),N98))))) -> W89 | M98: =IF(O98="","",IF(LEFT(O98,1)="3",IFERROR(IF(VLOOKUP($A98&"V",Asignacion_3ros!$A$2:$G$9,7,FALSE)="",O98,VLOOKUP($A98&"V",Asignacion_3ros!$A$2:$G$9,7,FALSE)),O98),IF(LEFT(O98,1)="W",IFERROR(IF(INDEX($J$2:$J$97,MATCH(VALUE(MID(O98,2,3)),$A$2:$A$97,0))=INDEX($F$2:$F$97,MATCH(VALUE(MID(O98,2,3)),$A$2:$A$97,0)),INDEX($L$2:$L$97,MATCH(VALUE(MID(O98,2,3)),$A$2:$A$97,0)),IF(INDEX($J$2:$J$97,MATCH(VALUE(MID(O98,2,3)),$A$2:$A$97,0))=INDEX($G$2:$G$97,MATCH(VALUE(MID(O98,2,3)),$A$2:$A$97,0)),INDEX($M$2:$M$97,MATCH(VALUE(MID(O98,2,3)),$A$2:$A$97,0)),O98)),O98),IF(LEFT(O98,1)="L",IFERROR(IF(INDEX($J$2:$J$97,MATCH(VALUE(MID(O98,2,3)),$A$2:$A$97,0))=INDEX($F$2:$F$97,MATCH(VALUE(MID(O98,2,3)),$A$2:$A$97,0)),INDEX($M$2:$M$97,MATCH(VALUE(MID(O98,2,3)),$A$2:$A$97,0)),IF(INDEX($J$2:$J$97,MATCH(VALUE(MID(O98,2,3)),$A$2:$A$97,0))=INDEX($G$2:$G$97,MATCH(VALUE(MID(O98,2,3)),$A$2:$A$97,0)),INDEX($L$2:$L$97,MATCH(VALUE(MID(O98,2,3)),$A$2:$A$97,0)),O98)),O98),IFERROR(IF(VLOOKUP(RIGHT(O98,1)&LEFT(O98,1),Clasificacion!$O$2:$Q$49,3,FALSE)="",O98,VLOOKUP(RIGHT(O98,1)&LEFT(O98,1),Clasificacion!$O$2:$Q$49,3,FALSE)),O98))))) -> W90 | N98: W89 | O98: W90 | P98: FIFA/CBS
A99: 98 | B99: 46213 | C99: 15:00 | D99: Cuartos | F99: =IF(N99="","",IF(LEFT(N99,1)="3",IFERROR(IF(VLOOKUP($A99&"L",Asignacion_3ros!$A$2:$G$9,6,FALSE)="",N99,VLOOKUP($A99&"L",Asignacion_3ros!$A$2:$G$9,6,FALSE)),N99),IF(LEFT(N99,1)="W",IFERROR(IF(INDEX($J$2:$J$98,MATCH(VALUE(MID(N99,2,3)),$A$2:$A$98,0))="",N99,INDEX($J$2:$J$98,MATCH(VALUE(MID(N99,2,3)),$A$2:$A$98,0))),N99),IF(LEFT(N99,1)="L",IFERROR(IF(INDEX($J$2:$J$98,MATCH(VALUE(MID(N99,2,3)),$A$2:$A$98,0))=INDEX($F$2:$F$98,MATCH(VALUE(MID(N99,2,3)),$A$2:$A$98,0)),INDEX($G$2:$G$98,MATCH(VALUE(MID(N99,2,3)),$A$2:$A$98,0)),IF(INDEX($J$2:$J$98,MATCH(VALUE(MID(N99,2,3)),$A$2:$A$98,0))=INDEX($G$2:$G$98,MATCH(VALUE(MID(N99,2,3)),$A$2:$A$98,0)),INDEX($F$2:$F$98,MATCH(VALUE(MID(N99,2,3)),$A$2:$A$98,0)),N99)),N99),IFERROR(IF(VLOOKUP(RIGHT(N99,1)&LEFT(N99,1),Clasificacion!$O$2:$Q$49,2,FALSE)="",N99,VLOOKUP(RIGHT(N99,1)&LEFT(N99,1),Clasificacion!$O$2:$Q$49,2,FALSE)),N99))))) -> W93 | G99: =IF(O99="","",IF(LEFT(O99,1)="3",IFERROR(IF(VLOOKUP($A99&"V",Asignacion_3ros!$A$2:$G$9,6,FALSE)="",O99,VLOOKUP($A99&"V",Asignacion_3ros!$A$2:$G$9,6,FALSE)),O99),IF(LEFT(O99,1)="W",IFERROR(IF(INDEX($J$2:$J$98,MATCH(VALUE(MID(O99,2,3)),$A$2:$A$98,0))="",O99,INDEX($J$2:$J$98,MATCH(VALUE(MID(O99,2,3)),$A$2:$A$98,0))),O99),IF(LEFT(O99,1)="L",IFERROR(IF(INDEX($J$2:$J$98,MATCH(VALUE(MID(O99,2,3)),$A$2:$A$98,0))=INDEX($F$2:$F$98,MATCH(VALUE(MID(O99,2,3)),$A$2:$A$98,0)),INDEX($G$2:$G$98,MATCH(VALUE(MID(O99,2,3)),$A$2:$A$98,0)),IF(INDEX($J$2:$J$98,MATCH(VALUE(MID(O99,2,3)),$A$2:$A$98,0))=INDEX($G$2:$G$98,MATCH(VALUE(MID(O99,2,3)),$A$2:$A$98,0)),INDEX($F$2:$F$98,MATCH(VALUE(MID(O99,2,3)),$A$2:$A$98,0)),O99)),O99),IFERROR(IF(VLOOKUP(RIGHT(O99,1)&LEFT(O99,1),Clasificacion!$O$2:$Q$49,2,FALSE)="",O99,VLOOKUP(RIGHT(O99,1)&LEFT(O99,1),Clasificacion!$O$2:$Q$49,2,FALSE)),O99))))) -> W94 | J99: =IF(OR(H99="",I99=""),"",IF(H99>I99,F99,IF(I99>H99,G99,"Empate"))) | K99: Los Angeles | L99: =IF(N99="","",IF(LEFT(N99,1)="3",IFERROR(IF(VLOOKUP($A99&"L",Asignacion_3ros!$A$2:$G$9,7,FALSE)="",N99,VLOOKUP($A99&"L",Asignacion_3ros!$A$2:$G$9,7,FALSE)),N99),IF(LEFT(N99,1)="W",IFERROR(IF(INDEX($J$2:$J$98,MATCH(VALUE(MID(N99,2,3)),$A$2:$A$98,0))=INDEX($F$2:$F$98,MATCH(VALUE(MID(N99,2,3)),$A$2:$A$98,0)),INDEX($L$2:$L$98,MATCH(VALUE(MID(N99,2,3)),$A$2:$A$98,0)),IF(INDEX($J$2:$J$98,MATCH(VALUE(MID(N99,2,3)),$A$2:$A$98,0))=INDEX($G$2:$G$98,MATCH(VALUE(MID(N99,2,3)),$A$2:$A$98,0)),INDEX($M$2:$M$98,MATCH(VALUE(MID(N99,2,3)),$A$2:$A$98,0)),N99)),N99),IF(LEFT(N99,1)="L",IFERROR(IF(INDEX($J$2:$J$98,MATCH(VALUE(MID(N99,2,3)),$A$2:$A$98,0))=INDEX($F$2:$F$98,MATCH(VALUE(MID(N99,2,3)),$A$2:$A$98,0)),INDEX($M$2:$M$98,MATCH(VALUE(MID(N99,2,3)),$A$2:$A$98,0)),IF(INDEX($J$2:$J$98,MATCH(VALUE(MID(N99,2,3)),$A$2:$A$98,0))=INDEX($G$2:$G$98,MATCH(VALUE(MID(N99,2,3)),$A$2:$A$98,0)),INDEX($L$2:$L$98,MATCH(VALUE(MID(N99,2,3)),$A$2:$A$98,0)),N99)),N99),IFERROR(IF(VLOOKUP(RIGHT(N99,1)&LEFT(N99,1),Clasificacion!$O$2:$Q$49,3,FALSE)="",N99,VLOOKUP(RIGHT(N99,1)&LEFT(N99,1),Clasificacion!$O$2:$Q$49,3,FALSE)),N99))))) -> W93 | M99: =IF(O99="","",IF(LEFT(O99,1)="3",IFERROR(IF(VLOOKUP($A99&"V",Asignacion_3ros!$A$2:$G$9,7,FALSE)="",O99,VLOOKUP($A99&"V",Asignacion_3ros!$A$2:$G$9,7,FALSE)),O99),IF(LEFT(O99,1)="W",IFERROR(IF(INDEX($J$2:$J$98,MATCH(VALUE(MID(O99,2,3)),$A$2:$A$98,0))=INDEX($F$2:$F$98,MATCH(VALUE(MID(O99,2,3)),$A$2:$A$98,0)),INDEX($L$2:$L$98,MATCH(VALUE(MID(O99,2,3)),$A$2:$A$98,0)),IF(INDEX($J$2:$J$98,MATCH(VALUE(MID(O99,2,3)),$A$2:$A$98,0))=INDEX($G$2:$G$98,MATCH(VALUE(MID(O99,2,3)),$A$2:$A$98,0)),INDEX($M$2:$M$98,MATCH(VALUE(MID(O99,2,3)),$A$2:$A$98,0)),O99)),O99),IF(LEFT(O99,1)="L",IFERROR(IF(INDEX($J$2:$J$98,MATCH(VALUE(MID(O99,2,3)),$A$2:$A$98,0))=INDEX($F$2:$F$98,MATCH(VALUE(MID(O99,2,3)),$A$2:$A$98,0)),INDEX($M$2:$M$98,MATCH(VALUE(MID(O99,2,3)),$A$2:$A$98,0)),IF(INDEX($J$2:$J$98,MATCH(VALUE(MID(O99,2,3)),$A$2:$A$98,0))=INDEX($G$2:$G$98,MATCH(VALUE(MID(O99,2,3)),$A$2:$A$98,0)),INDEX($L$2:$L$98,MATCH(VALUE(MID(O99,2,3)),$A$2:$A$98,0)),O99)),O99),IFERROR(IF(VLOOKUP(RIGHT(O99,1)&LEFT(O99,1),Clasificacion!$O$2:$Q$49,3,FALSE)="",O99,VLOOKUP(RIGHT(O99,1)&LEFT(O99,1),Clasificacion!$O$2:$Q$49,3,FALSE)),O99))))) -> W94 | N99: W93 | O99: W94 | P99: FIFA/CBS
A100: 99 | B100: 46214 | C100: 17:00 | D100: Cuartos | F100: =IF(N100="","",IF(LEFT(N100,1)="3",IFERROR(IF(VLOOKUP($A100&"L",Asignacion_3ros!$A$2:$G$9,6,FALSE)="",N100,VLOOKUP($A100&"L",Asignacion_3ros!$A$2:$G$9,6,FALSE)),N100),IF(LEFT(N100,1)="W",IFERROR(IF(INDEX($J$2:$J$99,MATCH(VALUE(MID(N100,2,3)),$A$2:$A$99,0))="",N100,INDEX($J$2:$J$99,MATCH(VALUE(MID(N100,2,3)),$A$2:$A$99,0))),N100),IF(LEFT(N100,1)="L",IFERROR(IF(INDEX($J$2:$J$99,MATCH(VALUE(MID(N100,2,3)),$A$2:$A$99,0))=INDEX($F$2:$F$99,MATCH(VALUE(MID(N100,2,3)),$A$2:$A$99,0)),INDEX($G$2:$G$99,MATCH(VALUE(MID(N100,2,3)),$A$2:$A$99,0)),IF(INDEX($J$2:$J$99,MATCH(VALUE(MID(N100,2,3)),$A$2:$A$99,0))=INDEX($G$2:$G$99,MATCH(VALUE(MID(N100,2,3)),$A$2:$A$99,0)),INDEX($F$2:$F$99,MATCH(VALUE(MID(N100,2,3)),$A$2:$A$99,0)),N100)),N100),IFERROR(IF(VLOOKUP(RIGHT(N100,1)&LEFT(N100,1),Clasificacion!$O$2:$Q$49,2,FALSE)="",N100,VLOOKUP(RIGHT(N100,1)&LEFT(N100,1),Clasificacion!$O$2:$Q$49,2,FALSE)),N100))))) -> W91 | G100: =IF(O100="","",IF(LEFT(O100,1)="3",IFERROR(IF(VLOOKUP($A100&"V",Asignacion_3ros!$A$2:$G$9,6,FALSE)="",O100,VLOOKUP($A100&"V",Asignacion_3ros!$A$2:$G$9,6,FALSE)),O100),IF(LEFT(O100,1)="W",IFERROR(IF(INDEX($J$2:$J$99,MATCH(VALUE(MID(O100,2,3)),$A$2:$A$99,0))="",O100,INDEX($J$2:$J$99,MATCH(VALUE(MID(O100,2,3)),$A$2:$A$99,0))),O100),IF(LEFT(O100,1)="L",IFERROR(IF(INDEX($J$2:$J$99,MATCH(VALUE(MID(O100,2,3)),$A$2:$A$99,0))=INDEX($F$2:$F$99,MATCH(VALUE(MID(O100,2,3)),$A$2:$A$99,0)),INDEX($G$2:$G$99,MATCH(VALUE(MID(O100,2,3)),$A$2:$A$99,0)),IF(INDEX($J$2:$J$99,MATCH(VALUE(MID(O100,2,3)),$A$2:$A$99,0))=INDEX($G$2:$G$99,MATCH(VALUE(MID(O100,2,3)),$A$2:$A$99,0)),INDEX($F$2:$F$99,MATCH(VALUE(MID(O100,2,3)),$A$2:$A$99,0)),O100)),O100),IFERROR(IF(VLOOKUP(RIGHT(O100,1)&LEFT(O100,1),Clasificacion!$O$2:$Q$49,2,FALSE)="",O100,VLOOKUP(RIGHT(O100,1)&LEFT(O100,1),Clasificacion!$O$2:$Q$49,2,FALSE)),O100))))) -> W92 | J100: =IF(OR(H100="",I100=""),"",IF(H100>I100,F100,IF(I100>H100,G100,"Empate"))) | K100: Miami | L100: =IF(N100="","",IF(LEFT(N100,1)="3",IFERROR(IF(VLOOKUP($A100&"L",Asignacion_3ros!$A$2:$G$9,7,FALSE)="",N100,VLOOKUP($A100&"L",Asignacion_3ros!$A$2:$G$9,7,FALSE)),N100),IF(LEFT(N100,1)="W",IFERROR(IF(INDEX($J$2:$J$99,MATCH(VALUE(MID(N100,2,3)),$A$2:$A$99,0))=INDEX($F$2:$F$99,MATCH(VALUE(MID(N100,2,3)),$A$2:$A$99,0)),INDEX($L$2:$L$99,MATCH(VALUE(MID(N100,2,3)),$A$2:$A$99,0)),IF(INDEX($J$2:$J$99,MATCH(VALUE(MID(N100,2,3)),$A$2:$A$99,0))=INDEX($G$2:$G$99,MATCH(VALUE(MID(N100,2,3)),$A$2:$A$99,0)),INDEX($M$2:$M$99,MATCH(VALUE(MID(N100,2,3)),$A$2:$A$99,0)),N100)),N100),IF(LEFT(N100,1)="L",IFERROR(IF(INDEX($J$2:$J$99,MATCH(VALUE(MID(N100,2,3)),$A$2:$A$99,0))=INDEX($F$2:$F$99,MATCH(VALUE(MID(N100,2,3)),$A$2:$A$99,0)),INDEX($M$2:$M$99,MATCH(VALUE(MID(N100,2,3)),$A$2:$A$99,0)),IF(INDEX($J$2:$J$99,MATCH(VALUE(MID(N100,2,3)),$A$2:$A$99,0))=INDEX($G$2:$G$99,MATCH(VALUE(MID(N100,2,3)),$A$2:$A$99,0)),INDEX($L$2:$L$99,MATCH(VALUE(MID(N100,2,3)),$A$2:$A$99,0)),N100)),N100),IFERROR(IF(VLOOKUP(RIGHT(N100,1)&LEFT(N100,1),Clasificacion!$O$2:$Q$49,3,FALSE)="",N100,VLOOKUP(RIGHT(N100,1)&LEFT(N100,1),Clasificacion!$O$2:$Q$49,3,FALSE)),N100))))) -> W91 | M100: =IF(O100="","",IF(LEFT(O100,1)="3",IFERROR(IF(VLOOKUP($A100&"V",Asignacion_3ros!$A$2:$G$9,7,FALSE)="",O100,VLOOKUP($A100&"V",Asignacion_3ros!$A$2:$G$9,7,FALSE)),O100),IF(LEFT(O100,1)="W",IFERROR(IF(INDEX($J$2:$J$99,MATCH(VALUE(MID(O100,2,3)),$A$2:$A$99,0))=INDEX($F$2:$F$99,MATCH(VALUE(MID(O100,2,3)),$A$2:$A$99,0)),INDEX($L$2:$L$99,MATCH(VALUE(MID(O100,2,3)),$A$2:$A$99,0)),IF(INDEX($J$2:$J$99,MATCH(VALUE(MID(O100,2,3)),$A$2:$A$99,0))=INDEX($G$2:$G$99,MATCH(VALUE(MID(O100,2,3)),$A$2:$A$99,0)),INDEX($M$2:$M$99,MATCH(VALUE(MID(O100,2,3)),$A$2:$A$99,0)),O100)),O100),IF(LEFT(O100,1)="L",IFERROR(IF(INDEX($J$2:$J$99,MATCH(VALUE(MID(O100,2,3)),$A$2:$A$99,0))=INDEX($F$2:$F$99,MATCH(VALUE(MID(O100,2,3)),$A$2:$A$99,0)),INDEX($M$2:$M$99,MATCH(VALUE(MID(O100,2,3)),$A$2:$A$99,0)),IF(INDEX($J$2:$J$99,MATCH(VALUE(MID(O100,2,3)),$A$2:$A$99,0))=INDEX($G$2:$G$99,MATCH(VALUE(MID(O100,2,3)),$A$2:$A$99,0)),INDEX($L$2:$L$99,MATCH(VALUE(MID(O100,2,3)),$A$2:$A$99,0)),O100)),O100),IFERROR(IF(VLOOKUP(RIGHT(O100,1)&LEFT(O100,1),Clasificacion!$O$2:$Q$49,3,FALSE)="",O100,VLOOKUP(RIGHT(O100,1)&LEFT(O100,1),Clasificacion!$O$2:$Q$49,3,FALSE)),O100))))) -> W92 | N100: W91 | O100: W92 | P100: FIFA/CBS
A101: 100 | B101: 46214 | C101: 21:00 | D101: Cuartos | F101: =IF(N101="","",IF(LEFT(N101,1)="3",IFERROR(IF(VLOOKUP($A101&"L",Asignacion_3ros!$A$2:$G$9,6,FALSE)="",N101,VLOOKUP($A101&"L",Asignacion_3ros!$A$2:$G$9,6,FALSE)),N101),IF(LEFT(N101,1)="W",IFERROR(IF(INDEX($J$2:$J$100,MATCH(VALUE(MID(N101,2,3)),$A$2:$A$100,0))="",N101,INDEX($J$2:$J$100,MATCH(VALUE(MID(N101,2,3)),$A$2:$A$100,0))),N101),IF(LEFT(N101,1)="L",IFERROR(IF(INDEX($J$2:$J$100,MATCH(VALUE(MID(N101,2,3)),$A$2:$A$100,0))=INDEX($F$2:$F$100,MATCH(VALUE(MID(N101,2,3)),$A$2:$A$100,0)),INDEX($G$2:$G$100,MATCH(VALUE(MID(N101,2,3)),$A$2:$A$100,0)),IF(INDEX($J$2:$J$100,MATCH(VALUE(MID(N101,2,3)),$A$2:$A$100,0))=INDEX($G$2:$G$100,MATCH(VALUE(MID(N101,2,3)),$A$2:$A$100,0)),INDEX($F$2:$F$100,MATCH(VALUE(MID(N101,2,3)),$A$2:$A$100,0)),N101)),N101),IFERROR(IF(VLOOKUP(RIGHT(N101,1)&LEFT(N101,1),Clasificacion!$O$2:$Q$49,2,FALSE)="",N101,VLOOKUP(RIGHT(N101,1)&LEFT(N101,1),Clasificacion!$O$2:$Q$49,2,FALSE)),N101))))) -> W95 | G101: =IF(O101="","",IF(LEFT(O101,1)="3",IFERROR(IF(VLOOKUP($A101&"V",Asignacion_3ros!$A$2:$G$9,6,FALSE)="",O101,VLOOKUP($A101&"V",Asignacion_3ros!$A$2:$G$9,6,FALSE)),O101),IF(LEFT(O101,1)="W",IFERROR(IF(INDEX($J$2:$J$100,MATCH(VALUE(MID(O101,2,3)),$A$2:$A$100,0))="",O101,INDEX($J$2:$J$100,MATCH(VALUE(MID(O101,2,3)),$A$2:$A$100,0))),O101),IF(LEFT(O101,1)="L",IFERROR(IF(INDEX($J$2:$J$100,MATCH(VALUE(MID(O101,2,3)),$A$2:$A$100,0))=INDEX($F$2:$F$100,MATCH(VALUE(MID(O101,2,3)),$A$2:$A$100,0)),INDEX($G$2:$G$100,MATCH(VALUE(MID(O101,2,3)),$A$2:$A$100,0)),IF(INDEX($J$2:$J$100,MATCH(VALUE(MID(O101,2,3)),$A$2:$A$100,0))=INDEX($G$2:$G$100,MATCH(VALUE(MID(O101,2,3)),$A$2:$A$100,0)),INDEX($F$2:$F$100,MATCH(VALUE(MID(O101,2,3)),$A$2:$A$100,0)),O101)),O101),IFERROR(IF(VLOOKUP(RIGHT(O101,1)&LEFT(O101,1),Clasificacion!$O$2:$Q$49,2,FALSE)="",O101,VLOOKUP(RIGHT(O101,1)&LEFT(O101,1),Clasificacion!$O$2:$Q$49,2,FALSE)),O101))))) -> W96 | J101: =IF(OR(H101="",I101=""),"",IF(H101>I101,F101,IF(I101>H101,G101,"Empate"))) | K101: Kansas City | L101: =IF(N101="","",IF(LEFT(N101,1)="3",IFERROR(IF(VLOOKUP($A101&"L",Asignacion_3ros!$A$2:$G$9,7,FALSE)="",N101,VLOOKUP($A101&"L",Asignacion_3ros!$A$2:$G$9,7,FALSE)),N101),IF(LEFT(N101,1)="W",IFERROR(IF(INDEX($J$2:$J$100,MATCH(VALUE(MID(N101,2,3)),$A$2:$A$100,0))=INDEX($F$2:$F$100,MATCH(VALUE(MID(N101,2,3)),$A$2:$A$100,0)),INDEX($L$2:$L$100,MATCH(VALUE(MID(N101,2,3)),$A$2:$A$100,0)),IF(INDEX($J$2:$J$100,MATCH(VALUE(MID(N101,2,3)),$A$2:$A$100,0))=INDEX($G$2:$G$100,MATCH(VALUE(MID(N101,2,3)),$A$2:$A$100,0)),INDEX($M$2:$M$100,MATCH(VALUE(MID(N101,2,3)),$A$2:$A$100,0)),N101)),N101),IF(LEFT(N101,1)="L",IFERROR(IF(INDEX($J$2:$J$100,MATCH(VALUE(MID(N101,2,3)),$A$2:$A$100,0))=INDEX($F$2:$F$100,MATCH(VALUE(MID(N101,2,3)),$A$2:$A$100,0)),INDEX($M$2:$M$100,MATCH(VALUE(MID(N101,2,3)),$A$2:$A$100,0)),IF(INDEX($J$2:$J$100,MATCH(VALUE(MID(N101,2,3)),$A$2:$A$100,0))=INDEX($G$2:$G$100,MATCH(VALUE(MID(N101,2,3)),$A$2:$A$100,0)),INDEX($L$2:$L$100,MATCH(VALUE(MID(N101,2,3)),$A$2:$A$100,0)),N101)),N101),IFERROR(IF(VLOOKUP(RIGHT(N101,1)&LEFT(N101,1),Clasificacion!$O$2:$Q$49,3,FALSE)="",N101,VLOOKUP(RIGHT(N101,1)&LEFT(N101,1),Clasificacion!$O$2:$Q$49,3,FALSE)),N101))))) -> W95 | M101: =IF(O101="","",IF(LEFT(O101,1)="3",IFERROR(IF(VLOOKUP($A101&"V",Asignacion_3ros!$A$2:$G$9,7,FALSE)="",O101,VLOOKUP($A101&"V",Asignacion_3ros!$A$2:$G$9,7,FALSE)),O101),IF(LEFT(O101,1)="W",IFERROR(IF(INDEX($J$2:$J$100,MATCH(VALUE(MID(O101,2,3)),$A$2:$A$100,0))=INDEX($F$2:$F$100,MATCH(VALUE(MID(O101,2,3)),$A$2:$A$100,0)),INDEX($L$2:$L$100,MATCH(VALUE(MID(O101,2,3)),$A$2:$A$100,0)),IF(INDEX($J$2:$J$100,MATCH(VALUE(MID(O101,2,3)),$A$2:$A$100,0))=INDEX($G$2:$G$100,MATCH(VALUE(MID(O101,2,3)),$A$2:$A$100,0)),INDEX($M$2:$M$100,MATCH(VALUE(MID(O101,2,3)),$A$2:$A$100,0)),O101)),O101),IF(LEFT(O101,1)="L",IFERROR(IF(INDEX($J$2:$J$100,MATCH(VALUE(MID(O101,2,3)),$A$2:$A$100,0))=INDEX($F$2:$F$100,MATCH(VALUE(MID(O101,2,3)),$A$2:$A$100,0)),INDEX($M$2:$M$100,MATCH(VALUE(MID(O101,2,3)),$A$2:$A$100,0)),IF(INDEX($J$2:$J$100,MATCH(VALUE(MID(O101,2,3)),$A$2:$A$100,0))=INDEX($G$2:$G$100,MATCH(VALUE(MID(O101,2,3)),$A$2:$A$100,0)),INDEX($L$2:$L$100,MATCH(VALUE(MID(O101,2,3)),$A$2:$A$100,0)),O101)),O101),IFERROR(IF(VLOOKUP(RIGHT(O101,1)&LEFT(O101,1),Clasificacion!$O$2:$Q$49,3,FALSE)="",O101,VLOOKUP(RIGHT(O101,1)&LEFT(O101,1),Clasificacion!$O$2:$Q$49,3,FALSE)),O101))))) -> W96 | N101: W95 | O101: W96 | P101: FIFA/CBS
A102: 101 | B102: 46217 | C102: 15:00 | D102: Semifinal | F102: =IF(N102="","",IF(LEFT(N102,1)="3",IFERROR(IF(VLOOKUP($A102&"L",Asignacion_3ros!$A$2:$G$9,6,FALSE)="",N102,VLOOKUP($A102&"L",Asignacion_3ros!$A$2:$G$9,6,FALSE)),N102),IF(LEFT(N102,1)="W",IFERROR(IF(INDEX($J$2:$J$101,MATCH(VALUE(MID(N102,2,3)),$A$2:$A$101,0))="",N102,INDEX($J$2:$J$101,MATCH(VALUE(MID(N102,2,3)),$A$2:$A$101,0))),N102),IF(LEFT(N102,1)="L",IFERROR(IF(INDEX($J$2:$J$101,MATCH(VALUE(MID(N102,2,3)),$A$2:$A$101,0))=INDEX($F$2:$F$101,MATCH(VALUE(MID(N102,2,3)),$A$2:$A$101,0)),INDEX($G$2:$G$101,MATCH(VALUE(MID(N102,2,3)),$A$2:$A$101,0)),IF(INDEX($J$2:$J$101,MATCH(VALUE(MID(N102,2,3)),$A$2:$A$101,0))=INDEX($G$2:$G$101,MATCH(VALUE(MID(N102,2,3)),$A$2:$A$101,0)),INDEX($F$2:$F$101,MATCH(VALUE(MID(N102,2,3)),$A$2:$A$101,0)),N102)),N102),IFERROR(IF(VLOOKUP(RIGHT(N102,1)&LEFT(N102,1),Clasificacion!$O$2:$Q$49,2,FALSE)="",N102,VLOOKUP(RIGHT(N102,1)&LEFT(N102,1),Clasificacion!$O$2:$Q$49,2,FALSE)),N102))))) -> W97 | G102: =IF(O102="","",IF(LEFT(O102,1)="3",IFERROR(IF(VLOOKUP($A102&"V",Asignacion_3ros!$A$2:$G$9,6,FALSE)="",O102,VLOOKUP($A102&"V",Asignacion_3ros!$A$2:$G$9,6,FALSE)),O102),IF(LEFT(O102,1)="W",IFERROR(IF(INDEX($J$2:$J$101,MATCH(VALUE(MID(O102,2,3)),$A$2:$A$101,0))="",O102,INDEX($J$2:$J$101,MATCH(VALUE(MID(O102,2,3)),$A$2:$A$101,0))),O102),IF(LEFT(O102,1)="L",IFERROR(IF(INDEX($J$2:$J$101,MATCH(VALUE(MID(O102,2,3)),$A$2:$A$101,0))=INDEX($F$2:$F$101,MATCH(VALUE(MID(O102,2,3)),$A$2:$A$101,0)),INDEX($G$2:$G$101,MATCH(VALUE(MID(O102,2,3)),$A$2:$A$101,0)),IF(INDEX($J$2:$J$101,MATCH(VALUE(MID(O102,2,3)),$A$2:$A$101,0))=INDEX($G$2:$G$101,MATCH(VALUE(MID(O102,2,3)),$A$2:$A$101,0)),INDEX($F$2:$F$101,MATCH(VALUE(MID(O102,2,3)),$A$2:$A$101,0)),O102)),O102),IFERROR(IF(VLOOKUP(RIGHT(O102,1)&LEFT(O102,1),Clasificacion!$O$2:$Q$49,2,FALSE)="",O102,VLOOKUP(RIGHT(O102,1)&LEFT(O102,1),Clasificacion!$O$2:$Q$49,2,FALSE)),O102))))) -> W98 | J102: =IF(OR(H102="",I102=""),"",IF(H102>I102,F102,IF(I102>H102,G102,"Empate"))) | K102: Dallas | L102: =IF(N102="","",IF(LEFT(N102,1)="3",IFERROR(IF(VLOOKUP($A102&"L",Asignacion_3ros!$A$2:$G$9,7,FALSE)="",N102,VLOOKUP($A102&"L",Asignacion_3ros!$A$2:$G$9,7,FALSE)),N102),IF(LEFT(N102,1)="W",IFERROR(IF(INDEX($J$2:$J$101,MATCH(VALUE(MID(N102,2,3)),$A$2:$A$101,0))=INDEX($F$2:$F$101,MATCH(VALUE(MID(N102,2,3)),$A$2:$A$101,0)),INDEX($L$2:$L$101,MATCH(VALUE(MID(N102,2,3)),$A$2:$A$101,0)),IF(INDEX($J$2:$J$101,MATCH(VALUE(MID(N102,2,3)),$A$2:$A$101,0))=INDEX($G$2:$G$101,MATCH(VALUE(MID(N102,2,3)),$A$2:$A$101,0)),INDEX($M$2:$M$101,MATCH(VALUE(MID(N102,2,3)),$A$2:$A$101,0)),N102)),N102),IF(LEFT(N102,1)="L",IFERROR(IF(INDEX($J$2:$J$101,MATCH(VALUE(MID(N102,2,3)),$A$2:$A$101,0))=INDEX($F$2:$F$101,MATCH(VALUE(MID(N102,2,3)),$A$2:$A$101,0)),INDEX($M$2:$M$101,MATCH(VALUE(MID(N102,2,3)),$A$2:$A$101,0)),IF(INDEX($J$2:$J$101,MATCH(VALUE(MID(N102,2,3)),$A$2:$A$101,0))=INDEX($G$2:$G$101,MATCH(VALUE(MID(N102,2,3)),$A$2:$A$101,0)),INDEX($L$2:$L$101,MATCH(VALUE(MID(N102,2,3)),$A$2:$A$101,0)),N102)),N102),IFERROR(IF(VLOOKUP(RIGHT(N102,1)&LEFT(N102,1),Clasificacion!$O$2:$Q$49,3,FALSE)="",N102,VLOOKUP(RIGHT(N102,1)&LEFT(N102,1),Clasificacion!$O$2:$Q$49,3,FALSE)),N102))))) -> W97 | M102: =IF(O102="","",IF(LEFT(O102,1)="3",IFERROR(IF(VLOOKUP($A102&"V",Asignacion_3ros!$A$2:$G$9,7,FALSE)="",O102,VLOOKUP($A102&"V",Asignacion_3ros!$A$2:$G$9,7,FALSE)),O102),IF(LEFT(O102,1)="W",IFERROR(IF(INDEX($J$2:$J$101,MATCH(VALUE(MID(O102,2,3)),$A$2:$A$101,0))=INDEX($F$2:$F$101,MATCH(VALUE(MID(O102,2,3)),$A$2:$A$101,0)),INDEX($L$2:$L$101,MATCH(VALUE(MID(O102,2,3)),$A$2:$A$101,0)),IF(INDEX($J$2:$J$101,MATCH(VALUE(MID(O102,2,3)),$A$2:$A$101,0))=INDEX($G$2:$G$101,MATCH(VALUE(MID(O102,2,3)),$A$2:$A$101,0)),INDEX($M$2:$M$101,MATCH(VALUE(MID(O102,2,3)),$A$2:$A$101,0)),O102)),O102),IF(LEFT(O102,1)="L",IFERROR(IF(INDEX($J$2:$J$101,MATCH(VALUE(MID(O102,2,3)),$A$2:$A$101,0))=INDEX($F$2:$F$101,MATCH(VALUE(MID(O102,2,3)),$A$2:$A$101,0)),INDEX($M$2:$M$101,MATCH(VALUE(MID(O102,2,3)),$A$2:$A$101,0)),IF(INDEX($J$2:$J$101,MATCH(VALUE(MID(O102,2,3)),$A$2:$A$101,0))=INDEX($G$2:$G$101,MATCH(VALUE(MID(O102,2,3)),$A$2:$A$101,0)),INDEX($L$2:$L$101,MATCH(VALUE(MID(O102,2,3)),$A$2:$A$101,0)),O102)),O102),IFERROR(IF(VLOOKUP(RIGHT(O102,1)&LEFT(O102,1),Clasificacion!$O$2:$Q$49,3,FALSE)="",O102,VLOOKUP(RIGHT(O102,1)&LEFT(O102,1),Clasificacion!$O$2:$Q$49,3,FALSE)),O102))))) -> W98 | N102: W97 | O102: W98 | P102: FIFA/CBS
A103: 102 | B103: 46218 | C103: 15:00 | D103: Semifinal | F103: =IF(N103="","",IF(LEFT(N103,1)="3",IFERROR(IF(VLOOKUP($A103&"L",Asignacion_3ros!$A$2:$G$9,6,FALSE)="",N103,VLOOKUP($A103&"L",Asignacion_3ros!$A$2:$G$9,6,FALSE)),N103),IF(LEFT(N103,1)="W",IFERROR(IF(INDEX($J$2:$J$102,MATCH(VALUE(MID(N103,2,3)),$A$2:$A$102,0))="",N103,INDEX($J$2:$J$102,MATCH(VALUE(MID(N103,2,3)),$A$2:$A$102,0))),N103),IF(LEFT(N103,1)="L",IFERROR(IF(INDEX($J$2:$J$102,MATCH(VALUE(MID(N103,2,3)),$A$2:$A$102,0))=INDEX($F$2:$F$102,MATCH(VALUE(MID(N103,2,3)),$A$2:$A$102,0)),INDEX($G$2:$G$102,MATCH(VALUE(MID(N103,2,3)),$A$2:$A$102,0)),IF(INDEX($J$2:$J$102,MATCH(VALUE(MID(N103,2,3)),$A$2:$A$102,0))=INDEX($G$2:$G$102,MATCH(VALUE(MID(N103,2,3)),$A$2:$A$102,0)),INDEX($F$2:$F$102,MATCH(VALUE(MID(N103,2,3)),$A$2:$A$102,0)),N103)),N103),IFERROR(IF(VLOOKUP(RIGHT(N103,1)&LEFT(N103,1),Clasificacion!$O$2:$Q$49,2,FALSE)="",N103,VLOOKUP(RIGHT(N103,1)&LEFT(N103,1),Clasificacion!$O$2:$Q$49,2,FALSE)),N103))))) -> W99 | G103: =IF(O103="","",IF(LEFT(O103,1)="3",IFERROR(IF(VLOOKUP($A103&"V",Asignacion_3ros!$A$2:$G$9,6,FALSE)="",O103,VLOOKUP($A103&"V",Asignacion_3ros!$A$2:$G$9,6,FALSE)),O103),IF(LEFT(O103,1)="W",IFERROR(IF(INDEX($J$2:$J$102,MATCH(VALUE(MID(O103,2,3)),$A$2:$A$102,0))="",O103,INDEX($J$2:$J$102,MATCH(VALUE(MID(O103,2,3)),$A$2:$A$102,0))),O103),IF(LEFT(O103,1)="L",IFERROR(IF(INDEX($J$2:$J$102,MATCH(VALUE(MID(O103,2,3)),$A$2:$A$102,0))=INDEX($F$2:$F$102,MATCH(VALUE(MID(O103,2,3)),$A$2:$A$102,0)),INDEX($G$2:$G$102,MATCH(VALUE(MID(O103,2,3)),$A$2:$A$102,0)),IF(INDEX($J$2:$J$102,MATCH(VALUE(MID(O103,2,3)),$A$2:$A$102,0))=INDEX($G$2:$G$102,MATCH(VALUE(MID(O103,2,3)),$A$2:$A$102,0)),INDEX($F$2:$F$102,MATCH(VALUE(MID(O103,2,3)),$A$2:$A$102,0)),O103)),O103),IFERROR(IF(VLOOKUP(RIGHT(O103,1)&LEFT(O103,1),Clasificacion!$O$2:$Q$49,2,FALSE)="",O103,VLOOKUP(RIGHT(O103,1)&LEFT(O103,1),Clasificacion!$O$2:$Q$49,2,FALSE)),O103))))) -> W100 | J103: =IF(OR(H103="",I103=""),"",IF(H103>I103,F103,IF(I103>H103,G103,"Empate"))) | K103: Atlanta | L103: =IF(N103="","",IF(LEFT(N103,1)="3",IFERROR(IF(VLOOKUP($A103&"L",Asignacion_3ros!$A$2:$G$9,7,FALSE)="",N103,VLOOKUP($A103&"L",Asignacion_3ros!$A$2:$G$9,7,FALSE)),N103),IF(LEFT(N103,1)="W",IFERROR(IF(INDEX($J$2:$J$102,MATCH(VALUE(MID(N103,2,3)),$A$2:$A$102,0))=INDEX($F$2:$F$102,MATCH(VALUE(MID(N103,2,3)),$A$2:$A$102,0)),INDEX($L$2:$L$102,MATCH(VALUE(MID(N103,2,3)),$A$2:$A$102,0)),IF(INDEX($J$2:$J$102,MATCH(VALUE(MID(N103,2,3)),$A$2:$A$102,0))=INDEX($G$2:$G$102,MATCH(VALUE(MID(N103,2,3)),$A$2:$A$102,0)),INDEX($M$2:$M$102,MATCH(VALUE(MID(N103,2,3)),$A$2:$A$102,0)),N103)),N103),IF(LEFT(N103,1)="L",IFERROR(IF(INDEX($J$2:$J$102,MATCH(VALUE(MID(N103,2,3)),$A$2:$A$102,0))=INDEX($F$2:$F$102,MATCH(VALUE(MID(N103,2,3)),$A$2:$A$102,0)),INDEX($M$2:$M$102,MATCH(VALUE(MID(N103,2,3)),$A$2:$A$102,0)),IF(INDEX($J$2:$J$102,MATCH(VALUE(MID(N103,2,3)),$A$2:$A$102,0))=INDEX($G$2:$G$102,MATCH(VALUE(MID(N103,2,3)),$A$2:$A$102,0)),INDEX($L$2:$L$102,MATCH(VALUE(MID(N103,2,3)),$A$2:$A$102,0)),N103)),N103),IFERROR(IF(VLOOKUP(RIGHT(N103,1)&LEFT(N103,1),Clasificacion!$O$2:$Q$49,3,FALSE)="",N103,VLOOKUP(RIGHT(N103,1)&LEFT(N103,1),Clasificacion!$O$2:$Q$49,3,FALSE)),N103))))) -> W99 | M103: =IF(O103="","",IF(LEFT(O103,1)="3",IFERROR(IF(VLOOKUP($A103&"V",Asignacion_3ros!$A$2:$G$9,7,FALSE)="",O103,VLOOKUP($A103&"V",Asignacion_3ros!$A$2:$G$9,7,FALSE)),O103),IF(LEFT(O103,1)="W",IFERROR(IF(INDEX($J$2:$J$102,MATCH(VALUE(MID(O103,2,3)),$A$2:$A$102,0))=INDEX($F$2:$F$102,MATCH(VALUE(MID(O103,2,3)),$A$2:$A$102,0)),INDEX($L$2:$L$102,MATCH(VALUE(MID(O103,2,3)),$A$2:$A$102,0)),IF(INDEX($J$2:$J$102,MATCH(VALUE(MID(O103,2,3)),$A$2:$A$102,0))=INDEX($G$2:$G$102,MATCH(VALUE(MID(O103,2,3)),$A$2:$A$102,0)),INDEX($M$2:$M$102,MATCH(VALUE(MID(O103,2,3)),$A$2:$A$102,0)),O103)),O103),IF(LEFT(O103,1)="L",IFERROR(IF(INDEX($J$2:$J$102,MATCH(VALUE(MID(O103,2,3)),$A$2:$A$102,0))=INDEX($F$2:$F$102,MATCH(VALUE(MID(O103,2,3)),$A$2:$A$102,0)),INDEX($M$2:$M$102,MATCH(VALUE(MID(O103,2,3)),$A$2:$A$102,0)),IF(INDEX($J$2:$J$102,MATCH(VALUE(MID(O103,2,3)),$A$2:$A$102,0))=INDEX($G$2:$G$102,MATCH(VALUE(MID(O103,2,3)),$A$2:$A$102,0)),INDEX($L$2:$L$102,MATCH(VALUE(MID(O103,2,3)),$A$2:$A$102,0)),O103)),O103),IFERROR(IF(VLOOKUP(RIGHT(O103,1)&LEFT(O103,1),Clasificacion!$O$2:$Q$49,3,FALSE)="",O103,VLOOKUP(RIGHT(O103,1)&LEFT(O103,1),Clasificacion!$O$2:$Q$49,3,FALSE)),O103))))) -> W100 | N103: W99 | O103: W100 | P103: FIFA/CBS
A104: 103 | B104: 46221 | C104: 17:00 | D104: Tercer lugar | F104: =IF(N104="","",IF(LEFT(N104,1)="3",IFERROR(IF(VLOOKUP($A104&"L",Asignacion_3ros!$A$2:$G$9,6,FALSE)="",N104,VLOOKUP($A104&"L",Asignacion_3ros!$A$2:$G$9,6,FALSE)),N104),IF(LEFT(N104,1)="W",IFERROR(IF(INDEX($J$2:$J$103,MATCH(VALUE(MID(N104,2,3)),$A$2:$A$103,0))="",N104,INDEX($J$2:$J$103,MATCH(VALUE(MID(N104,2,3)),$A$2:$A$103,0))),N104),IF(LEFT(N104,1)="L",IFERROR(IF(INDEX($J$2:$J$103,MATCH(VALUE(MID(N104,2,3)),$A$2:$A$103,0))=INDEX($F$2:$F$103,MATCH(VALUE(MID(N104,2,3)),$A$2:$A$103,0)),INDEX($G$2:$G$103,MATCH(VALUE(MID(N104,2,3)),$A$2:$A$103,0)),IF(INDEX($J$2:$J$103,MATCH(VALUE(MID(N104,2,3)),$A$2:$A$103,0))=INDEX($G$2:$G$103,MATCH(VALUE(MID(N104,2,3)),$A$2:$A$103,0)),INDEX($F$2:$F$103,MATCH(VALUE(MID(N104,2,3)),$A$2:$A$103,0)),N104)),N104),IFERROR(IF(VLOOKUP(RIGHT(N104,1)&LEFT(N104,1),Clasificacion!$O$2:$Q$49,2,FALSE)="",N104,VLOOKUP(RIGHT(N104,1)&LEFT(N104,1),Clasificacion!$O$2:$Q$49,2,FALSE)),N104))))) -> L101 | G104: =IF(O104="","",IF(LEFT(O104,1)="3",IFERROR(IF(VLOOKUP($A104&"V",Asignacion_3ros!$A$2:$G$9,6,FALSE)="",O104,VLOOKUP($A104&"V",Asignacion_3ros!$A$2:$G$9,6,FALSE)),O104),IF(LEFT(O104,1)="W",IFERROR(IF(INDEX($J$2:$J$103,MATCH(VALUE(MID(O104,2,3)),$A$2:$A$103,0))="",O104,INDEX($J$2:$J$103,MATCH(VALUE(MID(O104,2,3)),$A$2:$A$103,0))),O104),IF(LEFT(O104,1)="L",IFERROR(IF(INDEX($J$2:$J$103,MATCH(VALUE(MID(O104,2,3)),$A$2:$A$103,0))=INDEX($F$2:$F$103,MATCH(VALUE(MID(O104,2,3)),$A$2:$A$103,0)),INDEX($G$2:$G$103,MATCH(VALUE(MID(O104,2,3)),$A$2:$A$103,0)),IF(INDEX($J$2:$J$103,MATCH(VALUE(MID(O104,2,3)),$A$2:$A$103,0))=INDEX($G$2:$G$103,MATCH(VALUE(MID(O104,2,3)),$A$2:$A$103,0)),INDEX($F$2:$F$103,MATCH(VALUE(MID(O104,2,3)),$A$2:$A$103,0)),O104)),O104),IFERROR(IF(VLOOKUP(RIGHT(O104,1)&LEFT(O104,1),Clasificacion!$O$2:$Q$49,2,FALSE)="",O104,VLOOKUP(RIGHT(O104,1)&LEFT(O104,1),Clasificacion!$O$2:$Q$49,2,FALSE)),O104))))) -> L102 | J104: =IF(OR(H104="",I104=""),"",IF(H104>I104,F104,IF(I104>H104,G104,"Empate"))) | K104: Miami | L104: =IF(N104="","",IF(LEFT(N104,1)="3",IFERROR(IF(VLOOKUP($A104&"L",Asignacion_3ros!$A$2:$G$9,7,FALSE)="",N104,VLOOKUP($A104&"L",Asignacion_3ros!$A$2:$G$9,7,FALSE)),N104),IF(LEFT(N104,1)="W",IFERROR(IF(INDEX($J$2:$J$103,MATCH(VALUE(MID(N104,2,3)),$A$2:$A$103,0))=INDEX($F$2:$F$103,MATCH(VALUE(MID(N104,2,3)),$A$2:$A$103,0)),INDEX($L$2:$L$103,MATCH(VALUE(MID(N104,2,3)),$A$2:$A$103,0)),IF(INDEX($J$2:$J$103,MATCH(VALUE(MID(N104,2,3)),$A$2:$A$103,0))=INDEX($G$2:$G$103,MATCH(VALUE(MID(N104,2,3)),$A$2:$A$103,0)),INDEX($M$2:$M$103,MATCH(VALUE(MID(N104,2,3)),$A$2:$A$103,0)),N104)),N104),IF(LEFT(N104,1)="L",IFERROR(IF(INDEX($J$2:$J$103,MATCH(VALUE(MID(N104,2,3)),$A$2:$A$103,0))=INDEX($F$2:$F$103,MATCH(VALUE(MID(N104,2,3)),$A$2:$A$103,0)),INDEX($M$2:$M$103,MATCH(VALUE(MID(N104,2,3)),$A$2:$A$103,0)),IF(INDEX($J$2:$J$103,MATCH(VALUE(MID(N104,2,3)),$A$2:$A$103,0))=INDEX($G$2:$G$103,MATCH(VALUE(MID(N104,2,3)),$A$2:$A$103,0)),INDEX($L$2:$L$103,MATCH(VALUE(MID(N104,2,3)),$A$2:$A$103,0)),N104)),N104),IFERROR(IF(VLOOKUP(RIGHT(N104,1)&LEFT(N104,1),Clasificacion!$O$2:$Q$49,3,FALSE)="",N104,VLOOKUP(RIGHT(N104,1)&LEFT(N104,1),Clasificacion!$O$2:$Q$49,3,FALSE)),N104))))) -> L101 | M104: =IF(O104="","",IF(LEFT(O104,1)="3",IFERROR(IF(VLOOKUP($A104&"V",Asignacion_3ros!$A$2:$G$9,7,FALSE)="",O104,VLOOKUP($A104&"V",Asignacion_3ros!$A$2:$G$9,7,FALSE)),O104),IF(LEFT(O104,1)="W",IFERROR(IF(INDEX($J$2:$J$103,MATCH(VALUE(MID(O104,2,3)),$A$2:$A$103,0))=INDEX($F$2:$F$103,MATCH(VALUE(MID(O104,2,3)),$A$2:$A$103,0)),INDEX($L$2:$L$103,MATCH(VALUE(MID(O104,2,3)),$A$2:$A$103,0)),IF(INDEX($J$2:$J$103,MATCH(VALUE(MID(O104,2,3)),$A$2:$A$103,0))=INDEX($G$2:$G$103,MATCH(VALUE(MID(O104,2,3)),$A$2:$A$103,0)),INDEX($M$2:$M$103,MATCH(VALUE(MID(O104,2,3)),$A$2:$A$103,0)),O104)),O104),IF(LEFT(O104,1)="L",IFERROR(IF(INDEX($J$2:$J$103,MATCH(VALUE(MID(O104,2,3)),$A$2:$A$103,0))=INDEX($F$2:$F$103,MATCH(VALUE(MID(O104,2,3)),$A$2:$A$103,0)),INDEX($M$2:$M$103,MATCH(VALUE(MID(O104,2,3)),$A$2:$A$103,0)),IF(INDEX($J$2:$J$103,MATCH(VALUE(MID(O104,2,3)),$A$2:$A$103,0))=INDEX($G$2:$G$103,MATCH(VALUE(MID(O104,2,3)),$A$2:$A$103,0)),INDEX($L$2:$L$103,MATCH(VALUE(MID(O104,2,3)),$A$2:$A$103,0)),O104)),O104),IFERROR(IF(VLOOKUP(RIGHT(O104,1)&LEFT(O104,1),Clasificacion!$O$2:$Q$49,3,FALSE)="",O104,VLOOKUP(RIGHT(O104,1)&LEFT(O104,1),Clasificacion!$O$2:$Q$49,3,FALSE)),O104))))) -> L102 | N104: L101 | O104: L102 | P104: FIFA/CBS
A105: 104 | B105: 46222 | C105: 15:00 | D105: Final | F105: =IF(N105="","",IF(LEFT(N105,1)="3",IFERROR(VLOOKUP($A105&"L",Asignacion_3ros!$A$2:$G$9,6,FALSE),""),IF(LEFT(N105,1)="W",IFERROR(INDEX($J$2:$J$104,MATCH(VALUE(MID(N105,2,3)),$A$2:$A$104,0)),""),IF(LEFT(N105,1)="L",IFERROR(IF(INDEX($J$2:$J$104,MATCH(VALUE(MID(N105,2,3)),$A$2:$A$104,0))=INDEX($F$2:$F$104,MATCH(VALUE(MID(N105,2,3)),$A$2:$A$104,0)),INDEX($G$2:$G$104,MATCH(VALUE(MID(N105,2,3)),$A$2:$A$104,0)),IF(INDEX($J$2:$J$104,MATCH(VALUE(MID(N105,2,3)),$A$2:$A$104,0))=INDEX($G$2:$G$104,MATCH(VALUE(MID(N105,2,3)),$A$2:$A$104,0)),INDEX($F$2:$F$104,MATCH(VALUE(MID(N105,2,3)),$A$2:$A$104,0)),"")),""),IFERROR(VLOOKUP(RIGHT(N105,1)&LEFT(N105,1),Clasificacion!$O$2:$Q$49,2,FALSE),""))))) | G105: =IF(O105="","",IF(LEFT(O105,1)="3",IFERROR(VLOOKUP($A105&"V",Asignacion_3ros!$A$2:$G$9,6,FALSE),""),IF(LEFT(O105,1)="W",IFERROR(INDEX($J$2:$J$104,MATCH(VALUE(MID(O105,2,3)),$A$2:$A$104,0)),""),IF(LEFT(O105,1)="L",IFERROR(IF(INDEX($J$2:$J$104,MATCH(VALUE(MID(O105,2,3)),$A$2:$A$104,0))=INDEX($F$2:$F$104,MATCH(VALUE(MID(O105,2,3)),$A$2:$A$104,0)),INDEX($G$2:$G$104,MATCH(VALUE(MID(O105,2,3)),$A$2:$A$104,0)),IF(INDEX($J$2:$J$104,MATCH(VALUE(MID(O105,2,3)),$A$2:$A$104,0))=INDEX($G$2:$G$104,MATCH(VALUE(MID(O105,2,3)),$A$2:$A$104,0)),INDEX($F$2:$F$104,MATCH(VALUE(MID(O105,2,3)),$A$2:$A$104,0)),"")),""),IFERROR(VLOOKUP(RIGHT(O105,1)&LEFT(O105,1),Clasificacion!$O$2:$Q$49,2,FALSE),""))))) | J105: =IF(OR(H105="",I105=""),"",IF(H105>I105,F105,IF(I105>H105,G105,"Empate"))) | K105: New York New Jersey | L105: =IF(N105="","",IF(LEFT(N105,1)="3",IFERROR(VLOOKUP($A105&"L",Asignacion_3ros!$A$2:$G$9,7,FALSE),""),IF(LEFT(N105,1)="W",IFERROR(IF(INDEX($J$2:$J$104,MATCH(VALUE(MID(N105,2,3)),$A$2:$A$104,0))=INDEX($F$2:$F$104,MATCH(VALUE(MID(N105,2,3)),$A$2:$A$104,0)),INDEX($L$2:$L$104,MATCH(VALUE(MID(N105,2,3)),$A$2:$A$104,0)),IF(INDEX($J$2:$J$104,MATCH(VALUE(MID(N105,2,3)),$A$2:$A$104,0))=INDEX($G$2:$G$104,MATCH(VALUE(MID(N105,2,3)),$A$2:$A$104,0)),INDEX($M$2:$M$104,MATCH(VALUE(MID(N105,2,3)),$A$2:$A$104,0)),"")),""),IF(LEFT(N105,1)="L",IFERROR(IF(INDEX($J$2:$J$104,MATCH(VALUE(MID(N105,2,3)),$A$2:$A$104,0))=INDEX($F$2:$F$104,MATCH(VALUE(MID(N105,2,3)),$A$2:$A$104,0)),INDEX($M$2:$M$104,MATCH(VALUE(MID(N105,2,3)),$A$2:$A$104,0)),IF(INDEX($J$2:$J$104,MATCH(VALUE(MID(N105,2,3)),$A$2:$A$104,0))=INDEX($G$2:$G$104,MATCH(VALUE(MID(N105,2,3)),$A$2:$A$104,0)),INDEX($L$2:$L$104,MATCH(VALUE(MID(N105,2,3)),$A$2:$A$104,0)),"")),""),IFERROR(VLOOKUP(RIGHT(N105,1)&LEFT(N105,1),Clasificacion!$O$2:$Q$49,3,FALSE),""))))) | M105: =IF(O105="","",IF(LEFT(O105,1)="3",IFERROR(VLOOKUP($A105&"V",Asignacion_3ros!$A$2:$G$9,7,FALSE),""),IF(LEFT(O105,1)="W",IFERROR(IF(INDEX($J$2:$J$104,MATCH(VALUE(MID(O105,2,3)),$A$2:$A$104,0))=INDEX($F$2:$F$104,MATCH(VALUE(MID(O105,2,3)),$A$2:$A$104,0)),INDEX($L$2:$L$104,MATCH(VALUE(MID(O105,2,3)),$A$2:$A$104,0)),IF(INDEX($J$2:$J$104,MATCH(VALUE(MID(O105,2,3)),$A$2:$A$104,0))=INDEX($G$2:$G$104,MATCH(VALUE(MID(O105,2,3)),$A$2:$A$104,0)),INDEX($M$2:$M$104,MATCH(VALUE(MID(O105,2,3)),$A$2:$A$104,0)),"")),""),IF(LEFT(O105,1)="L",IFERROR(IF(INDEX($J$2:$J$104,MATCH(VALUE(MID(O105,2,3)),$A$2:$A$104,0))=INDEX($F$2:$F$104,MATCH(VALUE(MID(O105,2,3)),$A$2:$A$104,0)),INDEX($M$2:$M$104,MATCH(VALUE(MID(O105,2,3)),$A$2:$A$104,0)),IF(INDEX($J$2:$J$104,MATCH(VALUE(MID(O105,2,3)),$A$2:$A$104,0))=INDEX($G$2:$G$104,MATCH(VALUE(MID(O105,2,3)),$A$2:$A$104,0)),INDEX($L$2:$L$104,MATCH(VALUE(MID(O105,2,3)),$A$2:$A$104,0)),"")),""),IFERROR(VLOOKUP(RIGHT(O105,1)&LEFT(O105,1),Clasificacion!$O$2:$Q$49,3,FALSE),""))))) | N105: W101 | O105: W102 | P105: FIFA/CBS

Sheet VGrupo
B1: =Participantes!C$1 -> México | C1: =Participantes!D$1 -> Sudáfrica | E1: Puntaje1 | F1: =Participantes!E$1 -> Corea | G1: =Participantes!F$1 -> Chequia | H1: Puntaje2 | I1: Total
A2: Columna1 | B2: =B1 -> México | C2: =C1 -> Sudáfrica | D2: Columna3 | E2: Puntaje | F2: =F1 -> Corea | G2: =G1 -> Chequia | H2: Puntaje3
A3: Participante | B3: =Grupo!B3 | C3: =Grupo!C3 | D3: =Grupo!D3 -> 0 | F3: =Grupo!G3 | G3: =Grupo!H3
A4: =Participantes!B2 -> Alberto | B4: =Grupo!B4 -> 1 | C4: =Grupo!C4 -> 1 | D4: =Grupo!D4 -> 0 | E4: =Grupo!E4 | F4: =Grupo!G4 -> 2 | G4: =Grupo!H4 -> 0 | H4: =Grupo!I4 | I4: =Grupo!BS4 -> 0
A5: =Participantes!B3 -> Alexander | B5: =Grupo!B5 -> 2 | C5: =Grupo!C5 -> 0 | D5: =Grupo!D5 -> 0 | E5: =Grupo!E5 | F5: =Grupo!G5 -> 1 | G5: =Grupo!H5 -> 1 | H5: =Grupo!I5 | I5: =Grupo!BS5 -> 0
A6: =Participantes!B4 -> Alfredo 1 | B6: =Grupo!B6 -> 2 | C6: =Grupo!C6 -> 1 | D6: =Grupo!D6 -> 0 | E6: =Grupo!E6 | F6: =Grupo!G6 -> 1 | G6: =Grupo!H6 -> 1 | H6: =Grupo!I6 | I6: =Grupo!BS6 -> 0
A7: =Participantes!B5 -> Alfredo 2 | B7: =Grupo!B7 -> 2 | C7: =Grupo!C7 -> 0 | D7: =Grupo!D7 -> 0 | E7: =Grupo!E7 | F7: =Grupo!G7 -> 0 | G7: =Grupo!H7 -> 1 | H7: =Grupo!I7 | I7: =Grupo!BS7 -> 0
A8: =Participantes!B6 -> Aneth | B8: =Grupo!B8 -> 2 | C8: =Grupo!C8 -> 0 | D8: =Grupo!D8 -> 0 | E8: =Grupo!E8 | F8: =Grupo!G8 -> 1 | G8: =Grupo!H8 -> 1 | H8: =Grupo!I8 | I8: =Grupo!BS8 -> 0
A9: =Participantes!B7 -> Antonio | B9: =Grupo!B9 -> 2 | C9: =Grupo!C9 -> 0 | D9: =Grupo!D9 -> 0 | E9: =Grupo!E9 | F9: =Grupo!G9 -> 1 | G9: =Grupo!H9 -> 1 | H9: =Grupo!I9 | I9: =Grupo!BS9 -> 0
A10: =Participantes!B8 -> Carlos | B10: =Grupo!B10 -> 2 | C10: =Grupo!C10 -> 1 | D10: =Grupo!D10 -> 0 | E10: =Grupo!E10 | F10: =Grupo!G10 -> 1 | G10: =Grupo!H10 -> 1 | H10: =Grupo!I10 | I10: =Grupo!BS10 -> 0
A11: =Participantes!B9 -> Castillo L. | B11: =Grupo!B11 -> 2 | C11: =Grupo!C11 -> 1 | D11: =Grupo!D11 -> 0 | E11: =Grupo!E11 | F11: =Grupo!G11 -> 2 | G11: =Grupo!H11 -> 1 | H11: =Grupo!I11 | I11: =Grupo!BS11 -> 0
A12: =Participantes!B10 -> Christofer | B12: =Grupo!B12 -> 2 | C12: =Grupo!C12 -> 3 | D12: =Grupo!D12 -> 0 | E12: =Grupo!E12 | F12: =Grupo!G12 -> 1 | G12: =Grupo!H12 -> 1 | H12: =Grupo!I12 | I12: =Grupo!BS12 -> 0
A13: =Participantes!B11 -> Cynthia | B13: =Grupo!B13 -> 1 | C13: =Grupo!C13 -> 2 | D13: =Grupo!D13 -> 0 | E13: =Grupo!E13 | F13: =Grupo!G13 -> 1 | G13: =Grupo!H13 -> 0 | H13: =Grupo!I13 | I13: =Grupo!BS13 -> 0
A14: =Participantes!B12 -> Edward | B14: =Grupo!B14 -> 2 | C14: =Grupo!C14 -> 0 | D14: =Grupo!D14 -> 0 | E14: =Grupo!E14 | F14: =Grupo!G14 -> 2 | G14: =Grupo!H14 -> 1 | H14: =Grupo!I14 | I14: =Grupo!BS14 -> 0
A15: =Participantes!B13 -> Espinosa L. | B15: =Grupo!B15 -> 2 | C15: =Grupo!C15 -> 1 | D15: =Grupo!D15 -> 0 | E15: =Grupo!E15 | F15: =Grupo!G15 -> 1 | G15: =Grupo!H15 -> 0 | H15: =Grupo!I15 | I15: =Grupo!BS15 -> 0
... A51: =Participantes!B49 -> Waldo | B51: =Grupo!B51 -> 2 | C51: =Grupo!C51 -> 0 | D51: =Grupo!D51 -> 0 | E51: =Grupo!E51 | F51: =Grupo!G51 -> 1 | G51: =Grupo!H51 -> 1 | H51: =Grupo!I51 | I51: =Grupo!BS51 -> 0

Sheet Clasificacion
A1: Grupo | B1: Código | C1: Equipo | D1: PJ | E1: PG | F1: PE | G1: PP | H1: GF | I1: GC | J1: DG | K1: PTS | L1: Desempate manual | M1: Posición calculada | N1: Clasifica | O1: LlavePos | P1: Equipo_lookup | Q1: Código_lookup
A2: A | B2: MEX | C2: México | D2: =COUNTIFS(Partidos!$L$2:$L$73,B2,Partidos!$H$2:$H$73,"<>")+COUNTIFS(Partidos!$M$2:$M$73,B2,Partidos!$I$2:$I$73,"<>") -> 0 | E2: =SUMPRODUCT((Partidos!$L$2:$L$73=B2)*(Partidos!$H$2:$H$73<>"")*(Partidos!$H$2:$H$73>Partidos!$I$2:$I$73))+SUMPRODUCT((Partidos!$M$2:$M$73=B2)*(Partidos!$I$2:$I$73<>"")*(Partidos!$I$2:$I$73>Partidos!$H$2:$H$73)) -> 0 | F2: =SUMPRODUCT((Partidos!$L$2:$L$73=B2)*(Partidos!$H$2:$H$73<>"")*(Partidos!$H$2:$H$73=Partidos!$I$2:$I$73))+SUMPRODUCT((Partidos!$M$2:$M$73=B2)*(Partidos!$I$2:$I$73<>"")*(Partidos!$I$2:$I$73=Partidos!$H$2:$H$73)) -> 0 | G2: =D2-E2-F2 -> 0 | H2: =SUMIFS(Partidos!$H$2:$H$73,Partidos!$L$2:$L$73,B2)+SUMIFS(Partidos!$I$2:$I$73,Partidos!$M$2:$M$73,B2) -> 0 | I2: =SUMIFS(Partidos!$I$2:$I$73,Partidos!$L$2:$L$73,B2)+SUMIFS(Partidos!$H$2:$H$73,Partidos!$M$2:$M$73,B2) -> 0 | J2: =H2-I2 -> 0 | K2: =E2*3+F2 -> 0 | L2: 0 | M2: =IF(COUNTIFS($A$2:$A$49,A2,$D$2:$D$49,">=1")<4,"",1+COUNTIFS($A$2:$A$49,A2,$K$2:$K$49,">"&K2)+COUNTIFS($A$2:$A$49,A2,$K$2:$K$49,K2,$L$2:$L$49,">"&L2)+COUNTIFS($A$2:$A$49,A2,$K$2:$K$49,K2,$L$2:$L$49,L2,$J$2:$J$49,">"&J2)+COUNTIFS($A$2:$A$49,A2,$K$2:$K$49,K2,$L$2:$L$49,L2,$J$2:$J$49,J2,$H$2:$H$49,">"&H2)+SUMPRODUCT(($A$2:$A$49=A2)*($K$2:$K$49=K2)*($L$2:$L$49=L2)*($J$2:$J$49=J2)*($H$2:$H$49=H2)*(ROW($A$2:$A$49)<ROW(A2)))) | N2: =IF(M2="","",IF(M2<=2,"Directo",IF(M2=3,"Posible mejor 3°",""))) | O2: =IF(M2="","",A2&M2) | P2: =C2 -> México | Q2: =B2 -> MEX
A3: A | B3: RSA | C3: Sudáfrica | D3: =COUNTIFS(Partidos!$L$2:$L$73,B3,Partidos!$H$2:$H$73,"<>")+COUNTIFS(Partidos!$M$2:$M$73,B3,Partidos!$I$2:$I$73,"<>") -> 0 | E3: =SUMPRODUCT((Partidos!$L$2:$L$73=B3)*(Partidos!$H$2:$H$73<>"")*(Partidos!$H$2:$H$73>Partidos!$I$2:$I$73))+SUMPRODUCT((Partidos!$M$2:$M$73=B3)*(Partidos!$I$2:$I$73<>"")*(Partidos!$I$2:$I$73>Partidos!$H$2:$H$73)) -> 0 | F3: =SUMPRODUCT((Partidos!$L$2:$L$73=B3)*(Partidos!$H$2:$H$73<>"")*(Partidos!$H$2:$H$73=Partidos!$I$2:$I$73))+SUMPRODUCT((Partidos!$M$2:$M$73=B3)*(Partidos!$I$2:$I$73<>"")*(Partidos!$I$2:$I$73=Partidos!$H$2:$H$73)) -> 0 | G3: =D3-E3-F3 -> 0 | H3: =SUMIFS(Partidos!$H$2:$H$73,Partidos!$L$2:$L$73,B3)+SUMIFS(Partidos!$I$2:$I$73,Partidos!$M$2:$M$73,B3) -> 0 | I3: =SUMIFS(Partidos!$I$2:$I$73,Partidos!$L$2:$L$73,B3)+SUMIFS(Partidos!$H$2:$H$73,Partidos!$M$2:$M$73,B3) -> 0 | J3: =H3-I3 -> 0 | K3: =E3*3+F3 -> 0 | L3: 0 | M3: =IF(COUNTIFS($A$2:$A$49,A3,$D$2:$D$49,">=1")<4,"",1+COUNTIFS($A$2:$A$49,A3,$K$2:$K$49,">"&K3)+COUNTIFS($A$2:$A$49,A3,$K$2:$K$49,K3,$L$2:$L$49,">"&L3)+COUNTIFS($A$2:$A$49,A3,$K$2:$K$49,K3,$L$2:$L$49,L3,$J$2:$J$49,">"&J3)+COUNTIFS($A$2:$A$49,A3,$K$2:$K$49,K3,$L$2:$L$49,L3,$J$2:$J$49,J3,$H$2:$H$49,">"&H3)+SUMPRODUCT(($A$2:$A$49=A3)*($K$2:$K$49=K3)*($L$2:$L$49=L3)*($J$2:$J$49=J3)*($H$2:$H$49=H3)*(ROW($A$2:$A$49)<ROW(A3)))) | N3: =IF(M3="","",IF(M3<=2,"Directo",IF(M3=3,"Posible mejor 3°",""))) | O3: =IF(M3="","",A3&M3) | P3: =C3 -> Sudáfrica | Q3: =B3 -> RSA
A4: A | B4: KOR | C4: Corea República | D4: =COUNTIFS(Partidos!$L$2:$L$73,B4,Partidos!$H$2:$H$73,"<>")+COUNTIFS(Partidos!$M$2:$M$73,B4,Partidos!$I$2:$I$73,"<>") -> 0 | E4: =SUMPRODUCT((Partidos!$L$2:$L$73=B4)*(Partidos!$H$2:$H$73<>"")*(Partidos!$H$2:$H$73>Partidos!$I$2:$I$73))+SUMPRODUCT((Partidos!$M$2:$M$73=B4)*(Partidos!$I$2:$I$73<>"")*(Partidos!$I$2:$I$73>Partidos!$H$2:$H$73)) -> 0 | F4: =SUMPRODUCT((Partidos!$L$2:$L$73=B4)*(Partidos!$H$2:$H$73<>"")*(Partidos!$H$2:$H$73=Partidos!$I$2:$I$73))+SUMPRODUCT((Partidos!$M$2:$M$73=B4)*(Partidos!$I$2:$I$73<>"")*(Partidos!$I$2:$I$73=Partidos!$H$2:$H$73)) -> 0 | G4: =D4-E4-F4 -> 0 | H4: =SUMIFS(Partidos!$H$2:$H$73,Partidos!$L$2:$L$73,B4)+SUMIFS(Partidos!$I$2:$I$73,Partidos!$M$2:$M$73,B4) -> 0 | I4: =SUMIFS(Partidos!$I$2:$I$73,Partidos!$L$2:$L$73,B4)+SUMIFS(Partidos!$H$2:$H$73,Partidos!$M$2:$M$73,B4) -> 0 | J4: =H4-I4 -> 0 | K4: =E4*3+F4 -> 0 | L4: 0 | M4: =IF(COUNTIFS($A$2:$A$49,A4,$D$2:$D$49,">=1")<4,"",1+COUNTIFS($A$2:$A$49,A4,$K$2:$K$49,">"&K4)+COUNTIFS($A$2:$A$49,A4,$K$2:$K$49,K4,$L$2:$L$49,">"&L4)+COUNTIFS($A$2:$A$49,A4,$K$2:$K$49,K4,$L$2:$L$49,L4,$J$2:$J$49,">"&J4)+COUNTIFS($A$2:$A$49,A4,$K$2:$K$49,K4,$L$2:$L$49,L4,$J$2:$J$49,J4,$H$2:$H$49,">"&H4)+SUMPRODUCT(($A$2:$A$49=A4)*($K$2:$K$49=K4)*($L$2:$L$49=L4)*($J$2:$J$49=J4)*($H$2:$H$49=H4)*(ROW($A$2:$A$49)<ROW(A4)))) | N4: =IF(M4="","",IF(M4<=2,"Directo",IF(M4=3,"Posible mejor 3°",""))) | O4: =IF(M4="","",A4&M4) | P4: =C4 -> Corea República | Q4: =B4 -> KOR
A5: A | B5: CZE | C5: Chequia | D5: =COUNTIFS(Partidos!$L$2:$L$73,B5,Partidos!$H$2:$H$73,"<>")+COUNTIFS(Partidos!$M$2:$M$73,B5,Partidos!$I$2:$I$73,"<>") -> 0 | E5: =SUMPRODUCT((Partidos!$L$2:$L$73=B5)*(Partidos!$H$2:$H$73<>"")*(Partidos!$H$2:$H$73>Partidos!$I$2:$I$73))+SUMPRODUCT((Partidos!$M$2:$M$73=B5)*(Partidos!$I$2:$I$73<>"")*(Partidos!$I$2:$I$73>Partidos!$H$2:$H$73)) -> 0 | F5: =SUMPRODUCT((Partidos!$L$2:$L$73=B5)*(Partidos!$H$2:$H$73<>"")*(Partidos!$H$2:$H$73=Partidos!$I$2:$I$73))+SUMPRODUCT((Partidos!$M$2:$M$73=B5)*(Partidos!$I$2:$I$73<>"")*(Partidos!$I$2:$I$73=Partidos!$H$2:$H$73)) -> 0 | G5: =D5-E5-F5 -> 0 | H5: =SUMIFS(Partidos!$H$2:$H$73,Partidos!$L$2:$L$73,B5)+SUMIFS(Partidos!$I$2:$I$73,Partidos!$M$2:$M$73,B5) -> 0 | I5: =SUMIFS(Partidos!$I$2:$I$73,Partidos!$L$2:$L$73,B5)+SUMIFS(Partidos!$H$2:$H$73,Partidos!$M$2:$M$73,B5) -> 0 | J5: =H5-I5 -> 0 | K5: =E5*3+F5 -> 0 | L5: 0 | M5: =IF(COUNTIFS($A$2:$A$49,A5,$D$2:$D$49,">=1")<4,"",1+COUNTIFS($A$2:$A$49,A5,$K$2:$K$49,">"&K5)+COUNTIFS($A$2:$A$49,A5,$K$2:$K$49,K5,$L$2:$L$49,">"&L5)+COUNTIFS($A$2:$A$49,A5,$K$2:$K$49,K5,$L$2:$L$49,L5,$J$2:$J$49,">"&J5)+COUNTIFS($A$2:$A$49,A5,$K$2:$K$49,K5,$L$2:$L$49,L5,$J$2:$J$49,J5,$H$2:$H$49,">"&H5)+SUMPRODUCT(($A$2:$A$49=A5)*($K$2:$K$49=K5)*($L$2:$L$49=L5)*($J$2:$J$49=J5)*($H$2:$H$49=H5)*(ROW($A$2:$A$49)<ROW(A5)))) | N5: =IF(M5="","",IF(M5<=2,"Directo",IF(M5=3,"Posible mejor 3°",""))) | O5: =IF(M5="","",A5&M5) | P5: =C5 -> Chequia | Q5: =B5 -> CZE
A6: B | B6: CAN | C6: Canadá | D6: =COUNTIFS(Partidos!$L$2:$L$73,B6,Partidos!$H$2:$H$73,"<>")+COUNTIFS(Partidos!$M$2:$M$73,B6,Partidos!$I$2:$I$73,"<>") -> 0 | E6: =SUMPRODUCT((Partidos!$L$2:$L$73=B6)*(Partidos!$H$2:$H$73<>"")*(Partidos!$H$2:$H$73>Partidos!$I$2:$I$73))+SUMPRODUCT((Partidos!$M$2:$M$73=B6)*(Partidos!$I$2:$I$73<>"")*(Partidos!$I$2:$I$73>Partidos!$H$2:$H$73)) -> 0 | F6: =SUMPRODUCT((Partidos!$L$2:$L$73=B6)*(Partidos!$H$2:$H$73<>"")*(Partidos!$H$2:$H$73=Partidos!$I$2:$I$73))+SUMPRODUCT((Partidos!$M$2:$M$73=B6)*(Partidos!$I$2:$I$73<>"")*(Partidos!$I$2:$I$73=Partidos!$H$2:$H$73)) -> 0 | G6: =D6-E6-F6 -> 0 | H6: =SUMIFS(Partidos!$H$2:$H$73,Partidos!$L$2:$L$73,B6)+SUMIFS(Partidos!$I$2:$I$73,Partidos!$M$2:$M$73,B6) -> 0 | I6: =SUMIFS(Partidos!$I$2:$I$73,Partidos!$L$2:$L$73,B6)+SUMIFS(Partidos!$H$2:$H$73,Partidos!$M$2:$M$73,B6) -> 0 | J6: =H6-I6 -> 0 | K6: =E6*3+F6 -> 0 | L6: 0 | M6: =IF(COUNTIFS($A$2:$A$49,A6,$D$2:$D$49,">=1")<4,"",1+COUNTIFS($A$2:$A$49,A6,$K$2:$K$49,">"&K6)+COUNTIFS($A$2:$A$49,A6,$K$2:$K$49,K6,$L$2:$L$49,">"&L6)+COUNTIFS($A$2:$A$49,A6,$K$2:$K$49,K6,$L$2:$L$49,L6,$J$2:$J$49,">"&J6)+COUNTIFS($A$2:$A$49,A6,$K$2:$K$49,K6,$L$2:$L$49,L6,$J$2:$J$49,J6,$H$2:$H$49,">"&H6)+SUMPRODUCT(($A$2:$A$49=A6)*($K$2:$K$49=K6)*($L$2:$L$49=L6)*($J$2:$J$49=J6)*($H$2:$H$49=H6)*(ROW($A$2:$A$49)<ROW(A6)))) | N6: =IF(M6="","",IF(M6<=2,"Directo",IF(M6=3,"Posible mejor 3°",""))) | O6: =IF(M6="","",A6&M6) | P6: =C6 -> Canadá | Q6: =B6 -> CAN
A7: B | B7: BIH | C7: Bosnia y Herzegovina | D7: =COUNTIFS(Partidos!$L$2:$L$73,B7,Partidos!$H$2:$H$73,"<>")+COUNTIFS(Partidos!$M$2:$M$73,B7,Partidos!$I$2:$I$73,"<>") -> 0 | E7: =SUMPRODUCT((Partidos!$L$2:$L$73=B7)*(Partidos!$H$2:$H$73<>"")*(Partidos!$H$2:$H$73>Partidos!$I$2:$I$73))+SUMPRODUCT((Partidos!$M$2:$M$73=B7)*(Partidos!$I$2:$I$73<>"")*(Partidos!$I$2:$I$73>Partidos!$H$2:$H$73)) -> 0 | F7: =SUMPRODUCT((Partidos!$L$2:$L$73=B7)*(Partidos!$H$2:$H$73<>"")*(Partidos!$H$2:$H$73=Partidos!$I$2:$I$73))+SUMPRODUCT((Partidos!$M$2:$M$73=B7)*(Partidos!$I$2:$I$73<>"")*(Partidos!$I$2:$I$73=Partidos!$H$2:$H$73)) -> 0 | G7: =D7-E7-F7 -> 0 | H7: =SUMIFS(Partidos!$H$2:$H$73,Partidos!$L$2:$L$73,B7)+SUMIFS(Partidos!$I$2:$I$73,Partidos!$M$2:$M$73,B7) -> 0 | I7: =SUMIFS(Partidos!$I$2:$I$73,Partidos!$L$2:$L$73,B7)+SUMIFS(Partidos!$H$2:$H$73,Partidos!$M$2:$M$73,B7) -> 0 | J7: =H7-I7 -> 0 | K7: =E7*3+F7 -> 0 | L7: 0 | M7: =IF(COUNTIFS($A$2:$A$49,A7,$D$2:$D$49,">=1")<4,"",1+COUNTIFS($A$2:$A$49,A7,$K$2:$K$49,">"&K7)+COUNTIFS($A$2:$A$49,A7,$K$2:$K$49,K7,$L$2:$L$49,">"&L7)+COUNTIFS($A$2:$A$49,A7,$K$2:$K$49,K7,$L$2:$L$49,L7,$J$2:$J$49,">"&J7)+COUNTIFS($A$2:$A$49,A7,$K$2:$K$49,K7,$L$2:$L$49,L7,$J$2:$J$49,J7,$H$2:$H$49,">"&H7)+SUMPRODUCT(($A$2:$A$49=A7)*($K$2:$K$49=K7)*($L$2:$L$49=L7)*($J$2:$J$49=J7)*($H$2:$H$49=H7)*(ROW($A$2:$A$49)<ROW(A7)))) | N7: =IF(M7="","",IF(M7<=2,"Directo",IF(M7=3,"Posible mejor 3°",""))) | O7: =IF(M7="","",A7&M7) | P7: =C7 -> Bosnia y Herzegovina | Q7: =B7 -> BIH
A8: B | B8: QAT | C8: Qatar | D8: =COUNTIFS(Partidos!$L$2:$L$73,B8,Partidos!$H$2:$H$73,"<>")+COUNTIFS(Partidos!$M$2:$M$73,B8,Partidos!$I$2:$I$73,"<>") -> 0 | E8: =SUMPRODUCT((Partidos!$L$2:$L$73=B8)*(Partidos!$H$2:$H$73<>"")*(Partidos!$H$2:$H$73>Partidos!$I$2:$I$73))+SUMPRODUCT((Partidos!$M$2:$M$73=B8)*(Partidos!$I$2:$I$73<>"")*(Partidos!$I$2:$I$73>Partidos!$H$2:$H$73)) -> 0 | F8: =SUMPRODUCT((Partidos!$L$2:$L$73=B8)*(Partidos!$H$2:$H$73<>"")*(Partidos!$H$2:$H$73=Partidos!$I$2:$I$73))+SUMPRODUCT((Partidos!$M$2:$M$73=B8)*(Partidos!$I$2:$I$73<>"")*(Partidos!$I$2:$I$73=Partidos!$H$2:$H$73)) -> 0 | G8: =D8-E8-F8 -> 0 | H8: =SUMIFS(Partidos!$H$2:$H$73,Partidos!$L$2:$L$73,B8)+SUMIFS(Partidos!$I$2:$I$73,Partidos!$M$2:$M$73,B8) -> 0 | I8: =SUMIFS(Partidos!$I$2:$I$73,Partidos!$L$2:$L$73,B8)+SUMIFS(Partidos!$H$2:$H$73,Partidos!$M$2:$M$73,B8) -> 0 | J8: =H8-I8 -> 0 | K8: =E8*3+F8 -> 0 | L8: 0 | M8: =IF(COUNTIFS($A$2:$A$49,A8,$D$2:$D$49,">=1")<4,"",1+COUNTIFS($A$2:$A$49,A8,$K$2:$K$49,">"&K8)+COUNTIFS($A$2:$A$49,A8,$K$2:$K$49,K8,$L$2:$L$49,">"&L8)+COUNTIFS($A$2:$A$49,A8,$K$2:$K$49,K8,$L$2:$L$49,L8,$J$2:$J$49,">"&J8)+COUNTIFS($A$2:$A$49,A8,$K$2:$K$49,K8,$L$2:$L$49,L8,$J$2:$J$49,J8,$H$2:$H$49,">"&H8)+SUMPRODUCT(($A$2:$A$49=A8)*($K$2:$K$49=K8)*($L$2:$L$49=L8)*($J$2:$J$49=J8)*($H$2:$H$49=H8)*(ROW($A$2:$A$49)<ROW(A8)))) | N8: =IF(M8="","",IF(M8<=2,"Directo",IF(M8=3,"Posible mejor 3°",""))) | O8: =IF(M8="","",A8&M8) | P8: =C8 -> Qatar | Q8: =B8 -> QAT
A9: B | B9: SUI | C9: Suiza | D9: =COUNTIFS(Partidos!$L$2:$L$73,B9,Partidos!$H$2:$H$73,"<>")+COUNTIFS(Partidos!$M$2:$M$73,B9,Partidos!$I$2:$I$73,"<>") -> 0 | E9: =SUMPRODUCT((Partidos!$L$2:$L$73=B9)*(Partidos!$H$2:$H$73<>"")*(Partidos!$H$2:$H$73>Partidos!$I$2:$I$73))+SUMPRODUCT((Partidos!$M$2:$M$73=B9)*(Partidos!$I$2:$I$73<>"")*(Partidos!$I$2:$I$73>Partidos!$H$2:$H$73)) -> 0 | F9: =SUMPRODUCT((Partidos!$L$2:$L$73=B9)*(Partidos!$H$2:$H$73<>"")*(Partidos!$H$2:$H$73=Partidos!$I$2:$I$73))+SUMPRODUCT((Partidos!$M$2:$M$73=B9)*(Partidos!$I$2:$I$73<>"")*(Partidos!$I$2:$I$73=Partidos!$H$2:$H$73)) -> 0 | G9: =D9-E9-F9 -> 0 | H9: =SUMIFS(Partidos!$H$2:$H$73,Partidos!$L$2:$L$73,B9)+SUMIFS(Partidos!$I$2:$I$73,Partidos!$M$2:$M$73,B9) -> 0 | I9: =SUMIFS(Partidos!$I$2:$I$73,Partidos!$L$2:$L$73,B9)+SUMIFS(Partidos!$H$2:$H$73,Partidos!$M$2:$M$73,B9) -> 0 | J9: =H9-I9 -> 0 | K9: =E9*3+F9 -> 0 | L9: 0 | M9: =IF(COUNTIFS($A$2:$A$49,A9,$D$2:$D$49,">=1")<4,"",1+COUNTIFS($A$2:$A$49,A9,$K$2:$K$49,">"&K9)+COUNTIFS($A$2:$A$49,A9,$K$2:$K$49,K9,$L$2:$L$49,">"&L9)+COUNTIFS($A$2:$A$49,A9,$K$2:$K$49,K9,$L$2:$L$49,L9,$J$2:$J$49,">"&J9)+COUNTIFS($A$2:$A$49,A9,$K$2:$K$49,K9,$L$2:$L$49,L9,$J$2:$J$49,J9,$H$2:$H$49,">"&H9)+SUMPRODUCT(($A$2:$A$49=A9)*($K$2:$K$49=K9)*($L$2:$L$49=L9)*($J$2:$J$49=J9)*($H$2:$H$49=H9)*(ROW($A$2:$A$49)<ROW(A9)))) | N9: =IF(M9="","",IF(M9<=2,"Directo",IF(M9=3,"Posible mejor 3°",""))) | O9: =IF(M9="","",A9&M9) | P9: =C9 -> Suiza | Q9: =B9 -> SUI
A10: C | B10: BRA | C10: Brasil | D10: =COUNTIFS(Partidos!$L$2:$L$73,B10,Partidos!$H$2:$H$73,"<>")+COUNTIFS(Partidos!$M$2:$M$73,B10,Partidos!$I$2:$I$73,"<>") -> 0 | E10: =SUMPRODUCT((Partidos!$L$2:$L$73=B10)*(Partidos!$H$2:$H$73<>"")*(Partidos!$H$2:$H$73>Partidos!$I$2:$I$73))+SUMPRODUCT((Partidos!$M$2:$M$73=B10)*(Partidos!$I$2:$I$73<>"")*(Partidos!$I$2:$I$73>Partidos!$H$2:$H$73)) -> 0 | F10: =SUMPRODUCT((Partidos!$L$2:$L$73=B10)*(Partidos!$H$2:$H$73<>"")*(Partidos!$H$2:$H$73=Partidos!$I$2:$I$73))+SUMPRODUCT((Partidos!$M$2:$M$73=B10)*(Partidos!$I$2:$I$73<>"")*(Partidos!$I$2:$I$73=Partidos!$H$2:$H$73)) -> 0 | G10: =D10-E10-F10 -> 0 | H10: =SUMIFS(Partidos!$H$2:$H$73,Partidos!$L$2:$L$73,B10)+SUMIFS(Partidos!$I$2:$I$73,Partidos!$M$2:$M$73,B10) -> 0 | I10: =SUMIFS(Partidos!$I$2:$I$73,Partidos!$L$2:$L$73,B10)+SUMIFS(Partidos!$H$2:$H$73,Partidos!$M$2:$M$73,B10) -> 0 | J10: =H10-I10 -> 0 | K10: =E10*3+F10 -> 0 | L10: 0 | M10: =IF(COUNTIFS($A$2:$A$49,A10,$D$2:$D$49,">=1")<4,"",1+COUNTIFS($A$2:$A$49,A10,$K$2:$K$49,">"&K10)+COUNTIFS($A$2:$A$49,A10,$K$2:$K$49,K10,$L$2:$L$49,">"&L10)+COUNTIFS($A$2:$A$49,A10,$K$2:$K$49,K10,$L$2:$L$49,L10,$J$2:$J$49,">"&J10)+COUNTIFS($A$2:$A$49,A10,$K$2:$K$49,K10,$L$2:$L$49,L10,$J$2:$J$49,J10,$H$2:$H$49,">"&H10)+SUMPRODUCT(($A$2:$A$49=A10)*($K$2:$K$49=K10)*($L$2:$L$49=L10)*($J$2:$J$49=J10)*($H$2:$H$49=H10)*(ROW($A$2:$A$49)<ROW(A10)))) | N10: =IF(M10="","",IF(M10<=2,"Directo",IF(M10=3,"Posible mejor 3°",""))) | O10: =IF(M10="","",A10&M10) | P10: =C10 -> Brasil | Q10: =B10 -> BRA
A11: C | B11: MAR | C11: Marruecos | D11: =COUNTIFS(Partidos!$L$2:$L$73,B11,Partidos!$H$2:$H$73,"<>")+COUNTIFS(Partidos!$M$2:$M$73,B11,Partidos!$I$2:$I$73,"<>") -> 0 | E11: =SUMPRODUCT((Partidos!$L$2:$L$73=B11)*(Partidos!$H$2:$H$73<>"")*(Partidos!$H$2:$H$73>Partidos!$I$2:$I$73))+SUMPRODUCT((Partidos!$M$2:$M$73=B11)*(Partidos!$I$2:$I$73<>"")*(Partidos!$I$2:$I$73>Partidos!$H$2:$H$73)) -> 0 | F11: =SUMPRODUCT((Partidos!$L$2:$L$73=B11)*(Partidos!$H$2:$H$73<>"")*(Partidos!$H$2:$H$73=Partidos!$I$2:$I$73))+SUMPRODUCT((Partidos!$M$2:$M$73=B11)*(Partidos!$I$2:$I$73<>"")*(Partidos!$I$2:$I$73=Partidos!$H$2:$H$73)) -> 0 | G11: =D11-E11-F11 -> 0 | H11: =SUMIFS(Partidos!$H$2:$H$73,Partidos!$L$2:$L$73,B11)+SUMIFS(Partidos!$I$2:$I$73,Partidos!$M$2:$M$73,B11) -> 0 | I11: =SUMIFS(Partidos!$I$2:$I$73,Partidos!$L$2:$L$73,B11)+SUMIFS(Partidos!$H$2:$H$73,Partidos!$M$2:$M$73,B11) -> 0 | J11: =H11-I11 -> 0 | K11: =E11*3+F11 -> 0 | L11: 0 | M11: =IF(COUNTIFS($A$2:$A$49,A11,$D$2:$D$49,">=1")<4,"",1+COUNTIFS($A$2:$A$49,A11,$K$2:$K$49,">"&K11)+COUNTIFS($A$2:$A$49,A11,$K$2:$K$49,K11,$L$2:$L$49,">"&L11)+COUNTIFS($A$2:$A$49,A11,$K$2:$K$49,K11,$L$2:$L$49,L11,$J$2:$J$49,">"&J11)+COUNTIFS($A$2:$A$49,A11,$K$2:$K$49,K11,$L$2:$L$49,L11,$J$2:$J$49,J11,$H$2:$H$49,">"&H11)+SUMPRODUCT(($A$2:$A$49=A11)*($K$2:$K$49=K11)*($L$2:$L$49=L11)*($J$2:$J$49=J11)*($H$2:$H$49=H11)*(ROW($A$2:$A$49)<ROW(A11)))) | N11: =IF(M11="","",IF(M11<=2,"Directo",IF(M11=3,"Posible mejor 3°",""))) | O11: =IF(M11="","",A11&M11) | P11: =C11 -> Marruecos | Q11: =B11 -> MAR
A12: C | B12: HAI | C12: Haití | D12: =COUNTIFS(Partidos!$L$2:$L$73,B12,Partidos!$H$2:$H$73,"<>")+COUNTIFS(Partidos!$M$2:$M$73,B12,Partidos!$I$2:$I$73,"<>") -> 0 | E12: =SUMPRODUCT((Partidos!$L$2:$L$73=B12)*(Partidos!$H$2:$H$73<>"")*(Partidos!$H$2:$H$73>Partidos!$I$2:$I$73))+SUMPRODUCT((Partidos!$M$2:$M$73=B12)*(Partidos!$I$2:$I$73<>"")*(Partidos!$I$2:$I$73>Partidos!$H$2:$H$73)) -> 0 | F12: =SUMPRODUCT((Partidos!$L$2:$L$73=B12)*(Partidos!$H$2:$H$73<>"")*(Partidos!$H$2:$H$73=Partidos!$I$2:$I$73))+SUMPRODUCT((Partidos!$M$2:$M$73=B12)*(Partidos!$I$2:$I$73<>"")*(Partidos!$I$2:$I$73=Partidos!$H$2:$H$73)) -> 0 | G12: =D12-E12-F12 -> 0 | H12: =SUMIFS(Partidos!$H$2:$H$73,Partidos!$L$2:$L$73,B12)+SUMIFS(Partidos!$I$2:$I$73,Partidos!$M$2:$M$73,B12) -> 0 | I12: =SUMIFS(Partidos!$I$2:$I$73,Partidos!$L$2:$L$73,B12)+SUMIFS(Partidos!$H$2:$H$73,Partidos!$M$2:$M$73,B12) -> 0 | J12: =H12-I12 -> 0 | K12: =E12*3+F12 -> 0 | L12: 0 | M12: =IF(COUNTIFS($A$2:$A$49,A12,$D$2:$D$49,">=1")<4,"",1+COUNTIFS($A$2:$A$49,A12,$K$2:$K$49,">"&K12)+COUNTIFS($A$2:$A$49,A12,$K$2:$K$49,K12,$L$2:$L$49,">"&L12)+COUNTIFS($A$2:$A$49,A12,$K$2:$K$49,K12,$L$2:$L$49,L12,$J$2:$J$49,">"&J12)+COUNTIFS($A$2:$A$49,A12,$K$2:$K$49,K12,$L$2:$L$49,L12,$J$2:$J$49,J12,$H$2:$H$49,">"&H12)+SUMPRODUCT(($A$2:$A$49=A12)*($K$2:$K$49=K12)*($L$2:$L$49=L12)*($J$2:$J$49=J12)*($H$2:$H$49=H12)*(ROW($A$2:$A$49)<ROW(A12)))) | N12: =IF(M12="","",IF(M12<=2,"Directo",IF(M12=3,"Posible mejor 3°",""))) | O12: =IF(M12="","",A12&M12) | P12: =C12 -> Haití | Q12: =B12 -> HAI
A13: C | B13: SCO | C13: Escocia | D13: =COUNTIFS(Partidos!$L$2:$L$73,B13,Partidos!$H$2:$H$73,"<>")+COUNTIFS(Partidos!$M$2:$M$73,B13,Partidos!$I$2:$I$73,"<>") -> 0 | E13: =SUMPRODUCT((Partidos!$L$2:$L$73=B13)*(Partidos!$H$2:$H$73<>"")*(Partidos!$H$2:$H$73>Partidos!$I$2:$I$73))+SUMPRODUCT((Partidos!$M$2:$M$73=B13)*(Partidos!$I$2:$I$73<>"")*(Partidos!$I$2:$I$73>Partidos!$H$2:$H$73)) -> 0 | F13: =SUMPRODUCT((Partidos!$L$2:$L$73=B13)*(Partidos!$H$2:$H$73<>"")*(Partidos!$H$2:$H$73=Partidos!$I$2:$I$73))+SUMPRODUCT((Partidos!$M$2:$M$73=B13)*(Partidos!$I$2:$I$73<>"")*(Partidos!$I$2:$I$73=Partidos!$H$2:$H$73)) -> 0 | G13: =D13-E13-F13 -> 0 | H13: =SUMIFS(Partidos!$H$2:$H$73,Partidos!$L$2:$L$73,B13)+SUMIFS(Partidos!$I$2:$I$73,Partidos!$M$2:$M$73,B13) -> 0 | I13: =SUMIFS(Partidos!$I$2:$I$73,Partidos!$L$2:$L$73,B13)+SUMIFS(Partidos!$H$2:$H$73,Partidos!$M$2:$M$73,B13) -> 0 | J13: =H13-I13 -> 0 | K13: =E13*3+F13 -> 0 | L13: 0 | M13: =IF(COUNTIFS($A$2:$A$49,A13,$D$2:$D$49,">=1")<4,"",1+COUNTIFS($A$2:$A$49,A13,$K$2:$K$49,">"&K13)+COUNTIFS($A$2:$A$49,A13,$K$2:$K$49,K13,$L$2:$L$49,">"&L13)+COUNTIFS($A$2:$A$49,A13,$K$2:$K$49,K13,$L$2:$L$49,L13,$J$2:$J$49,">"&J13)+COUNTIFS($A$2:$A$49,A13,$K$2:$K$49,K13,$L$2:$L$49,L13,$J$2:$J$49,J13,$H$2:$H$49,">"&H13)+SUMPRODUCT(($A$2:$A$49=A13)*($K$2:$K$49=K13)*($L$2:$L$49=L13)*($J$2:$J$49=J13)*($H$2:$H$49=H13)*(ROW($A$2:$A$49)<ROW(A13)))) | N13: =IF(M13="","",IF(M13<=2,"Directo",IF(M13=3,"Posible mejor 3°",""))) | O13: =IF(M13="","",A13&M13) | P13: =C13 -> Escocia | Q13: =B13 -> SCO
... A49: L | B49: PAN | C49: Panamá | D49: =COUNTIFS(Partidos!$L$2:$L$73,B49,Partidos!$H$2:$H$73,"<>")+COUNTIFS(Partidos!$M$2:$M$73,B49,Partidos!$I$2:$I$73,"<>") -> 0 | E49: =SUMPRODUCT((Partidos!$L$2:$L$73=B49)*(Partidos!$H$2:$H$73<>"")*(Partidos!$H$2:$H$73>Partidos!$I$2:$I$73))+SUMPRODUCT((Partidos!$M$2:$M$73=B49)*(Partidos!$I$2:$I$73<>"")*(Partidos!$I$2:$I$73>Partidos!$H$2:$H$73)) -> 0 | F49: =SUMPRODUCT((Partidos!$L$2:$L$73=B49)*(Partidos!$H$2:$H$73<>"")*(Partidos!$H$2:$H$73=Partidos!$I$2:$I$73))+SUMPRODUCT((Partidos!$M$2:$M$73=B49)*(Partidos!$I$2:$I$73<>"")*(Partidos!$I$2:$I$73=Partidos!$H$2:$H$73)) -> 0 | G49: =D49-E49-F49 -> 0 | H49: =SUMIFS(Partidos!$H$2:$H$73,Partidos!$L$2:$L$73,B49)+SUMIFS(Partidos!$I$2:$I$73,Partidos!$M$2:$M$73,B49) -> 0 | I49: =SUMIFS(Partidos!$I$2:$I$73,Partidos!$L$2:$L$73,B49)+SUMIFS(Partidos!$H$2:$H$73,Partidos!$M$2:$M$73,B49) -> 0 | J49: =H49-I49 -> 0 | K49: =E49*3+F49 -> 0 | L49: 0 | M49: =IF(COUNTIFS($A$2:$A$49,A49,$D$2:$D$49,">=1")<4,"",1+COUNTIFS($A$2:$A$49,A49,$K$2:$K$49,">"&K49)+COUNTIFS($A$2:$A$49,A49,$K$2:$K$49,K49,$L$2:$L$49,">"&L49)+COUNTIFS($A$2:$A$49,A49,$K$2:$K$49,K49,$L$2:$L$49,L49,$J$2:$J$49,">"&J49)+COUNTIFS($A$2:$A$49,A49,$K$2:$K$49,K49,$L$2:$L$49,L49,$J$2:$J$49,J49,$H$2:$H$49,">"&H49)+SUMPRODUCT(($A$2:$A$49=A49)*($K$2:$K$49=K49)*($L$2:$L$49=L49)*($J$2:$J$49=J49)*($H$2:$H$49=H49)*(ROW($A$2:$A$49)<ROW(A49)))) | N49: =IF(M49="","",IF(M49<=2,"Directo",IF(M49=3,"Posible mejor 3°",""))) | O49: =IF(M49="","",A49&M49) | P49: =C49 -> Panamá | Q49: =B49 -> PAN

Sheet Mejores_Terceros
A1: Grupo | B1: Código | C1: Equipo | D1: PTS | E1: DG | F1: GF | G1: Desempate manual | H1: Ranking tercero | I1: Clasifica entre mejores 8
A2: A | B2: =IFERROR(INDEX(Clasificacion!$B$2:$B$49,SUMPRODUCT((Clasificacion!$A$2:$A$49=A2)*(Clasificacion!$M$2:$M$49=3)*(ROW(Clasificacion!$B$2:$B$49)-ROW(Clasificacion!$B$2)+1))),"") -> MEX | C2: =IF(B2="","",INDEX(Clasificacion!$C$2:$C$49,MATCH(B2,Clasificacion!$B$2:$B$49,0))) -> México | D2: =IF(B2="","",INDEX(Clasificacion!$K$2:$K$49,MATCH(B2,Clasificacion!$B$2:$B$49,0))) -> 0 | E2: =IF(B2="","",INDEX(Clasificacion!$J$2:$J$49,MATCH(B2,Clasificacion!$B$2:$B$49,0))) -> 0 | F2: =IF(B2="","",INDEX(Clasificacion!$H$2:$H$49,MATCH(B2,Clasificacion!$B$2:$B$49,0))) -> 0 | G2: =IF(B2="","",INDEX(Clasificacion!$L$2:$L$49,MATCH(B2,Clasificacion!$B$2:$B$49,0))) -> 0 | H2: =IF(B2="","",1+COUNTIFS($D$2:$D$13,">"&D2)+COUNTIFS($D$2:$D$13,D2,$G$2:$G$13,">"&G2)+COUNTIFS($D$2:$D$13,D2,$G$2:$G$13,G2,$E$2:$E$13,">"&E2)+COUNTIFS($D$2:$D$13,D2,$G$2:$G$13,G2,$E$2:$E$13,E2,$F$2:$F$13,">"&F2)+SUMPRODUCT(($D$2:$D$13=D2)*($G$2:$G$13=G2)*($E$2:$E$13=E2)*($F$2:$F$13=F2)*(ROW($A$2:$A$13)<ROW(A2)))) -> 1 | I2: =IF(H2="","",IF(H2<=8,"Sí","No")) -> Sí
A3: B | B3: =IFERROR(INDEX(Clasificacion!$B$2:$B$49,SUMPRODUCT((Clasificacion!$A$2:$A$49=A3)*(Clasificacion!$M$2:$M$49=3)*(ROW(Clasificacion!$B$2:$B$49)-ROW(Clasificacion!$B$2)+1))),"") -> RSA | C3: =IF(B3="","",INDEX(Clasificacion!$C$2:$C$49,MATCH(B3,Clasificacion!$B$2:$B$49,0))) -> Sudáfrica | D3: =IF(B3="","",INDEX(Clasificacion!$K$2:$K$49,MATCH(B3,Clasificacion!$B$2:$B$49,0))) -> 0 | E3: =IF(B3="","",INDEX(Clasificacion!$J$2:$J$49,MATCH(B3,Clasificacion!$B$2:$B$49,0))) -> 0 | F3: =IF(B3="","",INDEX(Clasificacion!$H$2:$H$49,MATCH(B3,Clasificacion!$B$2:$B$49,0))) -> 0 | G3: =IF(B3="","",INDEX(Clasificacion!$L$2:$L$49,MATCH(B3,Clasificacion!$B$2:$B$49,0))) -> 0 | H3: =IF(B3="","",1+COUNTIFS($D$2:$D$13,">"&D3)+COUNTIFS($D$2:$D$13,D3,$G$2:$G$13,">"&G3)+COUNTIFS($D$2:$D$13,D3,$G$2:$G$13,G3,$E$2:$E$13,">"&E3)+COUNTIFS($D$2:$D$13,D3,$G$2:$G$13,G3,$E$2:$E$13,E3,$F$2:$F$13,">"&F3)+SUMPRODUCT(($D$2:$D$13=D3)*($G$2:$G$13=G3)*($E$2:$E$13=E3)*($F$2:$F$13=F3)*(ROW($A$2:$A$13)<ROW(A3)))) -> 2 | I3: =IF(H3="","",IF(H3<=8,"Sí","No")) -> Sí
A4: C | B4: =IFERROR(INDEX(Clasificacion!$B$2:$B$49,SUMPRODUCT((Clasificacion!$A$2:$A$49=A4)*(Clasificacion!$M$2:$M$49=3)*(ROW(Clasificacion!$B$2:$B$49)-ROW(Clasificacion!$B$2)+1))),"") -> KOR | C4: =IF(B4="","",INDEX(Clasificacion!$C$2:$C$49,MATCH(B4,Clasificacion!$B$2:$B$49,0))) -> Corea República | D4: =IF(B4="","",INDEX(Clasificacion!$K$2:$K$49,MATCH(B4,Clasificacion!$B$2:$B$49,0))) -> 0 | E4: =IF(B4="","",INDEX(Clasificacion!$J$2:$J$49,MATCH(B4,Clasificacion!$B$2:$B$49,0))) -> 0 | F4: =IF(B4="","",INDEX(Clasificacion!$H$2:$H$49,MATCH(B4,Clasificacion!$B$2:$B$49,0))) -> 0 | G4: =IF(B4="","",INDEX(Clasificacion!$L$2:$L$49,MATCH(B4,Clasificacion!$B$2:$B$49,0))) -> 0 | H4: =IF(B4="","",1+COUNTIFS($D$2:$D$13,">"&D4)+COUNTIFS($D$2:$D$13,D4,$G$2:$G$13,">"&G4)+COUNTIFS($D$2:$D$13,D4,$G$2:$G$13,G4,$E$2:$E$13,">"&E4)+COUNTIFS($D$2:$D$13,D4,$G$2:$G$13,G4,$E$2:$E$13,E4,$F$2:$F$13,">"&F4)+SUMPRODUCT(($D$2:$D$13=D4)*($G$2:$G$13=G4)*($E$2:$E$13=E4)*($F$2:$F$13=F4)*(ROW($A$2:$A$13)<ROW(A4)))) -> 3 | I4: =IF(H4="","",IF(H4<=8,"Sí","No")) -> Sí
A5: D | B5: =IFERROR(INDEX(Clasificacion!$B$2:$B$49,SUMPRODUCT((Clasificacion!$A$2:$A$49=A5)*(Clasificacion!$M$2:$M$49=3)*(ROW(Clasificacion!$B$2:$B$49)-ROW(Clasificacion!$B$2)+1))),"") -> CZE | C5: =IF(B5="","",INDEX(Clasificacion!$C$2:$C$49,MATCH(B5,Clasificacion!$B$2:$B$49,0))) -> Chequia | D5: =IF(B5="","",INDEX(Clasificacion!$K$2:$K$49,MATCH(B5,Clasificacion!$B$2:$B$49,0))) -> 0 | E5: =IF(B5="","",INDEX(Clasificacion!$J$2:$J$49,MATCH(B5,Clasificacion!$B$2:$B$49,0))) -> 0 | F5: =IF(B5="","",INDEX(Clasificacion!$H$2:$H$49,MATCH(B5,Clasificacion!$B$2:$B$49,0))) -> 0 | G5: =IF(B5="","",INDEX(Clasificacion!$L$2:$L$49,MATCH(B5,Clasificacion!$B$2:$B$49,0))) -> 0 | H5: =IF(B5="","",1+COUNTIFS($D$2:$D$13,">"&D5)+COUNTIFS($D$2:$D$13,D5,$G$2:$G$13,">"&G5)+COUNTIFS($D$2:$D$13,D5,$G$2:$G$13,G5,$E$2:$E$13,">"&E5)+COUNTIFS($D$2:$D$13,D5,$G$2:$G$13,G5,$E$2:$E$13,E5,$F$2:$F$13,">"&F5)+SUMPRODUCT(($D$2:$D$13=D5)*($G$2:$G$13=G5)*($E$2:$E$13=E5)*($F$2:$F$13=F5)*(ROW($A$2:$A$13)<ROW(A5)))) -> 4 | I5: =IF(H5="","",IF(H5<=8,"Sí","No")) -> Sí
A6: E | B6: =IFERROR(INDEX(Clasificacion!$B$2:$B$49,SUMPRODUCT((Clasificacion!$A$2:$A$49=A6)*(Clasificacion!$M$2:$M$49=3)*(ROW(Clasificacion!$B$2:$B$49)-ROW(Clasificacion!$B$2)+1))),"") -> CAN | C6: =IF(B6="","",INDEX(Clasificacion!$C$2:$C$49,MATCH(B6,Clasificacion!$B$2:$B$49,0))) -> Canadá | D6: =IF(B6="","",INDEX(Clasificacion!$K$2:$K$49,MATCH(B6,Clasificacion!$B$2:$B$49,0))) -> 0 | E6: =IF(B6="","",INDEX(Clasificacion!$J$2:$J$49,MATCH(B6,Clasificacion!$B$2:$B$49,0))) -> 0 | F6: =IF(B6="","",INDEX(Clasificacion!$H$2:$H$49,MATCH(B6,Clasificacion!$B$2:$B$49,0))) -> 0 | G6: =IF(B6="","",INDEX(Clasificacion!$L$2:$L$49,MATCH(B6,Clasificacion!$B$2:$B$49,0))) -> 0 | H6: =IF(B6="","",1+COUNTIFS($D$2:$D$13,">"&D6)+COUNTIFS($D$2:$D$13,D6,$G$2:$G$13,">"&G6)+COUNTIFS($D$2:$D$13,D6,$G$2:$G$13,G6,$E$2:$E$13,">"&E6)+COUNTIFS($D$2:$D$13,D6,$G$2:$G$13,G6,$E$2:$E$13,E6,$F$2:$F$13,">"&F6)+SUMPRODUCT(($D$2:$D$13=D6)*($G$2:$G$13=G6)*($E$2:$E$13=E6)*($F$2:$F$13=F6)*(ROW($A$2:$A$13)<ROW(A6)))) -> 5 | I6: =IF(H6="","",IF(H6<=8,"Sí","No")) -> Sí
A7: F | B7: =IFERROR(INDEX(Clasificacion!$B$2:$B$49,SUMPRODUCT((Clasificacion!$A$2:$A$49=A7)*(Clasificacion!$M$2:$M$49=3)*(ROW(Clasificacion!$B$2:$B$49)-ROW(Clasificacion!$B$2)+1))),"") -> BIH | C7: =IF(B7="","",INDEX(Clasificacion!$C$2:$C$49,MATCH(B7,Clasificacion!$B$2:$B$49,0))) -> Bosnia y Herzegovina | D7: =IF(B7="","",INDEX(Clasificacion!$K$2:$K$49,MATCH(B7,Clasificacion!$B$2:$B$49,0))) -> 0 | E7: =IF(B7="","",INDEX(Clasificacion!$J$2:$J$49,MATCH(B7,Clasificacion!$B$2:$B$49,0))) -> 0 | F7: =IF(B7="","",INDEX(Clasificacion!$H$2:$H$49,MATCH(B7,Clasificacion!$B$2:$B$49,0))) -> 0 | G7: =IF(B7="","",INDEX(Clasificacion!$L$2:$L$49,MATCH(B7,Clasificacion!$B$2:$B$49,0))) -> 0 | H7: =IF(B7="","",1+COUNTIFS($D$2:$D$13,">"&D7)+COUNTIFS($D$2:$D$13,D7,$G$2:$G$13,">"&G7)+COUNTIFS($D$2:$D$13,D7,$G$2:$G$13,G7,$E$2:$E$13,">"&E7)+COUNTIFS($D$2:$D$13,D7,$G$2:$G$13,G7,$E$2:$E$13,E7,$F$2:$F$13,">"&F7)+SUMPRODUCT(($D$2:$D$13=D7)*($G$2:$G$13=G7)*($E$2:$E$13=E7)*($F$2:$F$13=F7)*(ROW($A$2:$A$13)<ROW(A7)))) -> 6 | I7: =IF(H7="","",IF(H7<=8,"Sí","No")) -> Sí
A8: G | B8: =IFERROR(INDEX(Clasificacion!$B$2:$B$49,SUMPRODUCT((Clasificacion!$A$2:$A$49=A8)*(Clasificacion!$M$2:$M$49=3)*(ROW(Clasificacion!$B$2:$B$49)-ROW(Clasificacion!$B$2)+1))),"") -> QAT | C8: =IF(B8="","",INDEX(Clasificacion!$C$2:$C$49,MATCH(B8,Clasificacion!$B$2:$B$49,0))) -> Qatar | D8: =IF(B8="","",INDEX(Clasificacion!$K$2:$K$49,MATCH(B8,Clasificacion!$B$2:$B$49,0))) -> 0 | E8: =IF(B8="","",INDEX(Clasificacion!$J$2:$J$49,MATCH(B8,Clasificacion!$B$2:$B$49,0))) -> 0 | F8: =IF(B8="","",INDEX(Clasificacion!$H$2:$H$49,MATCH(B8,Clasificacion!$B$2:$B$49,0))) -> 0 | G8: =IF(B8="","",INDEX(Clasificacion!$L$2:$L$49,MATCH(B8,Clasificacion!$B$2:$B$49,0))) -> 0 | H8: =IF(B8="","",1+COUNTIFS($D$2:$D$13,">"&D8)+COUNTIFS($D$2:$D$13,D8,$G$2:$G$13,">"&G8)+COUNTIFS($D$2:$D$13,D8,$G$2:$G$13,G8,$E$2:$E$13,">"&E8)+COUNTIFS($D$2:$D$13,D8,$G$2:$G$13,G8,$E$2:$E$13,E8,$F$2:$F$13,">"&F8)+SUMPRODUCT(($D$2:$D$13=D8)*($G$2:$G$13=G8)*($E$2:$E$13=E8)*($F$2:$F$13=F8)*(ROW($A$2:$A$13)<ROW(A8)))) -> 7 | I8: =IF(H8="","",IF(H8<=8,"Sí","No")) -> Sí
A9: H | B9: =IFERROR(INDEX(Clasificacion!$B$2:$B$49,SUMPRODUCT((Clasificacion!$A$2:$A$49=A9)*(Clasificacion!$M$2:$M$49=3)*(ROW(Clasificacion!$B$2:$B$49)-ROW(Clasificacion!$B$2)+1))),"") -> SUI | C9: =IF(B9="","",INDEX(Clasificacion!$C$2:$C$49,MATCH(B9,Clasificacion!$B$2:$B$49,0))) -> Suiza | D9: =IF(B9="","",INDEX(Clasificacion!$K$2:$K$49,MATCH(B9,Clasificacion!$B$2:$B$49,0))) -> 0 | E9: =IF(B9="","",INDEX(Clasificacion!$J$2:$J$49,MATCH(B9,Clasificacion!$B$2:$B$49,0))) -> 0 | F9: =IF(B9="","",INDEX(Clasificacion!$H$2:$H$49,MATCH(B9,Clasificacion!$B$2:$B$49,0))) -> 0 | G9: =IF(B9="","",INDEX(Clasificacion!$L$2:$L$49,MATCH(B9,Clasificacion!$B$2:$B$49,0))) -> 0 | H9: =IF(B9="","",1+COUNTIFS($D$2:$D$13,">"&D9)+COUNTIFS($D$2:$D$13,D9,$G$2:$G$13,">"&G9)+COUNTIFS($D$2:$D$13,D9,$G$2:$G$13,G9,$E$2:$E$13,">"&E9)+COUNTIFS($D$2:$D$13,D9,$G$2:$G$13,G9,$E$2:$E$13,E9,$F$2:$F$13,">"&F9)+SUMPRODUCT(($D$2:$D$13=D9)*($G$2:$G$13=G9)*($E$2:$E$13=E9)*($F$2:$F$13=F9)*(ROW($A$2:$A$13)<ROW(A9)))) -> 8 | I9: =IF(H9="","",IF(H9<=8,"Sí","No")) -> Sí
A10: I | B10: =IFERROR(INDEX(Clasificacion!$B$2:$B$49,SUMPRODUCT((Clasificacion!$A$2:$A$49=A10)*(Clasificacion!$M$2:$M$49=3)*(ROW(Clasificacion!$B$2:$B$49)-ROW(Clasificacion!$B$2)+1))),"") -> BRA | C10: =IF(B10="","",INDEX(Clasificacion!$C$2:$C$49,MATCH(B10,Clasificacion!$B$2:$B$49,0))) -> Brasil | D10: =IF(B10="","",INDEX(Clasificacion!$K$2:$K$49,MATCH(B10,Clasificacion!$B$2:$B$49,0))) -> 0 | E10: =IF(B10="","",INDEX(Clasificacion!$J$2:$J$49,MATCH(B10,Clasificacion!$B$2:$B$49,0))) -> 0 | F10: =IF(B10="","",INDEX(Clasificacion!$H$2:$H$49,MATCH(B10,Clasificacion!$B$2:$B$49,0))) -> 0 | G10: =IF(B10="","",INDEX(Clasificacion!$L$2:$L$49,MATCH(B10,Clasificacion!$B$2:$B$49,0))) -> 0 | H10: =IF(B10="","",1+COUNTIFS($D$2:$D$13,">"&D10)+COUNTIFS($D$2:$D$13,D10,$G$2:$G$13,">"&G10)+COUNTIFS($D$2:$D$13,D10,$G$2:$G$13,G10,$E$2:$E$13,">"&E10)+COUNTIFS($D$2:$D$13,D10,$G$2:$G$13,G10,$E$2:$E$13,E10,$F$2:$F$13,">"&F10)+SUMPRODUCT(($D$2:$D$13=D10)*($G$2:$G$13=G10)*($E$2:$E$13=E10)*($F$2:$F$13=F10)*(ROW($A$2:$A$13)<ROW(A10)))) -> 9 | I10: =IF(H10="","",IF(H10<=8,"Sí","No")) -> No
A11: J | B11: =IFERROR(INDEX(Clasificacion!$B$2:$B$49,SUMPRODUCT((Clasificacion!$A$2:$A$49=A11)*(Clasificacion!$M$2:$M$49=3)*(ROW(Clasificacion!$B$2:$B$49)-ROW(Clasificacion!$B$2)+1))),"") -> MAR | C11: =IF(B11="","",INDEX(Clasificacion!$C$2:$C$49,MATCH(B11,Clasificacion!$B$2:$B$49,0))) -> Marruecos | D11: =IF(B11="","",INDEX(Clasificacion!$K$2:$K$49,MATCH(B11,Clasificacion!$B$2:$B$49,0))) -> 0 | E11: =IF(B11="","",INDEX(Clasificacion!$J$2:$J$49,MATCH(B11,Clasificacion!$B$2:$B$49,0))) -> 0 | F11: =IF(B11="","",INDEX(Clasificacion!$H$2:$H$49,MATCH(B11,Clasificacion!$B$2:$B$49,0))) -> 0 | G11: =IF(B11="","",INDEX(Clasificacion!$L$2:$L$49,MATCH(B11,Clasificacion!$B$2:$B$49,0))) -> 0 | H11: =IF(B11="","",1+COUNTIFS($D$2:$D$13,">"&D11)+COUNTIFS($D$2:$D$13,D11,$G$2:$G$13,">"&G11)+COUNTIFS($D$2:$D$13,D11,$G$2:$G$13,G11,$E$2:$E$13,">"&E11)+COUNTIFS($D$2:$D$13,D11,$G$2:$G$13,G11,$E$2:$E$13,E11,$F$2:$F$13,">"&F11)+SUMPRODUCT(($D$2:$D$13=D11)*($G$2:$G$13=G11)*($E$2:$E$13=E11)*($F$2:$F$13=F11)*(ROW($A$2:$A$13)<ROW(A11)))) -> 10 | I11: =IF(H11="","",IF(H11<=8,"Sí","No")) -> No
A12: K | B12: =IFERROR(INDEX(Clasificacion!$B$2:$B$49,SUMPRODUCT((Clasificacion!$A$2:$A$49=A12)*(Clasificacion!$M$2:$M$49=3)*(ROW(Clasificacion!$B$2:$B$49)-ROW(Clasificacion!$B$2)+1))),"") -> HAI | C12: =IF(B12="","",INDEX(Clasificacion!$C$2:$C$49,MATCH(B12,Clasificacion!$B$2:$B$49,0))) -> Haití | D12: =IF(B12="","",INDEX(Clasificacion!$K$2:$K$49,MATCH(B12,Clasificacion!$B$2:$B$49,0))) -> 0 | E12: =IF(B12="","",INDEX(Clasificacion!$J$2:$J$49,MATCH(B12,Clasificacion!$B$2:$B$49,0))) -> 0 | F12: =IF(B12="","",INDEX(Clasificacion!$H$2:$H$49,MATCH(B12,Clasificacion!$B$2:$B$49,0))) -> 0 | G12: =IF(B12="","",INDEX(Clasificacion!$L$2:$L$49,MATCH(B12,Clasificacion!$B$2:$B$49,0))) -> 0 | H12: =IF(B12="","",1+COUNTIFS($D$2:$D$13,">"&D12)+COUNTIFS($D$2:$D$13,D12,$G$2:$G$13,">"&G12)+COUNTIFS($D$2:$D$13,D12,$G$2:$G$13,G12,$E$2:$E$13,">"&E12)+COUNTIFS($D$2:$D$13,D12,$G$2:$G$13,G12,$E$2:$E$13,E12,$F$2:$F$13,">"&F12)+SUMPRODUCT(($D$2:$D$13=D12)*($G$2:$G$13=G12)*($E$2:$E$13=E12)*($F$2:$F$13=F12)*(ROW($A$2:$A$13)<ROW(A12)))) -> 11 | I12: =IF(H12="","",IF(H12<=8,"Sí","No")) -> No
A13: L | B13: =IFERROR(INDEX(Clasificacion!$B$2:$B$49,SUMPRODUCT((Clasificacion!$A$2:$A$49=A13)*(Clasificacion!$M$2:$M$49=3)*(ROW(Clasificacion!$B$2:$B$49)-ROW(Clasificacion!$B$2)+1))),"") -> SCO | C13: =IF(B13="","",INDEX(Clasificacion!$C$2:$C$49,MATCH(B13,Clasificacion!$B$2:$B$49,0))) -> Escocia | D13: =IF(B13="","",INDEX(Clasificacion!$K$2:$K$49,MATCH(B13,Clasificacion!$B$2:$B$49,0))) -> 0 | E13: =IF(B13="","",INDEX(Clasificacion!$J$2:$J$49,MATCH(B13,Clasificacion!$B$2:$B$49,0))) -> 0 | F13: =IF(B13="","",INDEX(Clasificacion!$H$2:$H$49,MATCH(B13,Clasificacion!$B$2:$B$49,0))) -> 0 | G13: =IF(B13="","",INDEX(Clasificacion!$L$2:$L$49,MATCH(B13,Clasificacion!$B$2:$B$49,0))) -> 0 | H13: =IF(B13="","",1+COUNTIFS($D$2:$D$13,">"&D13)+COUNTIFS($D$2:$D$13,D13,$G$2:$G$13,">"&G13)+COUNTIFS($D$2:$D$13,D13,$G$2:$G$13,G13,$E$2:$E$13,">"&E13)+COUNTIFS($D$2:$D$13,D13,$G$2:$G$13,G13,$E$2:$E$13,E13,$F$2:$F$13,">"&F13)+SUMPRODUCT(($D$2:$D$13=D13)*($G$2:$G$13=G13)*($E$2:$E$13=E13)*($F$2:$F$13=F13)*(ROW($A$2:$A$13)<ROW(A13)))) -> 12 | I13: =IF(H13="","",IF(H13<=8,"Sí","No")) -> No

Sheet Llaves
